WKT,fid,sone,lokalitet,struktur_id,struktur_navn,funksjonskode,byverdi,bruksverdi,areal_m2,ET_1 (600–1100 evt.),ET_2 (1100–1200 evt.),ET_3 (1200–1300 evt.),ET_4 (1300–1400 evt.),ET_5 (1400–1500 evt.),ET_6 (1500–1537 evt.),utgravningsfase,utgravningsfase_fra (evt.),utgravningsfase_til (evt.),C14_samlet,C14_labid_1,C14_labid_2,C14_labid_3,C14_labid_4,utgravd_år,utgravd_av,utgravd_areal_m2,tbg_kode,niku_prosjektnummer,c_nr,kilde
"MULTIPOLYGON (((580040.199308244 6570774.63813585,580040.297742882 6570774.57780493,580039.040319763 6570772.96712847,580038.962165978 6570773.02814159,580040.199308244 6570774.63813585)))",2,NV,Anders Madsens Gate,L4,,14,Transport,Passasje,0.22,1,1,0,0,0,0,,993,1155,1075,FTMC-BE28-1,,,,"2023",NIKU,,,1022556,,"Haugesten, Lars. 2023. Forenklet rapport: Anders Madsens gate, vannlekkasje – hastesak. NIKU."
"MULTIPOLYGON (((580156.655343047 6570897.57105625,580156.09502365 6570898.19652906,580155.821379292 6570898.62654162,580155.287121263 6570899.61687358,580155.404397416 6570899.78627247,580155.717133824 6570899.73414972,580155.886532711 6570899.25201444,580156.446852109 6570898.41805068,580156.824741936 6570897.92288469,580156.889895353 6570897.64924034,580156.655343047 6570897.57105625)))",3,NØ,Anders Madsens Gate 1,SA24394,,32,Sivile konstruksjoner,Gjerde,0.97,1,0,0,0,0,0,"2",1100,1150,969,UBA-31480,,,,"2015",NIKU,,,1020517,C60179 ,NIKU Oppdragsrapport 1/2016
"MULTIPOLYGON (((580153.711836794 6570882.06873636,580151.034953396 6570876.36796616,580145.185467453 6570881.8704487,580149.10164872 6570886.13363337,580153.711836794 6570882.06873636)))",4,NØ,Anders Madsens Gate 1,"200505",Hus 3,31,Sivile konstruksjoner,Bygning,41.85,1,0,0,0,0,0,"2",1100,1150,1095,UBA-31471,,,,"2015",NIKU,,,1020517,C60179 ,NIKU Oppdragsrapport 1/2016
"MULTIPOLYGON (((580163.124748765 6570902.37077884,580162.594492972 6570900.84853659,580161.500053899 6570899.03587189,580158.216736682 6570901.12214636,580158.14833424 6570901.63516469,580157.772120807 6570902.04557934,580157.430108598 6570902.55859766,580156.882889061 6570902.83220741,580155.891053651 6570902.55859766,580155.412236557 6570902.04557934,580154.21519382 6570901.9771769,580153.257559631 6570903.20842085,580151.957913233 6570902.21658545,580153.599571842 6570899.68569509,580154.899218241 6570900.8485366,580154.557206032 6570901.53256102,580155.54904144 6570901.39575613,580156.985492724 6570900.71173172,580157.361706156 6570901.0195427,580157.772120807 6570900.95114027,580161.15804169 6570898.83066455,580161.089639247 6570898.38604869,580160.8502307 6570898.0782377,580159.242773312 6570898.04403648,580158.934962322 6570898.00983526,580159.276974533 6570897.83882915,580160.713425816 6570897.56521939,580160.063602616 6570896.26557299,580158.969163542 6570894.58971316,580157.703718365 6570891.71681058,580157.703718365 6570891.27219472,580157.430108598 6570891.03278616,580157.430108597 6570890.69077395,580156.917090282 6570890.17775563,580156.780285398 6570889.39112756,580153.394364517 6570891.61420693,580153.736376726 6570892.50343867,580153.599571842 6570893.18746308,580153.086553525 6570893.66628019,580152.265724221 6570894.14509728,580151.23968759 6570892.91385333,580150.931876603 6570891.81941424,580151.068681487 6570891.27219471,580151.342291254 6570891.16959105,580151.308090033 6570890.82757883,580150.829272939 6570890.82757883,580150.042644855 6570889.76734099,580149.734833867 6570889.66473733,580149.256016771 6570888.91231047,580149.016608224 6570888.60449948,580148.332583803 6570888.05727994,580148.22998014 6570887.74946894,580147.272345953 6570886.96284086,580147.580156941 6570888.6387007,580148.127376477 6570891.61420693,580148.400986246 6570893.08485943,580148.708797234 6570893.5294753,580150.521461949 6570894.69231682,580151.308090033 6570895.27373757,580151.821108348 6570895.75255467,580151.479096139 6570896.06036566,580150.692468054 6570895.64995101,580146.55412031 6570892.64024356,580146.348912984 6570893.15326187,580146.451516646 6570893.70048141,580146.075303216 6570894.07669484,580145.630687342 6570894.1792985,580145.049266586 6570895.06853024,580145.767492226 6570896.36817665,580145.083467805 6570897.56521939,580147.101339846 6570899.00167067,580147.648559383 6570899.78829874,580149.358620435 6570900.60912805,580149.803236308 6570901.29315248,580150.453059507 6570901.90877446,580151.376492475 6570902.83220741,580151.718504685 6570903.51623183,580151.992114454 6570904.23445749,580152.470931548 6570905.36309777,580154.899218241 6570907.65457959,580157.019693945 6570905.60250633,580159.550584301 6570904.16605504,580159.447980638 6570903.82404283,580159.618986743 6570903.34522574,580159.926797732 6570903.14001841,580160.303011163 6570903.24262208,580160.50821849 6570903.58463429,580163.17591373 6570902.45599398,580163.124748765 6570902.37077884)),((580151.821108348 6570890.95583342,580156.267267083 6570888.21973574,580155.788449988 6570887.39890643,580155.685846325 6570886.92008934,580155.309632893 6570886.74908323,580155.138626789 6570886.30446735,580154.625608473 6570886.03085759,580153.941584052 6570884.97061974,580153.120754747 6570884.01298555,580153.291760853 6570883.49996724,580153.633773064 6570882.67913792,580153.633773063 6570882.16611962,580153.291760853 6570881.8241074,580152.91554742 6570881.4820952,580152.915547421 6570880.83227199,580152.641937653 6570879.77203414,580149.050809444 6570882.50813183,580147.956370372 6570884.14979044,580147.990571592 6570884.97061974,580148.708797235 6570885.51783928,580149.392821655 6570886.13346126,580149.87163875 6570886.2018637,580151.171285149 6570887.5015101,580151.752705907 6570887.98032719,580152.402529106 6570888.08293086,580152.402529107 6570888.35654061,580152.128919338 6570888.56174795,580151.034480265 6570888.42494307,580150.384657066 6570888.9721626,580151.821108348 6570890.95583342)),((580140.688610904 6570890.71642487,580141.235830441 6570892.08447371,580141.817251198 6570892.59749203,580142.330269513 6570893.72613232,580142.774885385 6570894.13654698,580143.322104923 6570895.4703946,580144.382342775 6570894.37595551,580142.91169027 6570893.17891278,580142.603879282 6570892.56329081,580142.843287828 6570892.18707737,580143.493111027 6570892.46068715,580144.621751323 6570893.72613231,580145.339976963 6570893.72613232,580145.8871965 6570892.59749203,580146.366013594 6570889.58778458,580146.605422142 6570888.93796138,580146.742227026 6570887.84352231,580146.87903191 6570887.53571132,580146.195007489 6570886.714882,580145.100568417 6570886.2018637,580144.313940333 6570886.13346126,580144.279739112 6570886.27026614,580144.724354985 6570886.71488201,580144.245537891 6570887.26210154,580143.90352568 6570887.33050399,580143.390507365 6570887.22790033,580142.774885386 6570887.77511987,580142.398671955 6570888.39074184,580141.954056082 6570888.4933455,580141.646245092 6570889.14316871,580141.23583044 6570889.48518092,580140.688610904 6570890.71642487)),((580145.100568416 6570885.14162584,580144.89536109 6570885.55204049,580145.716190394 6570885.82565027,580146.22920871 6570885.89405271,580146.22920871 6570885.51783927,580145.818794058 6570885.31263195,580145.647787953 6570884.76541242,580145.476781848 6570884.76541242,580145.100568416 6570885.14162584)),((580145.989800163 6570883.94458311,580146.126605047 6570883.73937578,580145.476781848 6570882.91854648,580144.929562311 6570882.02931472,580144.621751323 6570882.3029245,580145.374178185 6570883.08955259,580145.989800163 6570883.94458311)),((580152.453830938 6570879.13931156,580152.111818727 6570878.7288969,580151.769806517 6570878.35268347,580151.735605296 6570877.87386638,580151.393593086 6570877.2582444,580151.154184538 6570876.74522608,580150.777971108 6570876.74522607,580150.641166223 6570877.05303706,580146.810629467 6570879.99434208,580146.981635573 6570880.26795185,580146.981635573 6570880.71256772,580146.639623363 6570880.91777505,580146.331812373 6570880.84937261,580146.22920871 6570880.50736039,580145.613586732 6570881.53339703,580146.160806268 6570882.01221412,580146.468617258 6570882.38842755,580146.91323313 6570882.42262878,580147.289446562 6570882.6278361,580147.494653888 6570882.28582389,580147.87086732 6570882.14901901,580148.418086856 6570882.32002511,580152.453830938 6570879.13931156)),((580134.446888066 6570874.26563756,580133.557656319 6570873.10279604,580132.634223351 6570873.78682046,580132.771028235 6570875.83889373,580133.181442888 6570876.24930837,580134.54949173 6570876.18090593,580135.91754057 6570875.94149739,580137.114583306 6570875.49688152,580137.867010169 6570875.15486931,580138.687839473 6570875.08646686,580139.508668778 6570874.71025343,580139.679674883 6570874.26563756,580139.371863894 6570873.58161314,580138.858845579 6570872.69238138,580138.790443136 6570872.24776551,580137.490796737 6570873.13699727,580135.951741791 6570874.40244244,580134.95990638 6570874.9838632,580134.446888066 6570875.12066809,580134.104875856 6570874.91546076,580134.070674635 6570874.53924733,580134.446888066 6570874.26563756)),((580140.397900525 6570873.41060703,580141.184528607 6570872.89758872,580141.834351808 6570872.76078382,580142.278967681 6570872.96599116,580147.409150836 6570869.71687516,580145.767492226 6570867.08338114,580144.87826048 6570867.93841167,580143.886425069 6570868.65663731,580144.673053153 6570870.29829592,580142.928790881 6570871.32433255,580141.971156692 6570869.7852776,580139.987485872 6570871.22172888,580139.679674884 6570872.31616795,580140.397900525 6570873.41060703)),((580144.467845827 6570866.70716771,580145.049266585 6570866.80977138,580145.596486121 6570866.43355794,580145.425480016 6570866.29675305,580145.459681237 6570865.71533229,580144.502047049 6570865.27071642,580144.467845827 6570866.70716771)),((580141.321333493 6570868.55403365,580140.876717619 6570868.45142997,580140.534705409 6570869.34066173,580139.987485873 6570870.1272898,580140.261095641 6570870.40089958,580141.013522504 6570869.68267393,580141.663345703 6570869.37486295,580141.321333493 6570868.55403365)),((580139.884882209 6570862.87663096,580141.218729829 6570864.4156859,580141.800150587 6570864.07367369,580142.176364018 6570864.17627735,580142.313168903 6570864.65509444,580142.107961577 6570865.23651521,580143.510211639 6570866.46775915,580143.510211638 6570865.98894207,580143.681217744 6570865.74953351,580143.578614081 6570863.52645415,580143.031394544 6570863.08183828,580142.620979892 6570862.29521019,580142.449973786 6570861.23497235,580139.884882209 6570862.87663096)),((580140.603107851 6570864.99710666,580139.029851684 6570863.45805171,580133.865467308 6570866.53616161,580134.378485625 6570867.15178358,580136.156949117 6570869.10125318,580136.25955278 6570870.19569226,580135.609729581 6570870.67450935,580134.173278298 6570871.46113744,580133.626058761 6570872.04255818,580134.446888066 6570872.96599116,580135.233516149 6570872.76078383,580136.293754001 6570873.27380215,580138.585235811 6570871.66634476,580138.722040694 6570871.084924,580139.166656568 6570870.64030813,580139.542869999 6570870.53770446,580140.671510292 6570867.93841167,580141.423937156 6570867.22018603,580142.005357913 6570866.91237504,580142.449973786 6570867.08338114,580142.655181113 6570867.39119212,580142.962992102 6570867.39119213,580143.407607976 6570867.97261288,580143.57861408 6570867.63060068,580143.476010417 6570867.0149787,580142.928790881 6570866.8439726,580141.56074204 6570865.61272863,580139.748077324 6570867.35699091,580139.132455348 6570867.76740555,580138.58523581 6570867.83580801,580138.106418716 6570867.45959457,580138.2432236 6570866.94657625,580138.893046799 6570866.57036283,580139.987485873 6570865.81793596,580140.603107851 6570864.99710666)),((580121.176814307 6570875.88164525,580123.570899779 6570878.13892584,580123.776107105 6570877.31809654,580123.741905884 6570876.01845014,580125.041552283 6570875.23182205,580125.520369377 6570875.3002245,580125.93078403 6570875.64223671,580126.204393797 6570875.53963304,580126.580607229 6570874.9924135,580127.196229208 6570874.88980984,580127.914454849 6570874.95821229,580127.709247523 6570874.0005781,580127.811851186 6570873.3507549,580128.085460953 6570872.63252926,580128.290668281 6570872.35891948,580127.333034092 6570871.43548652,580126.478003567 6570870.44365111,580125.349363272 6570871.33288286,580124.425930304 6570872.59832802,580122.921076579 6570874.03477932,580122.510661927 6570874.30838909,580122.134448495 6570874.61620008,580121.176814307 6570875.88164525)))",5,NØ,Anders Madsens Gate 1,SL1223,Dyrkningslag,52,Handel- og næringskonstruksjoner,Jordbruk,364.81,1,0,0,0,0,0,"1",900,1100,1104,Beta-418506,,,,"2015",NIKU,,,1020517,C60179 ,NIKU Oppdragsrapport 1/2016
"MULTIPOLYGON (((580130.760040253 6570868.41167383,580134.477933861 6570873.12100574,580137.700108322 6570870.84069766,580134.180502373 6570866.2800815,580130.760040253 6570868.41167383)))",6,NØ,Anders Madsens Gate 1,201037/SA15572,Hus 4 og Hus 6,31,Sivile konstruksjoner,Bygning,23.39,0,1,0,0,0,0,"2",1100,1150,1113,UBA-31474,,,,"2015",NIKU,,,1020517,C60179 ,NIKU Oppdragsrapport 1/2016
"MULTIPOLYGON (((580142.235559841 6570892.01545671,580144.324064045 6570889.80646188,580142.195396299 6570887.95893893,580140.227382722 6570890.00727958,580142.235559841 6570892.01545671)))",7,NØ,Anders Madsens Gate 1,"200505",Hus 2,31,Sivile konstruksjoner,Bygning,8.32,0,1,0,0,0,0,"2",1100,1150,1176,UBA-31477,,,,"2015",NIKU,,,1020517,C60179 ,NIKU Oppdragsrapport 1/2016
"MULTIPOLYGON (((580141.258925192 6570862.02808254,580137.345569469 6570865.60600777,580138.240050777 6570866.444584,580141.985691254 6570863.09027909,580141.258925192 6570862.02808254)))",8,NØ,Anders Madsens Gate 1,SA26060/26360,Hus 1,31,Sivile konstruksjoner,Bygning,6.45,1,0,0,0,0,0,"1",900,1100,,,,,,"2015",NIKU,,,1020517,C60179 ,NIKU Oppdragsrapport 1/2016
"MULTIPOLYGON (((580130.214749191 6570868.9569649,580133.089920248 6570872.32785511,580137.204389174 6570869.94840319,580134.279646202 6570866.23050959,580130.214749191 6570868.9569649)))",9,NØ,Anders Madsens Gate 1,"24066",Hus 6,31,Sivile konstruksjoner,Bygning,21.91,0,1,0,0,0,0,"3",1150,1250,,,,,,"2015",NIKU,,,1020517,C60179 ,NIKU Oppdragsrapport 1/2016
"MULTIPOLYGON (((580142.406740993 6570861.20994811,580140.228879803 6570863.17002319,580141.227066182 6570864.38599569,580141.789680322 6570864.09561419,580142.17080603 6570864.15006072,580142.315996776 6570864.62193065,580142.1163595 6570865.23899132,580143.531969273 6570866.45496382,580143.51382043 6570865.91049852,580143.695308862 6570865.72901009,580143.56826696 6570863.47855352,580142.406740993 6570861.20994811)))",10,NØ,Anders Madsens Gate 1,"23761",Hus 5,31,Sivile konstruksjoner,Bygning,8.53,0,1,0,0,0,0,"2",1100,1150,,,,,,"2015",NIKU,,,1020517,C60179 ,NIKU Oppdragsrapport 1/2016
"MULTIPOLYGON (((580142.518126748 6570861.79554006,580141.439577075 6570863.02816826,580142.055891174 6570863.5246435,580143.031721831 6570862.41185416,580142.518126748 6570861.79554006)))",11,NØ,Anders Madsens Gate 1,"18805",Hus 8,31,Sivile konstruksjoner,Bygning,1.23,0,1,1,1,0,0,"3",1150,1350,,,,,,"2015",NIKU,,,1020517,C60179 ,NIKU Oppdragsrapport 1/2016
"MULTIPOLYGON (((580146.130412162 6570868.59211497,580147.345920523 6570867.78748269,580145.394259211 6570864.92847005,580144.007552486 6570865.9898999,580146.130412162 6570868.59211497)))",12,NØ,Anders Madsens Gate 1,"8677",Hus 7,31,Sivile konstruksjoner,Bygning,5.46,0,1,1,1,0,0,"3",1150,1350,,,,,,"2015",NIKU,,,1020517,C60179 ,NIKU Oppdragsrapport 1/2016
"MULTIPOLYGON (((580128.815922432 6570852.52741859,580129.836793375 6570854.1582144,580133.442086636 6570858.15326909,580136.592658223 6570855.39245894,580132.734755142 6570849.83430008,580131.457250207 6570850.66295193,580130.904815639 6570851.14633218,580130.179745269 6570851.52613094,580129.50646564 6570852.14761984,580128.815922432 6570852.52741859)),((580128.574232308 6570852.25120132,580129.230248356 6570851.71603033,580129.644574282 6570851.47434021,580129.972582306 6570851.07727786,580130.404171812 6570850.36947108,580129.420147739 6570848.31510503,580129.264775517 6570848.0734149,580129.52372922 6570847.91804268,580129.782682924 6570848.21152355,580130.386908232 6570849.60987355,580130.525016873 6570850.04146304,580130.853024899 6570850.40399823,580131.301877984 6570850.04146305,580131.733467489 6570849.83430008,580132.372219957 6570849.33365626,580129.243436956 6570844.99595976,580125.150921016 6570848.00956354,580127.324495871 6570850.68190557,580127.555503826 6570850.59790268,580127.797012144 6570850.71340666,580128.185525523 6570851.04941822,580128.469035288 6570851.44843197,580128.55303818 6570851.67943992,580128.500536372 6570851.92094825,580128.406033116 6570852.00495114,580128.574232308 6570852.25120132)),((580135.664408084 6570860.89350725,580137.827482577 6570863.80210742,580141.261100826 6570861.62853255,580141.114095763 6570861.54452967,580140.977591061 6570861.37652388,580140.778084191 6570861.00901123,580140.778084191 6570860.53649495,580141.040593231 6570860.26348555,580141.345103719 6570860.08497939,580140.736082744 6570859.00344216,580139.434037904 6570858.95094034,580139.203029949 6570858.78293455,580138.846017654 6570858.44692299,580138.331499934 6570858.04790925,580138.17399451 6570858.11091142,580137.795981492 6570858.28941757,580137.417968474 6570858.64642986,580137.270963412 6570858.97194107,580137.176460158 6570859.27645156,580137.207961241 6570859.57046168,580137.270963411 6570859.84347109,580137.218461604 6570859.95897506,580136.924451478 6570860.15848193,580135.664408084 6570860.89350725)))",13,NØ,Anders Madsens Gate 3,SL6027,,52,Handel- og næringskonstruksjoner,Jordbruk,75.31,1,0,0,0,0,0,"2",878,1013,942,Beta-484364,,,,2017/2019,NIKU,92,,1021103,C61008,NIKU Oppdragsrapport 113/2018
"MULTIPOLYGON (((580128.815922432 6570852.52741859,580129.836793375 6570854.1582144,580133.442086636 6570858.15326909,580136.592658223 6570855.39245894,580132.734755142 6570849.83430008,580131.457250207 6570850.66295193,580130.904815639 6570851.14633218,580130.179745269 6570851.52613094,580129.50646564 6570852.14761984,580128.815922432 6570852.52741859)),((580128.574232308 6570852.25120132,580129.230248356 6570851.71603033,580129.644574282 6570851.47434021,580129.972582306 6570851.07727786,580130.404171812 6570850.36947108,580129.420147739 6570848.31510503,580129.264775517 6570848.0734149,580129.52372922 6570847.91804268,580129.782682924 6570848.21152355,580130.386908232 6570849.60987355,580130.525016873 6570850.04146304,580130.853024899 6570850.40399823,580131.301877984 6570850.04146305,580131.733467489 6570849.83430008,580132.372219957 6570849.33365626,580128.959921578 6570845.10027574,580125.150921016 6570848.00956354,580127.324495871 6570850.68190557,580127.555503826 6570850.59790268,580127.797012144 6570850.71340666,580128.185525523 6570851.04941822,580128.469035288 6570851.44843197,580128.55303818 6570851.67943992,580128.500536372 6570851.92094825,580128.406033116 6570852.00495114,580128.574232308 6570852.25120132)),((580135.664408084 6570860.89350725,580137.827482577 6570863.80210742,580141.261100826 6570861.62853255,580141.114095763 6570861.54452967,580140.977591061 6570861.37652388,580140.778084191 6570861.00901123,580140.778084191 6570860.53649495,580141.040593231 6570860.26348555,580141.345103719 6570860.08497939,580140.736082744 6570859.00344216,580139.434037904 6570858.95094034,580139.203029949 6570858.78293455,580138.846017654 6570858.44692299,580138.331499934 6570858.04790925,580138.17399451 6570858.11091142,580137.795981492 6570858.28941757,580137.417968474 6570858.64642986,580137.270963412 6570858.97194107,580137.176460158 6570859.27645156,580137.207961241 6570859.57046168,580137.270963411 6570859.84347109,580137.218461604 6570859.95897506,580136.924451478 6570860.15848193,580135.664408084 6570860.89350725)))",14,NØ,Anders Madsens Gate 3,SL6027,,52,Handel- og næringskonstruksjoner,Jordbruk,74.75,1,0,0,0,0,0,"1",878,1013,942,Beta-484364,,,,2017/2019,NIKU,92,,1021103,C61008,NIKU Oppdragsrapport 113/2018
"MULTIPOLYGON (((580132.734755142 6570849.83430008,580132.372219957 6570849.33365626,580131.733467489 6570849.83430008,580131.301877984 6570850.04146305,580130.853024899 6570850.40399823,580130.525016873 6570850.04146304,580130.386908232 6570849.60987355,580129.782682924 6570848.21152355,580129.52372922 6570847.91804268,580129.264775517 6570848.0734149,580129.420147739 6570848.31510503,580129.799946504 6570849.02291182,580130.404171812 6570850.36947108,580130.162481689 6570850.71474268,580129.972582306 6570851.07727786,580129.644574282 6570851.47434021,580129.230248356 6570851.71603033,580128.574232308 6570852.25120132,580128.815922432 6570852.52741859,580129.50646564 6570852.14761984,580130.179745269 6570851.52613094,580130.904815639 6570851.14633218,580131.457250207 6570850.66295193,580132.734755142 6570849.83430008)))",15,NØ,Anders Madsens Gate 3,SA7598,,36,Sivile konstruksjoner,Vannhåndtering,3.54,1,0,0,0,0,0,"2",895,1021,981,Beta-484369,,,,2017/2019,NIKU,92,,1021103,C61008,NIKU Oppdragsrapport 113/2018
"MULTIPOLYGON (((580141.599414187 6570860.40471126,580140.733726754 6570859.02606989,580139.434037904 6570858.95094034,580137.898524441 6570860.31863176,580138.120989738 6570860.52027458,580138.317886553 6570860.59680106,580138.471175468 6570860.94499946,580139.42307282 6570862.13931138,580141.599414187 6570860.40471126)))",16,NØ,Anders Madsens Gate 3,SA4356,,31,Sivile konstruksjoner,Bygning,6.68,1,1,0,0,0,0,"5",1070,1154,1092,Beta-484360,,,,2017/2019,NIKU,92,,1021103,C61008,NIKU Oppdragsrapport 113/2018
"MULTIPOLYGON (((580136.014230027 6570854.47801957,580132.984906631 6570857.0125936,580133.728932124 6570857.90182816,580136.659708072 6570855.34910159,580136.014230027 6570854.47801957)))",17,NØ,Anders Madsens Gate 3,SA3445,,14,Transport,Passasje,4.39,1,1,0,0,0,0,"5",1025,1160,1102,Beta-484358,,,,2017/2019,NIKU,92,,1021103,C61008,NIKU Oppdragsrapport 113/2018
"MULTIPOLYGON (((580128.477985613 6570851.943499,580130.435178865 6570853.90069226,580133.078249313 6570856.71928351,580135.938519867 6570854.37584761,580133.678976659 6570851.19465909,580132.08523057 6570848.9357786,580128.477985613 6570851.943499)))",18,NØ,Anders Madsens Gate 3,SA3648,,31,Sivile konstruksjoner,Bygning,27.66,1,1,0,0,0,0,"5",1033,1190,1126,Beta-484359,,,,2017/2019,NIKU,92,,1021103,C61008,NIKU Oppdragsrapport 113/2018
"MULTIPOLYGON (((580141.599414187 6570860.40471126,580140.736082744 6570859.00344216,580139.434037904 6570858.95094034,580138.331499934 6570858.04790925,580137.795981492 6570858.28941757,580137.417968474 6570858.64642986,580137.258112986 6570858.96853343,580137.176460158 6570859.27645156,580137.297920012 6570859.48557435,580137.449122747 6570859.62124484,580137.656948044 6570859.9378564,580137.665262462 6570860.10720281,580137.898524441 6570860.31863176,580138.120989738 6570860.52027458,580138.317886553 6570860.59680106,580138.471175468 6570860.94499946,580139.42307282 6570862.13931138,580141.599414187 6570860.40471126)))",19,NØ,Anders Madsens Gate 3,SA5266,,31,Sivile konstruksjoner,Bygning,9.49,1,1,0,0,0,0,"5",1033,1190,1126,Beta-484363,,,,2017/2019,NIKU,92,,1021103,C61008,NIKU Oppdragsrapport 113/2018
"MULTIPOLYGON (((580129.11895553 6570846.11779989,580128.080590261 6570847.4759711,580128.08063478 6570847.4759969,580129.067679725 6570848.04803496,580130.017983296 6570846.80513534,580129.11895553 6570846.11779989)),((580126.691727501 6570846.67098348,580125.248792489 6570847.93481001,580130.172055005 6570851.19289263,580131.25873055 6570849.31802753,580128.08063478 6570847.4759969,580128.08059026 6570847.4759711,580128.080590261 6570847.4759711,580126.691727501 6570846.67098348)))",20,NØ,Anders Madsens Gate 3,SA6077/SA5077,,14,Transport,Passasje,13.04,1,1,0,0,0,0,"4",1020,1155,1144,Beta-484365,Beta-484362,,,2017/2019,NIKU,92,,1021103,C61008,NIKU Oppdragsrapport 113/2018
"MULTIPOLYGON (((580141.633706234 6570860.45917401,580140.733528025 6570859.02950775,580140.279909451 6570858.98504807,580138.317886553 6570860.59680106,580138.466437345 6570860.94877588,580138.965322117 6570861.5844318,580139.4935322 6570862.22472134,580141.633706234 6570860.45917401)))",21,NØ,Anders Madsens Gate 3,SA2947,,31,Sivile konstruksjoner,Bygning,5.72,0,1,0,0,0,0,"5",1150,1256,1194,Beta-484357,,,,2017/2019,NIKU,92,,1021103,C61008,NIKU Oppdragsrapport 113/2018
"MULTIPOLYGON (((580126.506552191 6570847.06883453,580126.635278422 6570847.07802925,580126.828367767 6570847.25272914,580127.067430766 6570847.48259741,580127.186962266 6570847.68488149,580128.152436267 6570848.77279716,580128.489079866 6570849.26745714,580129.004350681 6570849.89952267,580129.828783984 6570850.58655042,580130.076113975 6570850.72395598,580130.137946473 6570850.69647486,580130.124205918 6570850.54532876,580129.718859543 6570850.28425821,580129.128015676 6570849.82394962,580128.97686957 6570849.63158185,580128.633355694 6570849.1575327,580128.461598755 6570848.79340799,580128.124955157 6570848.38119133,580127.330472343 6570847.60767788,580126.887647689 6570847.07080197,580126.67995117 6570846.93364389,580126.507523871 6570846.92188747,580126.327258968 6570846.98850711,580126.329595438 6570847.0700227,580126.377825961 6570847.11480818,580126.506552191 6570847.06883453)),((580131.375096898 6570851.87273134,580131.327263327 6570851.76909194,580130.992428338 6570851.65748028,580130.832983106 6570851.6734248,580130.777177274 6570851.76909194,580130.912705722 6570851.83287004,580131.303346542 6570851.92853718,580131.375096898 6570851.87273134)))",22,NØ,Anders Madsens Gate 3,SA7304,,32,Sivile konstruksjoner,Gjerde,1.05,0,1,0,0,0,0,"3",1150,1256,1194,Beta-484366,,,,2017/2019,NIKU,92,,1021103,C61008,NIKU Oppdragsrapport 113/2018
"MULTIPOLYGON (((580131.412457744 6570855.90422085,580133.442086636 6570858.15326909,580136.590054668 6570855.39425893,580135.154169939 6570853.31735596,580131.412457744 6570855.90422085)))",23,NØ,Anders Madsens Gate 3,SA4926,,31,Sivile konstruksjoner,Bygning,12.09,0,1,0,0,0,0,"4",1150,1256,1194,Beta-484361,,,,2017/2019,NIKU,92,,1021103,C61008,NIKU Oppdragsrapport 113/2018
"MULTIPOLYGON (((580125.248792489 6570847.93481001,580128.192429255 6570851.74365844,580132.08523057 6570848.9357786,580129.243436956 6570844.99595976,580126.148959221 6570847.09687999,580125.25130321 6570847.93247286,580125.248792489 6570847.93481001)))",24,NØ,Anders Madsens Gate 3,SA1750,,31,Sivile konstruksjoner,Bygning,23.96,0,0,1,0,0,0,"6",1164,1265,1234,Beta-484355,,,,2017/2019,NIKU,92,,1021103,C61008,NIKU Oppdragsrapport 113/2018
"MULTIPOLYGON (((580129.226321703 6570844.98955678,580126.17434146 6570847.12414748,580128.259777052 6570849.61661409,580131.300123738 6570847.6340655,580129.226321703 6570844.98955678)))",25,NØ,Anders Madsens Gate 3,SA2137,,31,Sivile konstruksjoner,Bygning,12.11,0,0,1,0,0,0,"6",1184,1275,1244,Beta-484356,,,,2017/2019,NIKU,92,,1021103,C61008,NIKU Oppdragsrapport 113/2018
"MULTIPOLYGON (((580132.734755142 6570849.83430008,580132.372219957 6570849.33365626,580131.733467489 6570849.83430008,580131.301877984 6570850.04146305,580130.853024899 6570850.40399823,580130.525016873 6570850.04146304,580130.386908232 6570849.60987355,580129.782682924 6570848.21152355,580129.52372922 6570847.91804268,580129.264775517 6570848.0734149,580129.420147739 6570848.31510503,580129.799946504 6570849.02291182,580130.404171812 6570850.36947108,580130.162481689 6570850.71474268,580129.972582306 6570851.07727786,580129.644574282 6570851.47434021,580129.230248356 6570851.71603033,580128.574232308 6570852.25120132,580128.815922432 6570852.52741859,580129.50646564 6570852.14761984,580130.179745269 6570851.52613094,580130.904815639 6570851.14633218,580131.457250207 6570850.66295193,580132.734755142 6570849.83430008)))",26,NØ,Anders Madsens Gate 3,SA7598,,36,Sivile konstruksjoner,Vannhåndtering,3.54,1,0,0,0,0,0,"1",895,1021,,,,,,2017/2019,NIKU,92,,1021103,C61008,NIKU Oppdragsrapport 113/2018
"MULTIPOLYGON (((580127.362075598 6570846.31104768,580130.406224301 6570850.51150093,580132.931215862 6570853.27247302,580135.668589889 6570856.1750334,580136.659708072 6570855.34910159,580134.22910872 6570852.06897237,580131.845705471 6570848.60005873,580129.226321703 6570844.98955678,580127.362075598 6570846.31104768)))",27,NØ,Anders Madsens Gate 3,SA6952,,14,Transport,Passasje,25.29,1,1,0,0,0,0,"3",1020,1155,1088,Beta-484367,,,,2017/2019,NIKU,92,,1021103,C61008,NIKU Oppdragsrapport 113/2018
"MULTIPOLYGON (((580139.290994418 6570862.87566414,580139.723176766 6570862.60208081,580139.4935322 6570862.22472134,580138.924498234 6570861.61810967,580138.436354589 6570860.90481794,580138.317886553 6570860.59680106,580138.124629735 6570860.51090914,580137.65857468 6570860.1145812,580137.684433649 6570859.93650693,580137.449122747 6570859.62124484,580137.297920012 6570859.48557435,580137.218928796 6570859.5736089,580137.142710077 6570859.83921959,580137.106460358 6570859.96554436,580136.965088825 6570860.04387182,580136.766463761 6570860.15392086,580137.029507765 6570860.44380607,580137.217396339 6570860.49212028,580137.550227525 6570860.87326568,580137.613962044 6570861.10017496,580137.764957323 6570861.29735703,580138.221258145 6570861.89323221,580138.870815784 6570862.31732357,580139.290994418 6570862.87566414)))",28,NØ,Anders Madsens Gate 3,SK4859,,33,Sivile konstruksjoner,Grøft,2.57,0,1,1,0,0,0,"5",1100,1250,,,,,,2017/2019,NIKU,92,,1021103,C61008,NIKU Oppdragsrapport 113/2018
"MULTIPOLYGON (((580137.835501106 6570863.81363545,580134.447376793 6570866.34795244,580136.237688583 6570868.54252817,580143.485563724 6570863.11384082,580141.666375939 6570860.94814108,580141.274702702 6570861.24111266,580140.157712722 6570859.69983168,580136.661177993 6570862.23382407,580137.835501106 6570863.81363545)))",29,NØ,Anders Madsens Gate 3 og Anders Madsens Gate 1,"SA1194,SA10888/SA1194, 12817 og 14379, 13388, 13749, 14718, 17079",,31,Sivile konstruksjoner,Bygning,33.9,0,0,1,0,0,0,"6",1190,1278,1209,Beta-484353,UBA-31473,,,2017/2019,NIKU,92,,1021103,C61008,"NIKU Oppdragsrapport 113/2018, NIKU Oppdragsrapport 1/2016"
"MULTIPOLYGON (((580295.650191866 6570849.59456029,580292.733609983 6570851.70098053,580292.798422914 6570853.49953936,580294.742810835 6570854.34210746,580295.212704583 6570855.6545693,580295.439549841 6570855.81660164,580296.330727637 6570855.78419516,580297.594579788 6570854.69857857,580299.295919218 6570852.41392276,580299.036667495 6570852.00884196,580298.550570515 6570851.733387,580297.367734528 6570853.07825532,580296.330727638 6570851.37691588,580296.330727638 6570851.26349325,580296.687198757 6570850.58295747,580295.650191866 6570849.59456029)))",30,SØ,Baglergaten 1,,,52,Handel- og næringskonstruksjoner,Jordbruk,21.01,1,0,0,0,0,0,"1",700,1050,,,,,,"1980",Riksantikvaren,,,,C35970,"Brendalsmo, Jan. 1986. Innberetning over de arkeologiske utgravingene i kvartalet Øvre Langgate/Torvgaten/Fayes Gate/Kammegaten, Tønsberg, 1976–1982. Riksantikvaren."
"MULTIPOLYGON (((580294.7626512 6570854.1964529,580294.742810835 6570854.34210746,580295.025389385 6570855.13137858,580295.763368325 6570854.48531969,580294.7626512 6570854.1964529)))",31,SØ,Baglergaten 1,,,35,Sivile konstruksjoner,Brønn,0.46,0,0,1,0,0,0,"2",1250,1300,,,,,,"1980",Riksantikvaren,,,,C35970,"Brendalsmo, Jan. 1986. Innberetning over de arkeologiske utgravingene i kvartalet Øvre Langgate/Torvgaten/Fayes Gate/Kammegaten, Tønsberg, 1976–1982. Riksantikvaren."
"MULTIPOLYGON (((580197.754 6570879.647,580197.594 6570879.698,580197.474 6570879.764,580197.354 6570879.81500001,580197.257 6570879.915,580197.2557 6570879.9709,580197.241499999 6570880.085,580197.053 6570880.167,580196.722 6570880.416,580196.407000001 6570880.649,580196.534 6570880.717,580196.781000001 6570880.62399999,580197.087 6570880.495,580197.378 6570880.385,580197.655000001 6570880.26599999,580197.9309 6570880.1032,580197.933999999 6570880.103,580197.934 6570880.1014,580197.938 6570880.099,580197.933999999 6570880.0987,580197.934499999 6570880.0295,580198.0 6570879.96599999,580197.916 6570879.83499999,580197.803 6570879.669,580197.754 6570879.647)),((580198.5625 6570879.9995,580198.7588 6570879.9799,580199.017900001 6570880.0584,580199.2678 6570880.36189999,580199.5622 6570880.6982,580199.588300001 6570880.73089999,580199.8866 6570881.2399,580200.1117 6570881.6259,580200.5409 6570882.2003,580200.7999 6570882.5509,580201.2605 6570883.2863,580201.515600001 6570883.6945,580202.117500001 6570884.5188,580202.319 6570884.7909,580202.837100001 6570884.5162,580203.0714 6570884.38009999,580203.253200001 6570884.27539999,580202.955999999 6570883.82,580202.97 6570883.584,580202.846999999 6570883.452,580202.747 6570883.243,580202.618000001 6570883.13099999,580202.409 6570882.872,580202.131000001 6570882.52,580201.645 6570881.921,580201.044 6570881.332,580200.668 6570880.94699999,580200.315 6570880.502,580199.850000001 6570879.965,580199.428 6570879.586,580199.181 6570879.412,580199.0 6570879.293,580198.763 6570879.238,580198.672 6570879.193,580198.606 6570879.38799999,580198.562 6570879.64,580198.562 6570879.91799999,580198.5625 6570879.9995)),((580204.0415 6570883.801,580204.3321 6570883.6254,580204.5972 6570883.4627,580204.568100001 6570883.3627,580204.483199999 6570883.2081,580204.3577 6570882.9849,580204.1066 6570882.549,580203.936000001 6570882.2522,580203.712599999 6570881.9994,580203.6815 6570881.7502,580203.3855 6570881.4787,580203.3232 6570881.1494,580202.9895 6570880.4196,580202.6446 6570879.9033,580202.4999 6570879.5718,580202.382 6570879.3048,580202.243999999 6570879.0333,580202.0126 6570878.5838,580201.868 6570878.0654,580201.6744 6570877.71379999,580201.5075 6570877.3867,580201.3851 6570877.1442,580201.2917 6570876.95279999,580201.1259 6570876.62569999,580200.8878 6570876.16509999,580200.672 6570875.7624,580200.4495 6570875.2194,580200.313700001 6570874.89459999,580200.124600001 6570874.47399999,580199.9533 6570874.2982,580199.723 6570873.684,580199.646999999 6570873.258,580199.482 6570872.879,580199.281 6570872.46899999,580199.09 6570872.474,580198.911 6570872.527,580198.837799999 6570872.2921,580198.5069 6570872.4536,580198.409 6570872.3157,580198.004100001 6570872.48029999,580197.5969 6570872.6138,580197.2253 6570872.9921,580196.8915 6570873.0945,580196.477600001 6570873.32359999,580195.8791 6570873.653,580194.9267 6570874.2515,580194.7042 6570874.3917,580194.1479 6570874.8901,580193.642799999 6570875.2484,580194.1012 6570876.1696,580194.4683 6570876.9395,580194.944500001 6570877.84509999,580195.3806 6570878.6884,580196.0237 6570878.3858,580196.8826 6570878.0965,580197.2809 6570877.99639999,580197.786 6570877.9185,580198.0241 6570877.8785,580198.3089 6570877.8607,580198.4958 6570878.012,580198.958 6570878.204,580199.539 6570878.624,580199.44 6570878.854,580199.374 6570879.019,580199.802 6570879.336,580200.302 6570879.936,580200.751 6570880.425,580201.196 6570880.825,580201.361 6570880.874,580201.61 6570881.33,580202.01 6570881.77599999,580202.097 6570881.682,580201.993 6570881.364,580201.741 6570880.868,580201.522 6570880.443,580201.819 6570880.232,580202.095 6570880.099,580202.28 6570880.222,580202.655999999 6570880.966,580203.082 6570881.981,580203.578000001 6570882.838,580203.906300001 6570883.38569999,580203.9938 6570883.70449999,580204.0415 6570883.801)))",32,NØ,Baglergaten 2,SL6137,,52,Handel- og næringskonstruksjoner,Jordbruk,46.67,1,1,0,0,0,0,"1",900,1150,1102,Beta-484350,,,,"2016",NIKU,105,,1020879,C60765,NIKU Oppdragsrapport 59/2017
"MULTIPOLYGON (((580194.825 6570876.788,580194.866000001 6570876.83299999,580194.977 6570876.794,580195.119 6570876.69399999,580195.275 6570876.56599999,580195.434000001 6570876.449,580195.540999999 6570876.381,580195.643 6570876.24799999,580195.771 6570876.159,580195.909 6570876.046,580196.063 6570875.887,580196.19 6570875.742,580196.381 6570875.638,580196.494 6570875.487,580196.44 6570875.362,580196.588999999 6570875.318,580196.741 6570875.169,580196.944000001 6570874.889,580197.096 6570874.68,580197.308999999 6570874.461,580197.466 6570874.253,580197.883 6570873.87299999,580198.309 6570873.51,580198.544999999 6570873.258,580198.799 6570872.967,580198.801 6570872.82099999,580198.702 6570872.73199999,580198.533000001 6570872.97199999,580198.309 6570873.205,580197.982000001 6570873.49599999,580197.78 6570873.715,580197.379 6570874.134,580196.963999999 6570874.577,580196.764 6570874.853,580196.502 6570875.123,580196.363 6570875.188,580196.267 6570875.302,580196.320999999 6570875.372,580196.098 6570875.64899999,580195.757 6570875.91399999,580195.681 6570876.068,580195.531000001 6570876.143,580195.268 6570876.375,580195.106 6570876.49299999,580194.909 6570876.598,580194.760999999 6570876.716,580194.825 6570876.788)),((580195.582 6570878.708,580195.764 6570878.471,580195.845 6570878.336,580195.94 6570878.259,580196.072000001 6570878.057,580196.461 6570877.676,580196.734999999 6570877.335,580196.929 6570877.091,580197.261999999 6570876.819,580197.549 6570876.525,580197.979 6570876.226,580198.363 6570875.89099999,580198.556 6570875.62499999,580198.941000001 6570875.28799999,580199.162 6570875.124,580199.373 6570874.985,580199.535000001 6570874.83599999,580199.692000001 6570874.62199999,580199.838000001 6570874.427,580199.912000001 6570874.29,580199.858 6570874.186,580199.741 6570874.256,580199.479 6570874.503,580199.265 6570874.646,580198.988000001 6570874.86399999,580198.762 6570875.074,580198.619 6570875.29,580198.415 6570875.557,580198.182 6570875.801,580197.948 6570875.95499999,580197.316 6570876.474,580197.05 6570876.721,580196.804000001 6570876.97999999,580196.511 6570877.199,580196.373 6570877.353,580196.214 6570877.43099999,580196.09 6570877.624,580195.959 6570877.89799999,580195.834 6570878.153,580195.722000001 6570878.29999999,580195.614 6570878.466,580195.507 6570878.618,580195.582 6570878.708)))",33,NØ,Baglergaten 2,10006/10008,,33,Sivile konstruksjoner,Grøft,2.4,1,1,0,0,0,0,"1",900,1150,1104,Beta-484351,,,,"2016",NIKU,105,,1020879,C60765,NIKU Oppdragsrapport 59/2017
"MULTIPOLYGON (((580195.662 6570877.03699999,580195.66 6570876.994,580195.635999999 6570876.973,580195.615 6570877.00299999,580195.610000001 6570877.03,580195.639 6570877.055,580195.662 6570877.03699999)),((580195.865 6570876.706,580195.9 6570876.726,580195.946 6570876.701,580195.947000001 6570876.63899999,580195.907 6570876.64399999,580195.858 6570876.674,580195.865 6570876.706)),((580195.931 6570876.55,580195.975 6570876.53499999,580195.93 6570876.478,580195.896000001 6570876.49799999,580195.931 6570876.55)),((580196.349 6570876.06,580196.319 6570876.102,580196.335000001 6570876.12899999,580196.377 6570876.122,580196.349 6570876.06)),((580196.786 6570875.717,580196.797 6570875.68499999,580196.748999999 6570875.649,580196.73 6570875.697,580196.786 6570875.717)),((580196.859 6570875.683,580196.901999999 6570875.697,580196.921 6570875.643,580196.89 6570875.61,580196.846 6570875.627,580196.859 6570875.683)))",34,NØ,Baglergaten 2,SA5961,,32,Sivile konstruksjoner,Gjerde,0.02,0,1,0,0,0,0,"3",1100,1150,1178,Beta-484349,,,,"2016",NIKU,105,,1020879,C60765,NIKU Oppdragsrapport 59/2017
"MULTIPOLYGON (((580197.368 6570880.1308,580197.3803 6570880.118,580197.603 6570880.0953,580197.8163 6570880.0756,580197.788 6570879.945,580197.72 6570879.757,580197.521 6570879.79,580197.361 6570879.862,580197.254999999 6570879.968,580197.239 6570880.101,580197.368 6570880.1308)),((580199.367 6570879.6488,580199.2412 6570879.572,580199.028199999 6570879.443,580198.958300001 6570879.4193,580198.894000001 6570879.47699999,580198.904 6570879.558,580198.935 6570879.71,580198.993 6570879.783,580198.999000001 6570879.91699999,580198.9918 6570880.0499,580199.180000001 6570880.006,580199.329999999 6570879.958,580199.484 6570879.898,580199.5613 6570879.8195,580199.367 6570879.6488)),((580202.736 6570884.5658,580203.0699 6570884.3818,580202.9598 6570884.2209,580202.5427 6570883.666,580202.2772 6570883.31429999,580202.1173 6570883.0166,580201.9042 6570882.6222,580201.6982 6570882.2212,580201.647 6570882.1591,580201.6124 6570882.0451,580201.5474 6570881.9645,580201.4551 6570881.9087,580201.2829 6570881.7143,580201.108800001 6570881.53429999,580200.9736 6570881.405,580200.7371 6570881.2479,580200.694 6570881.23959999,580200.550900001 6570881.24289999,580200.5401 6570881.168,580200.4633 6570881.0664,580200.4426 6570880.9807,580200.375600001 6570880.83979999,580200.439 6570880.8048,580200.2061 6570880.5859,580199.997 6570880.558,580199.877 6570880.602,580199.746 6570880.655,580199.5559 6570880.6912,580199.5818 6570880.7258,580199.870199999 6570881.2098,580200.116599999 6570881.6257,580200.2417 6570881.7936,580200.5636 6570882.2314,580200.7897 6570882.53419999,580201.0153 6570882.8953,580201.3931 6570883.4941,580201.524 6570883.70579999,580201.871899999 6570884.1828,580202.1274 6570884.5382,580202.3172 6570884.7954,580202.736 6570884.5658)),((580202.654700001 6570879.90899999,580202.5151 6570879.5968,580202.3702 6570879.2741,580202.0123 6570878.5867,580201.8614 6570878.0644,580201.664100001 6570877.6907,580201.5035 6570877.3837,580201.352 6570877.072,580201.126 6570876.6138,580200.6802 6570875.7747,580200.6217 6570875.6412,580200.5174 6570875.3755,580200.2555 6570874.7489,580200.1249 6570874.4644,580199.953800001 6570874.29329999,580199.860699999 6570874.3444,580199.8727 6570874.4915,580199.7902 6570874.5485,580199.4292 6570874.562,580199.2191 6570874.5688,580199.1418 6570874.0645,580198.6935 6570873.1516,580198.7816 6570873.1446,580198.6363 6570872.7531,580198.554 6570872.578,580198.489 6570872.432,580198.416 6570872.319,580198.118 6570872.437,580197.852 6570872.54,580197.609 6570872.613,580197.476 6570872.735,580197.36 6570872.853,580197.2281 6570872.99439999,580197.1153 6570873.0256,580196.888600001 6570873.0966,580196.512400001 6570873.30129999,580195.8702 6570873.6598,580195.2011 6570874.0801,580194.6926 6570874.4012,580194.4272 6570874.6352,580194.1154 6570874.9146,580193.6497 6570875.2437,580194.026 6570876.019,580194.339 6570876.67869999,580194.538199999 6570877.1089,580194.79 6570877.5635,580195.1477 6570878.23819999,580195.3836 6570878.6895,580196.03 6570878.3818,580196.4911 6570878.2346,580196.856400001 6570878.1043,580197.2785 6570877.9943,580197.585299999 6570877.9571,580198.0065 6570877.8799,580198.304399999 6570877.8622,580198.497699999 6570878.0138,580199.1268 6570878.1182,580199.3829 6570878.2454,580199.6351 6570878.4146,580200.0969 6570878.857,580200.4268 6570879.1558,580200.7977 6570879.5485,580201.1338 6570879.8427,580201.2603 6570880.0444,580201.4179 6570880.2928,580201.4357 6570880.3122,580201.6833 6570880.1453,580201.8407 6570880.0668,580202.018400001 6570879.984,580202.1683 6570879.9915,580202.3264 6570880.08299999,580202.405999999 6570880.298,580202.4097 6570880.4231,580202.401 6570880.5119,580202.4228 6570880.6112,580202.3925 6570880.6726,580202.3921 6570880.72509999,580202.465699999 6570880.7736,580202.5146 6570880.8319,580202.6339 6570880.8745,580202.696100001 6570880.9641,580202.7622 6570881.07169999,580202.7481 6570881.1635,580202.7513 6570881.23269999,580202.8055 6570881.3351,580202.8226 6570881.4579,580202.8124 6570881.549,580203.0092 6570881.9167,580203.277 6570882.2366,580203.5593 6570882.62669999,580203.692599999 6570882.811,580203.846500001 6570883.16479999,580203.9229 6570883.4383,580204.0964 6570883.2991,580204.2934 6570883.17169999,580204.4297 6570883.1403,580204.2581 6570882.87859999,580204.0631 6570882.5473,580203.969 6570882.3062,580203.7181 6570881.9975,580203.682 6570881.7521,580203.3856 6570881.476,580203.316599999 6570881.124,580202.9909 6570880.4208,580202.654700001 6570879.90899999)))",35,NØ,Baglergaten 2,SL5004,Avfallslag kamproduksjon,54,Handel- og næringskonstruksjoner,Produksjon,39.9,0,0,1,0,0,0,"6",1150,1350,1263,Beta-484348,,,,"2016",NIKU,105,,1020879,C60765,NIKU Oppdragsrapport 59/2017
"MULTIPOLYGON (((580198.3342 6570873.4855,580198.1661 6570873.2953,580198.111 6570873.3697,580198.4941 6570873.7363,580198.5161 6570873.6812,580198.3342 6570873.4855)),((580197.3199 6570874.0505,580197.6121 6570874.3592,580197.656200001 6570874.34269999,580197.342 6570874.01189999,580197.3199 6570874.0505)),((580196.7825 6570874.8884,580196.664 6570874.8443,580196.6281 6570874.9105,580196.7384 6570874.9821,580196.859700001 6570875.018,580196.9396 6570874.94629999,580196.7825 6570874.8884)),((580195.1315 6570875.91919999,580195.1866 6570875.90269999,580195.046100001 6570875.75109999,580195.002000001 6570875.7649,580195.1315 6570875.91919999)),((580194.7622 6570876.1535,580194.583000001 6570875.9606,580194.4424 6570875.87239999,580194.3956 6570875.922,580194.5196 6570876.0157,580194.696 6570876.2031,580194.7622 6570876.1535)),((580199.2548 6570876.32989999,580199.216200001 6570876.58349999,580199.2714 6570876.5945,580199.3017 6570876.4843,580199.340300001 6570876.24449999,580199.3017 6570876.2114,580199.2548 6570876.32989999)),((580195.812300001 6570876.47879999,580195.7792 6570876.53659999,580196.2119 6570876.8784,580196.2753 6570876.8316,580195.812300001 6570876.47879999)),((580194.8862 6570876.8426,580194.9165 6570876.8233,580194.6051 6570876.5366,580194.5858 6570876.5642,580194.8862 6570876.8426)),((580194.9055 6570877.0328,580195.0598 6570877.1182,580195.0929 6570877.0631,580194.919299999 6570876.9418,580194.806300001 6570876.87569999,580194.7401 6570876.8977,580194.9055 6570877.0328)),((580197.6755 6570877.358,580197.397100001 6570877.10989999,580197.3447 6570877.1347,580197.4219 6570877.1981,580197.6424 6570877.38829999,580197.6755 6570877.358)),((580197.0994 6570877.5096,580197.0884 6570877.56469999,580197.2731 6570877.7356,580197.3392 6570877.6943,580197.267600001 6570877.64189999,580197.0994 6570877.5096)),((580196.787999999 6570878.0719,580196.3112 6570877.7549,580196.2478 6570877.7935,580196.7081 6570878.1325,580196.787999999 6570878.0719)),((580200.0049 6570877.5047,580199.6529 6570877.2918,580199.6117 6570877.3504,580199.9984 6570877.5786,580200.2744 6570877.7546,580200.3156 6570877.7068,580200.0049 6570877.5047)),((580199.5872 6570879.8149,580199.637400001 6570879.8565,580199.778 6570879.8034,580199.7177 6570879.7489,580199.5872 6570879.8149)),((580199.4609 6570879.7374,580199.374800001 6570879.68,580199.338340725 6570879.72333661,580199.239999999 6570879.6571,580199.0219 6570879.4706,580198.975836697 6570879.52309074,580198.968700001 6570879.51,580198.781 6570879.5872,580198.8057 6570879.6119,580198.9862 6570879.5421,580198.984336597 6570879.53868197,580199.08097385 6570879.60258532,580199.083700001 6570879.6149,580199.040100001 6570879.7662,580199.057810626 6570879.77855501,580198.8989 6570879.6978,580198.878500001 6570879.72399999,580198.8872 6570879.7852,580199.1682 6570879.8972,580199.174 6570879.839,580199.0823 6570879.791,580199.074828903 6570879.78720335,580199.075019808 6570879.78687342,580199.379099999 6570879.9311,580199.6245 6570879.9985,580199.627508231 6570879.99248354,580199.6015 6570880.0645,580199.582900001 6570880.142,580199.6216 6570880.152,580199.624669831 6570880.1406065,580199.634500001 6570880.15919999,580199.7364 6570880.14919999,580199.7593 6570880.2352,580199.8023 6570880.2381,580199.7837 6570880.1563,580199.862569173 6570880.09411098,580199.9444 6570880.1506,580200.086399999 6570880.2625,580200.1366 6570880.2195,580199.9946 6570880.11189999,580199.8683 6570880.0301,580199.6689 6570879.8981,580199.510741379 6570879.77411635,580199.598599999 6570879.6671,580199.5412 6570879.6399,580199.466600001 6570879.72879999,580199.453292988 6570879.75157889,580199.4609 6570879.7374),(580199.77473987 6570880.03336013,580199.7823 6570880.0387,580199.807736499 6570880.05625919,580199.7909 6570880.04589999,580199.7665 6570880.0932,580199.7191 6570880.1133,580199.626527054 6570880.13371352,580199.655550399 6570880.02599503,580199.648799999 6570880.0516,580199.6747 6570880.0731,580199.7134 6570880.07309999,580199.7464 6570880.06169999,580199.77473987 6570880.03336013),(580199.427819923 6570879.79518359,580199.392 6570879.8565,580199.458 6570879.8909,580199.4867 6570879.8034,580199.508154682 6570879.77726709,580199.4896 6570879.82489999,580199.5929 6570879.8952,580199.674700001 6570879.96269999,580199.767263287 6570880.02807927,580199.740700001 6570880.01139999,580199.6804 6570880.0258,580199.657539546 6570880.01861243,580199.6618 6570880.0028,580199.6331 6570879.97699999,580199.631783451 6570879.98064551,580199.111724806 6570879.72211003,580199.12703186 6570879.6330421,580199.1309 6570879.6356,580199.3332 6570879.7805,580199.37488878 6570879.75525806,580199.427819923 6570879.79518359)),((580199.831000001 6570879.92249999,580199.8009 6570879.94549999,580199.8741 6570879.9856,580199.904200001 6570879.9569,580199.831000001 6570879.92249999)),((580199.9025 6570876.02399999,580199.750900001 6570875.97709999,580200.456500001 6570876.61379999,580200.462 6570876.5008,580200.123 6570876.22789999,580199.9025 6570876.02399999)),((580200.3408 6570876.6221,580200.0651 6570876.3547,580200.0955 6570876.4622,580200.321500001 6570876.65789999,580200.3408 6570876.6221)),((580200.2526 6570876.67169999,580200.2443 6570876.5918,580199.9466 6570876.4953,580199.922084338 6570876.51161081,580199.7702 6570876.38229999,580199.4891 6570876.16449999,580199.2686 6570876.0295,580199.1418 6570876.0681,580199.4946 6570876.37129999,580199.9494 6570876.7323,580200.415199999 6570877.0851,580200.4565 6570876.96659999,580199.928909415 6570876.51742154,580200.0403 6570876.6055,580200.2526 6570876.67169999)),((580200.357300001 6570877.4959,580200.48073939 6570877.1830223,580201.212600001 6570877.65589999,580201.2626 6570877.5809,580200.542400001 6570877.0307,580200.523319784 6570877.07469293,580200.610226487 6570876.85223124,580201.0464 6570877.14579999,580201.082199999 6570877.0851,580200.644 6570876.77089999,580200.628673345 6570876.8050114,580200.757400001 6570876.4755,580200.692400001 6570876.45049999,580200.5924 6570876.6906,580200.3973 6570877.1408,580200.333274301 6570877.30219598,580200.3463 6570877.2395,580199.9301 6570876.8977,580199.7785 6570876.7819,580199.4147 6570876.4567,580199.3513 6570876.5146,580199.4478 6570876.6634,580199.5773 6570876.7626,580199.924599999 6570877.0383,580200.327151111 6570877.31763132,580200.2723 6570877.4559,580200.357300001 6570877.4959)),((580200.575100001 6570876.95279999,580201.016000001 6570877.2395,580201.0601 6570877.1706,580200.5999 6570876.8949,580200.575100001 6570876.95279999)),((580200.9305 6570877.7046,580200.961 6570877.6937,580200.908800001 6570877.62859999,580200.861000001 6570877.5569,580200.830599999 6570877.5503,580200.9305 6570877.7046)),((580201.2543 6570877.74589999,580201.0283 6570877.9545,580201.0625 6570878.0011,580201.317300001 6570877.83279999,580201.2543 6570877.74589999)),((580200.892500001 6570877.9661,580201.052500001 6570878.0711,580201.0625 6570878.0011,580200.872500001 6570877.811,580200.7824 6570877.731,580200.7274 6570877.806,580200.892500001 6570877.9661)),((580201.6196 6570878.52049999,580201.6691 6570878.4806,580201.5835 6570878.433,580201.3799 6570878.3131,580201.3475 6570878.3474,580201.4313 6570878.4026,580201.6196 6570878.52049999)),((580201.5264 6570878.5948,580201.7528 6570878.7508,580201.7738 6570878.7279,580201.5492 6570878.5624,580201.4503 6570878.4768,580201.4598 6570878.5243,580201.5264 6570878.5948)),((580201.9085 6570879.2716,580201.891 6570879.2288,580201.8514 6570879.2541,580201.7816 6570879.3366,580201.8149 6570879.3684,580201.9085 6570879.2716)),((580202.0671 6570879.4508,580202.0481 6570879.4048,580201.9656 6570879.4635,580201.8815 6570879.5809,580201.845 6570879.62059999,580201.8784 6570879.6523,580202.0671 6570879.4508)),((580200.9066 6570878.1044,580200.9175 6570878.0653,580200.8023 6570878.0175,580200.6655 6570877.948,580200.6676 6570878.0044,580200.782800001 6570878.05659999,580200.9066 6570878.1044)),((580201.005000001 6570879.0324,580201.3285 6570879.26639999,580201.3571 6570879.2246,580201.1059 6570879.01339999,580201.0203 6570878.9981,580201.005000001 6570879.0324)),((580200.7368 6570879.42239999,580200.6987 6570879.4415,580200.8376 6570879.5537,580200.889 6570879.5918,580200.8814 6570879.5613,580200.7368 6570879.42239999)),((580200.5598 6570880.91529999,580200.555049497 6570880.93032485,580200.5713 6570880.8206,580200.552700001 6570880.80189999,580200.53015911 6570880.93170623,580200.4307 6570880.8478,580200.4135 6570880.8536,580200.3934 6570880.8995,580200.5154 6570880.9798,580200.521383239 6570880.98224386,580200.509712604 6570881.04945155,580200.3993 6570880.9666,580200.254 6570880.84719999,580200.24 6570880.8964,580200.347700001 6570880.9877,580200.5632 6570881.14,580200.596 6570881.1142,580200.51252731 6570881.05156365,580200.5354 6570881.063,580200.553087252 6570880.9435741,580200.644499999 6570880.9956,580200.6603 6570880.9769,580200.5598 6570880.91529999)),((580198.8494 6570879.9307,580198.599 6570879.7997,580198.5073 6570879.8186,580198.5786 6570879.89,580198.759100001 6570879.95689999,580198.8494 6570879.9307)),((580198.4826 6570879.938,580198.551 6570880.002,580198.6631 6570879.9773,580198.5364 6570879.8943,580198.4826 6570879.938)),((580198.2919 6570879.9467,580198.4345 6570880.0181,580198.5219 6570879.9948,580198.3123 6570879.9089,580198.2919 6570879.9467)),((580198.3661 6570880.0312,580198.2293 6570879.9569,580198.1827 6570879.9482,580198.1929 6570879.9889,580198.2278 6570880.0195,580198.3108 6570880.0544,580198.3661 6570880.0312)),((580199.9186 6570879.9426,580199.8483 6570880.0158,580199.905600001 6570880.0516,580199.965900001 6570880.0,580199.9186 6570879.9426)),((580199.4207 6570879.94259999,580199.3634 6570879.92819999,580199.317399999 6570880.0559,580199.3705 6570880.0789,580199.39062238 6570880.00636584,580199.5915 6570880.1004,580199.5915 6570880.0717,580199.4078 6570879.9713,580199.396407497 6570879.99237001,580199.4207 6570879.94259999)),((580200.0419 6570880.05309999,580199.965900001 6570880.0,580199.932900001 6570880.03299999,580200.020400001 6570880.0817,580200.0419 6570880.05309999)),((580199.5785 6570880.1793,580199.5714 6570880.09319999,580199.5068 6570880.0617,580199.5283 6570880.16349999,580199.5785 6570880.1793)),((580199.9458 6570880.1678,580199.8712 6570880.1822,580199.8741 6570880.2037,580199.9501 6570880.1879,580199.9458 6570880.1678)),((580200.091885211 6570880.29006085,580200.0032 6570880.2668,580199.8081 6570880.2266,580199.7937 6570880.2769,580200.0448 6570880.3084,580200.101718413 6570880.32318333,580200.074900001 6570880.31699999,580200.0448 6570880.3758,580200.092100001 6570880.4275,580200.148760768 6570880.33540157,580200.1553 6570880.3371,580200.3016 6570880.3974,580200.2973 6570880.3672,580200.1782 6570880.31269999,580200.114074963 6570880.29588092,580200.1696 6570880.307,580200.2083 6570880.2539,580200.165299999 6570880.2195,580200.091885211 6570880.29006085)),((580199.9802 6570880.4763,580200.0276 6570880.51789999,580200.064614344 6570880.46845189,580200.1294 6570880.538,580200.1739 6570880.5121,580200.1151 6570880.4533,580200.062 6570880.3974,580199.9817 6570880.3027,580199.8597 6570880.2869,580199.9731 6570880.3801,580200.02046916 6570880.42489874,580199.9802 6570880.4763)),((580200.531100001 6570880.92099999,580200.534 6570880.90379999,580200.4537 6570880.83779999,580200.3633 6570880.76029999,580200.3504 6570880.7661,580200.425000001 6570880.8306,580200.531100001 6570880.92099999)),((580202.719080187 6570880.54259604,580202.6985 6570880.6278,580202.6598 6570880.6859,580202.6626 6570880.7149,580202.693 6570880.7246,580202.7026 6570880.7011,580202.7165 6570880.6237,580202.751 6570880.5601,580202.737200001 6570880.5325,580202.720063067 6570880.5416397,580202.760700001 6570880.50209999,580202.7261 6570880.4758,580202.5451 6570880.6873,580202.5631 6570880.7052,580202.6045 6570880.661,580202.657 6570880.603,580202.719080187 6570880.54259604)),((580202.9224 6570880.7909,580202.876799999 6570880.6831,580202.7938 6570880.69,580202.7607 6570880.755,580202.9224 6570880.7909)),((580202.762100001 6570881.2967,580202.7607 6570881.3285,580202.7745 6570881.3313,580202.832499999 6570881.2649,580202.8989 6570881.1986,580202.9362 6570881.1475,580203.003211796 6570881.04208261,580203.082700001 6570881.0742,580203.0993 6570881.04239999,580202.95 6570880.9747,580202.811800001 6570880.91249999,580202.705306977 6570880.87339405,580202.7593 6570880.7536,580202.7925 6570880.6886,580202.845 6570880.6223,580202.8242 6570880.5864,580202.796600001 6570880.64719999,580202.7551 6570880.71489999,580202.709500001 6570880.7812,580202.664945467 6570880.85008365,580202.6266 6570880.7964,580202.593499999 6570880.7398,580202.5257 6570880.6734,580202.474599999 6570880.6182,580202.416600001 6570880.58639999,580202.372300001 6570880.5891,580202.3475 6570880.6112,580202.4014 6570880.6541,580202.5105 6570880.7273,580202.537819768 6570880.75375639,580202.5271 6570880.7481,580202.516100001 6570880.77849999,580202.5727 6570880.7992,580202.57861486 6570880.7908849,580202.6073 6570880.8158,580202.643199999 6570880.8642,580202.6639 6570880.9001,580202.6874 6570880.9056,580202.698446787 6570880.87873421,580202.699699429 6570880.87893501,580202.686 6570880.9098,580202.737200001 6570880.9346,580202.994263003 6570881.03846685,580202.9514 6570881.0272,580202.857400001 6570881.16399999,580202.7842 6570881.2456,580202.762100001 6570881.2967)),((580202.563100001 6570881.0314,580202.6543 6570880.9512,580202.6584 6570880.9305,580202.639100001 6570880.9167,580202.6073 6570880.94019999,580202.536800001 6570880.99819999,580202.563100001 6570881.0314)),((580201.951300001 6570879.96789999,580202.0037 6570879.9759,580202.030600001 6570879.8712,580202.048099999 6570879.7538,580202.068700001 6570879.65859999,580202.106800001 6570879.58719999,580202.0877 6570879.527,580202.0528 6570879.61099999,580202.0005 6570879.66659999,580201.9688 6570879.7284,580201.9593 6570879.7522,580201.9164 6570879.73789999,580201.8815 6570879.7744,580201.8768 6570879.82199999,580201.884158985 6570879.84593411,580201.807 6570879.8157,580201.7927 6570879.849,580201.8895 6570879.895,580201.856200001 6570879.9267,580201.8799 6570879.9552,580201.918546599 6570879.93514659,580201.951300001 6570879.96789999),(580201.899594931 6570879.89613746,580201.902509601 6570879.90561703,580201.8895 6570879.895,580201.899594931 6570879.89613746)),((580201.7642 6570879.9901,580201.810199999 6570879.9663,580201.7832 6570879.86169999,580201.7451 6570879.9314,580201.7642 6570879.9901)),((580202.505 6570880.7246,580202.488573289 6570880.7461554,580202.4926 6570880.7398,580202.4304 6570880.7204,580202.3917 6570880.7094,580202.3834 6570880.7315,580202.4097 6570880.7508,580202.476 6570880.766,580202.478516192 6570880.76202865,580202.4635 6570880.7909,580202.4511 6570880.8379,580202.4774 6570880.8531,580202.5271 6570880.7481,580202.505 6570880.7246)),((580201.680699999 6570882.5403,580201.6556 6570882.4851,580201.642200001 6570882.46999999,580201.6221 6570882.4868,580201.6589 6570882.5571,580201.680699999 6570882.5403)),((580202.7399 6570880.9567,580202.7814 6570880.9982,580202.814600001 6570881.06039999,580202.853299999 6570881.0217,580202.7966 6570880.95949999,580202.716500001 6570880.92769999,580202.7399 6570880.9567)),((580203.11851157 6570881.7928,580203.107600001 6570881.79279999,580203.0841 6570881.9103,580203.103399999 6570881.9338,580203.1338 6570881.8979,580203.143500001 6570881.8523,580203.148801365 6570881.82964871,580203.165599999 6570881.8509,580203.1739 6570881.8288,580203.1297 6570881.7611,580203.0689 6570881.7085,580202.9846 6570881.6436,580202.9624 6570881.627,580202.9417 6570881.6464,580202.9776 6570881.6823,580203.075800001 6570881.75,580203.10349744 6570881.77775479,580203.073 6570881.74859999,580203.0177 6570881.815,580203.055000001 6570881.84259999,580203.104773656 6570881.77903363,580203.11851157 6570881.7928)),((580203.7184 6570881.8219,580203.6797 6570881.77629999,580203.642399999 6570881.8288,580203.6161 6570881.8882,580203.6479 6570881.9366,580203.6576 6570881.9462,580203.7184 6570881.8219)),((580203.8406 6570882.2343,580203.8843 6570882.1891,580203.7954 6570882.13129999,580203.7122 6570882.0804,580203.6148 6570882.0395,580203.576416559 6570882.01627225,580203.62317042 6570881.96826261,580203.671400001 6570882.00149999,580203.6811 6570881.96419999,580203.6493 6570881.9435,580203.6037 6570881.8771,580203.562200001 6570881.8329,580203.5208 6570881.7984,580203.4793 6570881.8067,580203.4282 6570881.7832,580203.342983625 6570881.71823597,580203.3439 6570881.71679999,580203.440600001 6570881.61319999,580203.4116 6570881.5952,580203.3439 6570881.645,580203.2914 6570881.7099,580203.2333 6570881.7693,580203.1684 6570881.8509,580203.1435 6570881.9241,580203.1172 6570881.98359999,580203.1476 6570882.0015,580203.1988 6570881.9241,580203.2983 6570881.8094,580203.324499999 6570881.7472,580203.333179486 6570881.73359916,580203.3287 6570881.7431,580203.338299999 6570881.7818,580203.3895 6570881.8329,580203.4434 6570881.8702,580203.4254 6570881.9075,580203.4765 6570881.91309999,580203.5304 6570881.9145,580203.5456 6570881.90339999,580203.569100001 6570881.931,580203.585018723 6570881.94197037,580203.540099999 6570881.9932,580203.562251081 6570882.00770001,580203.5216 6570881.9831,580203.3988 6570881.9393,580203.2718 6570881.9026,580203.2591 6570881.9506,580203.3269 6570881.9915,580203.443911048 6570882.05201039,580203.439937634 6570882.1060772,580203.3826 6570882.05539999,580203.3356 6570882.014,580203.3079 6570881.99599999,580203.288600001 6570882.02779999,580203.3494 6570882.0637,580203.4061 6570882.11619999,580203.4337 6570882.14519999,580203.438720602 6570882.12263753,580203.4384 6570882.127,580203.432005857 6570882.16841148,580203.3591 6570882.09689999,580203.3066 6570882.043,580203.2457 6570882.0471,580203.2098 6570882.0596,580203.249899999 6570882.1148,580203.3245 6570882.14799999,580203.3881 6570882.195,580203.422577025 6570882.22947703,580203.4214 6570882.23709999,580203.476500001 6570882.27799999,580203.4906 6570882.2244,580203.521599999 6570882.0903,580203.482905946 6570882.07060392,580203.614800001 6570882.1313,580203.7333 6570882.18059999,580203.8406 6570882.2343)),((580203.685199999 6570881.9421,580203.6728 6570882.01399999,580203.6631 6570882.0596,580203.728099999 6570882.0858,580203.808199999 6570881.8993,580203.7377 6570881.8412,580203.685199999 6570881.9421)),((580203.9337 6570882.0494,580203.887200001 6570881.97179999,580203.8575 6570881.9958,580203.8194 6570882.0593,580203.802500001 6570882.13129999,580203.8702 6570882.1736,580203.9337 6570882.0494)),((580203.850500001 6570882.4051,580203.812400001 6570882.3613,580203.7954 6570882.3641,580203.850500001 6570882.4051)),((580203.4638 6570882.3063,580203.449407544 6570882.2963657,580203.4694 6570882.3077,580203.5259 6570882.3571,580203.566310913 6570882.3876945,580203.5259 6570882.3585,580203.516 6570882.4262,580203.5089 6570882.4855,580203.5174 6570882.51799999,580203.544200001 6570882.52779999,580203.5583 6570882.5222,580203.571 6570882.4615,580203.576670948 6570882.39553792,580203.6247 6570882.4319,580203.683553162 6570882.48072238,580203.6755 6570882.4756,580203.6853 6570882.6182,580203.7079 6570882.6563,580203.7446 6570882.6916,580203.7503 6570882.6549,580203.7291 6570882.6168,580203.7376 6570882.5151,580203.706978564 6570882.4956226,580203.7531 6570882.5208,580203.7884 6570882.5377,580203.8138 6570882.5391,580203.85411785 6570882.56561712,580203.8519 6570882.5702,580203.7926 6570882.676,580203.8349 6570882.6492,580203.878248092 6570882.5778834,580203.897 6570882.59139999,580203.898181849 6570882.58954904,580203.875899999 6570882.6252,580203.796800001 6570882.67749999,580203.7206 6570882.7381,580203.664199999 6570882.8271,580203.730500001 6570882.8666,580203.8928 6570882.6831,580203.945747248 6570882.6337511,580203.986970403 6570882.66160968,580203.9846 6570882.6648,580203.963399999 6570882.7283,580203.963400001 6570882.7635,580203.9888 6570882.7678,580204.0057 6570882.748,580204.029963993 6570882.70679245,580204.0735 6570882.7621,580204.1061322 6570882.7784402,580204.081899999 6570882.7678,580203.993 6570882.76779999,580203.995800001 6570882.79459999,580204.116051038 6570882.78340695,580204.1412 6570882.796,580204.254100001 6570882.84119999,580204.2626 6570882.8228,580204.265596087 6570882.81843151,580204.224500001 6570882.9075,580204.167158182 6570883.03083248,580204.176499999 6570883.0049,580204.0777 6570882.8765,580204.0029 6570882.79599999,580203.946399999 6570882.789,580203.914 6570882.8412,580204.036800001 6570882.94699999,580204.1088 6570883.0275,580204.155946756 6570883.05441372,580204.0904 6570883.1799,580204.0269 6570883.30969999,580204.055100001 6570883.3196,580204.1694 6570883.1319,580204.266800001 6570882.9767,580204.3078 6570882.8652,580204.345900001 6570882.78609999,580204.396700001 6570882.71979999,580204.432 6570882.6845,580204.4023 6570882.6196,580204.337388892 6570882.68451111,580204.216 6570882.4446,580204.176500001 6570882.4954,580204.2217 6570882.5899,580204.244200001 6570882.64639999,580204.313162906 6570882.71946552,580204.276039887 6570882.79587706,580204.2344 6570882.70849999,580204.1878 6570882.6281,580204.1666 6570882.542,580204.161 6570882.5137,580204.133756705 6570882.54954644,580204.161 6570882.5123,580204.2386 6570882.4107,580204.185 6570882.3768,580204.0918 6570882.52079999,580204.029700001 6570882.60409999,580204.025522496 6570882.6097225,580204.0015 6570882.5857,580203.970741093 6570882.61045587,580203.9958 6570882.5871,580204.1582 6570882.3486,580204.098975275 6570882.28797705,580204.1017 6570882.28509999,580204.050900001 6570882.21729999,580203.995946156 6570882.25754254,580203.9267 6570882.2188,580203.919710128 6570882.215764,580203.923900001 6570882.2117,580203.983100001 6570882.14539999,580203.9662 6570882.1087,580203.8872 6570882.1891,580203.8251 6570882.2526,580203.782557318 6570882.30747811,580203.691 6570882.1651,580203.6007 6570882.1256,580203.6218 6570882.199,580203.7051 6570882.29499999,580203.7898 6570882.3655,580203.812400001 6570882.3571,580203.806700001 6570882.33449999,580203.7947 6570882.3211,580203.8081 6570882.3331,580203.8293 6570882.3176,580203.8773 6570882.2569,580203.899963583 6570882.2349173,580203.890000001 6570882.24699999,580203.911200001 6570882.2611,580203.985642026 6570882.2886494,580203.9747 6570882.3317,580203.953059731 6570882.35925176,580203.9563 6570882.35419999,580203.9281 6570882.367,580203.8914 6570882.38669999,580203.866 6570882.4008,580203.8716 6570882.4093,580203.897 6570882.4022,580203.929647796 6570882.39411028,580203.8956 6570882.4799,580203.856561027 6570882.56056863,580203.8731 6570882.5123,580203.8025 6570882.4728,580203.754445029 6570882.43594904,580203.7531 6570882.398,580203.7531 6570882.3627,580203.7291 6570882.32879999,580203.6966 6570882.35709999,580203.684134352 6570882.3820313,580203.6571 6570882.3613,580203.477900001 6570882.2794,580203.389 6570882.2173,580203.3424 6570882.21589999,580203.3424 6570882.2357,580203.422550942 6570882.2811399,580203.42 6570882.3133,580203.434100001 6570882.34299999,580203.4426 6570882.3613,580203.4567 6570882.35849999,580203.4638 6570882.3063),(580203.9394 6570882.5236,580203.928994627 6570882.5402486,580203.9098 6570882.5307,580203.887760847 6570882.56223294,580203.9747 6570882.4192,580204.097863812 6570882.28915064,580204.01 6570882.3952,580203.9394 6570882.5236),(580204.168 6570882.73109999,580204.076065025 6570882.62849906,580204.0763 6570882.6281,580204.111904665 6570882.57942207,580204.1497 6570882.669,580204.192000001 6570882.74519999,580204.22002409 6570882.78528509,580204.168 6570882.73109999),(580204.315939989 6570882.71374936,580204.317600001 6570882.70289999,580204.323220105 6570882.69876445,580204.315939989 6570882.71374936)),((580200.5943 6570881.02429999,580200.610000001 6570881.0099,580200.6129 6570880.9956,580200.6057 6570880.9741,580200.5541 6570880.9468,580200.548400001 6570880.99269999,580200.5943 6570881.02429999)),((580200.945799999 6570881.6213,580201.0245 6570881.6548,580201.103200001 6570881.695,580201.1099 6570881.66319999,580200.9525 6570881.5694,580200.932400001 6570881.5912,580200.945799999 6570881.6213)),((580201.1785 6570881.5544,580201.176931799 6570881.55576454,580201.093100001 6570881.45229999,580201.016100001 6570881.4288,580200.9581086 6570881.39017117,580200.9659 6570881.3803,580200.9358 6570881.3702,580200.76 6570881.551,580200.7935 6570881.5879,580200.8404 6570881.5309,580200.938509854 6570881.41480985,580200.9726 6570881.4489,580201.0798 6570881.5075,580201.1434 6570881.58119999,580201.162050515 6570881.56871319,580201.140000001 6570881.58789999,580201.1132 6570881.6699,580201.0831 6570881.75189999,580201.063 6570881.8222,580201.0446 6570881.8808,580201.0429 6570881.9293,580201.060519624 6570881.94166004,580201.0496 6570881.9427,580201.048 6570881.9478,580200.9743 6570882.0231,580200.900600001 6570882.10679999,580200.8588 6570882.1788,580200.8873 6570882.2139,580200.909 6570882.19049999,580200.9475 6570882.1319,580200.9894 6570882.0817,580201.010509636 6570882.06392346,580201.0312 6570882.07669999,580201.0513 6570882.05319999,580201.0396 6570882.0365,580201.033331607 6570882.04208115,580201.0764 6570881.9528,580201.0982 6570881.9628,580201.1233 6570881.9678,580201.1216 6570881.9026,580201.1434 6570881.8088,580201.1685 6570881.7017,580201.2053 6570881.623,580201.222000001 6570881.58119999,580201.1785 6570881.5544)),((580200.6462 6570881.76859999,580200.6496 6570881.772,580200.6094 6570881.7452,580200.569200001 6570881.8205,580200.6044 6570881.86069999,580200.679307758 6570881.80170776,580200.6864 6570881.8088,580200.6914 6570881.839,580200.6629 6570881.8708,580200.6445 6570881.9009,580200.673 6570881.8942,580200.704799999 6570881.8741,580200.738299999 6570881.8339,580200.780100001 6570881.88249999,580200.7784 6570881.936,580200.793499999 6570881.9879,580200.8253 6570882.03149999,580200.8387 6570882.0164,580200.816899999 6570881.9377,580200.813800892 6570881.91656207,580200.9191 6570881.9846,580200.9375 6570881.9612,580200.8069 6570881.8607,580200.807883165 6570881.87619931,580200.7985 6570881.8122,580200.770100001 6570881.78369999,580200.7048 6570881.7335,580200.5993 6570881.6699,580200.4788 6570881.623,580200.4788 6570881.6665,580200.5441 6570881.7101,580200.6127 6570881.7385,580200.6462 6570881.76859999)),((580200.9676 6570882.0298,580200.9894 6570882.00469999,580200.9776 6570881.9913,580200.9425 6570882.0097,580200.9676 6570882.0298)),((580201.411200001 6570882.2491,580201.429600001 6570882.21059999,580201.4129 6570882.2005,580201.3526 6570882.2692,580201.340899999 6570882.3277,580201.411200001 6570882.2491)),((580201.2907 6570882.31769999,580201.212 6570882.388,580201.2488 6570882.4148,580201.2773 6570882.37629999,580201.2907 6570882.31769999)),((580201.3493 6570882.6056,580201.372700001 6570882.62909999,580201.3844 6570882.6358,580201.4413 6570882.5571,580201.4145 6570882.5387,580201.3493 6570882.6056)),((580201.564974704 6570882.84840854,580201.5267 6570882.89689999,580201.499900001 6570882.9622,580201.479799999 6570883.0024,580201.4949 6570883.02079999,580201.563500001 6570882.9187,580201.625500001 6570882.8115,580201.7192 6570882.701,580201.771474965 6570882.62173524,580201.564974704 6570882.84840854)))",36,NØ,Baglergaten 2,"10007",,52,Handel- og næringskonstruksjoner,Jordbruk,2.82,1,1,0,0,0,0,"1",900,1150,,,,,,"2016",NIKU,105,,1020879,C60765,NIKU Oppdragsrapport 59/2017
"MULTIPOLYGON (((580200.721999999 6570875.676,580200.678 6570875.57,580200.613 6570875.5,580200.508 6570875.47499999,580200.399 6570875.563,580200.294 6570875.732,580200.169 6570875.872,580200.063000001 6570875.95299999,580199.992000001 6570876.06899999,580199.929 6570876.175,580199.848 6570876.273,580199.667000001 6570876.32,580199.477000001 6570876.462,580199.267 6570876.651,580199.186 6570876.80999999,580199.033999999 6570876.937,580198.979 6570876.916,580198.76 6570877.047,580198.582 6570877.167,580198.356 6570877.389,580198.186 6570877.5,580198.047000001 6570877.65899999,580197.927 6570877.785,580197.773 6570877.935,580197.608 6570878.10499999,580197.508 6570878.23,580197.580000001 6570878.32999999,580197.693 6570878.278,580197.803 6570878.175,580197.961999999 6570878.023,580198.163 6570877.896,580198.318 6570877.823,580198.498 6570877.67799999,580198.686 6570877.555,580198.782 6570877.429,580198.983 6570877.344,580199.114 6570877.217,580199.098 6570877.119,580199.228 6570877.03499999,580199.419 6570876.985,580199.591 6570876.97,580199.783 6570876.876,580199.832 6570876.721,580199.957 6570876.53299999,580200.109 6570876.361,580200.256 6570876.253,580200.381 6570876.102,580200.541 6570875.92399999,580200.721999999 6570875.676)))",37,NØ,Baglergaten 2,"10015",,33,Sivile konstruksjoner,Grøft,1.27,1,1,0,0,0,0,"2",1000,1150,,,,,,"2016",NIKU,105,,1020879,C60765,NIKU Oppdragsrapport 59/2017
"MULTIPOLYGON (((580199.7845 6570876.8753,580199.5938 6570876.9699,580199.4187 6570876.98489999,580199.230000001 6570877.03379999,580199.098499999 6570877.1185,580199.1147 6570877.2172,580198.9842 6570877.343,580198.9037 6570877.37779999,580198.781500001 6570877.4282,580198.6875 6570877.55449999,580198.635 6570877.59,580198.53 6570877.6564,580198.475 6570877.803,580198.425 6570877.945,580198.378 6570878.10599999,580198.328 6570878.224,580198.303 6570878.352,580198.228 6570878.47,580198.119000001 6570878.582,580198.013000001 6570878.739,580197.878 6570878.936,580197.739000001 6570879.12999999,580197.611000001 6570879.26099999,580197.8544 6570879.1945,580198.011699999 6570879.1501,580198.2455 6570879.08619999,580198.345 6570878.862,580198.478 6570878.64099999,580198.573 6570878.572,580198.704000001 6570878.414,580198.85 6570878.3,580198.988 6570878.179,580199.149 6570877.963,580199.272000001 6570877.81999999,580199.41 6570877.64,580199.514 6570877.438,580199.604 6570877.256,580199.694 6570877.052,580199.7845 6570876.8753)))",38,NØ,Baglergaten 2,"10016",,33,Sivile konstruksjoner,Grøft,1.28,1,1,0,0,0,0,"2",1000,1150,,,,,,"2016",NIKU,105,,1020879,C60765,NIKU Oppdragsrapport 59/2017
"MULTIPOLYGON (((580200.967 6570882.419,580201.083000001 6570882.33099999,580201.172999999 6570882.226,580201.293 6570882.12999999,580201.439 6570882.00799999,580201.336 6570881.87299999,580201.225 6570881.719,580201.180000001 6570881.78999999,580201.151 6570881.879,580201.105 6570881.943,580201.037 6570881.949,580200.974 6570881.973,580200.912 6570882.036,580200.856999999 6570882.118,580200.775 6570882.157,580200.856 6570882.288,580200.967 6570882.419)),((580201.6974 6570881.5874,580201.847999999 6570881.435,580201.934 6570881.33,580202.003 6570881.196,580202.07 6570881.03399999,580202.18 6570880.874,580202.342000001 6570880.75299999,580202.466 6570880.639,580202.537 6570880.549,580202.556 6570880.46599999,580202.593000001 6570880.374,580202.598 6570880.282,580202.522 6570880.228,580202.449 6570880.24,580202.315 6570880.313,580202.196 6570880.422,580202.054999999 6570880.569,580201.928 6570880.695,580201.861 6570880.854,580201.773 6570881.001,580201.67 6570881.14399999,580201.4664 6570881.3734,580201.5446 6570881.4656,580201.599599999 6570881.5288,580201.6974 6570881.5874)))",39,NØ,Baglergaten 2,"10014",,33,Sivile konstruksjoner,Grøft,0.68,1,1,0,0,0,0,"2",1000,1150,,,,,,"2016",NIKU,105,,1020879,C60765,NIKU Oppdragsrapport 59/2017
"MULTIPOLYGON (((580197.702 6570879.737,580197.464 6570879.8,580197.331 6570879.88099999,580197.258 6570879.9636,580197.270400001 6570880.10499999,580197.21 6570880.109,580196.93 6570880.276,580196.674 6570880.49099999,580196.472 6570880.65,580196.55 6570880.732,580196.763 6570880.649,580197.124 6570880.502,580197.521 6570880.33899999,580197.991000001 6570880.142,580197.8299 6570880.1254,580197.8094 6570879.8995,580197.702 6570879.737)),((580198.6814 6570879.4827,580198.6878 6570879.7777,580198.527500001 6570879.93799999,580198.707100001 6570879.9828,580198.989200001 6570880.03409999,580199.1495 6570880.22009999,580199.5085 6570880.6433,580200.021500001 6570881.47039999,580200.6819 6570882.3809,580201.3231 6570883.394,580201.8168 6570884.1121,580202.317000001 6570884.7854,580202.7594 6570884.5481,580203.0608 6570884.3814,580202.8492 6570884.0416,580202.7915 6570883.7659,580202.7338 6570883.6825,580202.631200001 6570883.58629999,580202.5157 6570883.4837,580202.413199999 6570883.3299,580202.2721 6570883.0862,580201.759 6570882.17,580200.865 6570881.275,580200.002299999 6570880.3868,580199.513000001 6570879.708,580199.127000001 6570879.45899999,580198.728 6570879.339,580198.6814 6570879.4827)),((580200.718 6570880.118,580200.586 6570880.31,580200.719 6570880.458,580200.871000001 6570880.522,580200.977 6570880.617,580201.106 6570880.765,580201.278 6570880.91,580201.451 6570881.073,580201.474 6570881.247,580201.620000001 6570881.386,580201.739 6570881.463,580201.867 6570881.514,580202.077 6570881.516,580202.008000001 6570881.37,580201.911 6570881.277,580201.803 6570881.116,580201.775999999 6570881.009,580201.628000001 6570880.89099999,580201.557 6570880.705,580201.419 6570880.484,580202.012 6570880.066,580202.137 6570880.067,580202.3 6570880.244,580202.541 6570880.741,580202.777000001 6570881.27899999,580202.859 6570881.506,580203.004 6570881.804,580203.192 6570882.135,580203.382 6570882.29299999,580203.531999999 6570882.64,580203.71 6570882.997,580203.8558 6570883.2144,580203.9328 6570883.4196,580203.990500001 6570883.6889,580204.0354 6570883.7851,580204.6124 6570883.45809999,580204.3431 6570882.98359999,580203.995 6570882.409,580203.7404 6570881.9257,580203.4006 6570881.3293,580203.1313 6570880.70739999,580202.9005 6570880.2778,580202.6312 6570879.8802,580202.3619 6570879.27109999,580201.99 6570878.5402,580201.9323 6570878.3734,580201.8938 6570878.20029999,580201.829699999 6570878.0015,580201.701399999 6570877.7771,580201.573199999 6570877.5335,580201.4898 6570877.3668,580201.3744 6570877.1359,580201.2398 6570876.84739999,580201.0602 6570876.50759999,580200.899899999 6570876.187,580200.6691 6570875.7574,580200.4832 6570875.3085,580200.3421 6570874.9559,580200.1305 6570874.48139999,580199.9446 6570874.289,580199.54 6570874.396,580199.1815 6570874.5135,580199.1687 6570874.1608,580199.013000001 6570873.825,580198.861 6570873.45,580198.6622 6570872.8207,580198.3993 6570872.3142,580197.6234 6570872.6155,580196.9053 6570873.0964,580195.9756 6570873.5966,580195.0202 6570874.18649999,580194.325 6570874.734,580193.641 6570875.237,580194.102 6570876.176,580194.5393 6570877.0911,580195.0587 6570878.0464,580195.392100001 6570878.6812,580196.0397 6570878.37989999,580197.2451 6570878.00149999,580198.021 6570877.8861,580198.2775 6570877.9823,580198.489099999 6570878.1041,580199.034100001 6570878.28369999,580199.437999999 6570878.5273,580200.2523 6570879.1813,580200.7845 6570879.77769999,580200.86 6570879.94199999,580200.718 6570880.118)))",40,NØ,Baglergaten 2,SL5800,,53,Handel- og næringskonstruksjoner,Husdyrhold,43.13,0,1,0,0,0,0,3–4,1100,1200,,,,,,"2016",NIKU,105,,1020879,C60765,NIKU Oppdragsrapport 59/2017
"MULTIPOLYGON (((580196.769 6570880.679,580197.016 6570880.593,580197.267999999 6570880.52,580197.505 6570880.401,580197.887 6570880.217,580197.809000001 6570880.162,580197.695000001 6570880.16399999,580197.531 6570880.215,580197.323000001 6570880.21699999,580197.148000001 6570880.192,580196.954000001 6570880.317,580196.762999999 6570880.462,580196.503000001 6570880.71299999,580196.57 6570880.78,580196.769 6570880.679)),((580200.1309 6570881.6507,580200.3993 6570882.0052,580200.6722 6570882.3777,580200.7951 6570882.5402,580200.970200001 6570882.8229,580201.305 6570883.3605,580201.517700001 6570883.69889999,580201.673 6570883.91159999,580201.962 6570884.3083,580202.3156 6570884.7912,580202.7249 6570884.5731,580203.072300001 6570884.3837,580202.9726 6570884.2177,580202.855899999 6570884.057,580202.801200001 6570883.83529999,580202.726700001 6570883.68899999,580202.667499999 6570883.6361,580202.6091 6570883.5813,580202.3901 6570883.3156,580202.3291 6570883.1981,580202.2106 6570882.9674,580201.9943 6570882.5805,580201.7591 6570882.2502,580201.552700001 6570881.972,580201.3172 6570881.7128,580201.1132 6570881.49009999,580200.7592 6570881.2046,580200.704 6570881.16799999,580200.595 6570881.174,580200.547999999 6570881.237,580200.498 6570881.291,580200.476000001 6570881.36799999,580200.395 6570881.483,580200.408 6570881.57699999,580200.413999999 6570881.644,580200.393000001 6570881.668,580200.337 6570881.657,580200.27 6570881.62,580200.261000001 6570881.604,580200.216 6570881.614,580200.1309 6570881.6507)),((580202.12 6570880.001,580202.208 6570880.059,580202.297 6570880.145,580202.418 6570880.45499999,580202.622 6570880.716,580202.801 6570881.059,580202.802 6570881.21299999,580203.042 6570881.649,580203.184 6570881.835,580203.165 6570882.02,580203.284 6570882.178,580203.3676 6570882.2247,580203.4669 6570882.3564,580203.4724 6570882.4723,580203.5917 6570882.7887,580203.6324 6570882.84389999,580203.7676 6570883.02389999,580203.8958 6570883.1011,580204.0089 6570883.23759999,580203.9982 6570883.7121,580204.0403 6570883.8031,580204.5968 6570883.46119999,580204.562299999 6570883.3549,580204.3708 6570883.0024,580204.1639 6570882.6452,580203.979 6570882.3329,580203.866 6570882.1471,580203.7587 6570881.9613,580203.6323 6570881.7381,580203.4886 6570881.4814,580203.4091 6570881.3445,580203.3162 6570881.12899999,580203.2501 6570880.97959999,580202.984800001 6570880.40679999,580202.8325 6570880.176,580202.6525 6570879.90879999,580202.556 6570879.878,580202.352 6570879.897,580202.297 6570879.845,580201.982 6570879.859,580201.982 6570879.944,580202.009 6570880.00199999,580202.12 6570880.001)))",41,NØ,Baglergaten 2,SL5292,Avfallslag kamproduksjon,54,Handel- og næringskonstruksjoner,Produksjon,6.04,0,1,1,1,0,0,"5",1100,1400,,,,,,"2016",NIKU,105,,1020879,C60765,NIKU Oppdragsrapport 59/2017
"MULTIPOLYGON (((580165.8292 6570863.9348,580165.9927 6570863.9114,580166.151000001 6570863.88549999,580166.3222 6570863.8595,580166.452 6570863.8336,580166.6829 6570863.79209999,580166.6855 6570863.74539999,580166.561000001 6570863.7428,580166.4805 6570863.7324,580166.406 6570863.721,580166.314 6570863.725,580166.1925 6570863.71939999,580166.0757 6570863.7376,580165.959999999 6570863.755,580165.816 6570863.794,580165.699400001 6570863.83099999,580165.567100001 6570863.84919999,580165.6242 6570863.9478,580165.8292 6570863.9348)),((580172.03 6570855.521,580172.013000001 6570855.613,580172.093999999 6570855.683,580172.209 6570855.71,580172.305 6570855.803,580172.444 6570855.824,580172.517000001 6570855.85099999,580172.524 6570855.914,580172.566399999 6570855.8844,580172.6805 6570855.8302,580172.823000001 6570855.83,580172.8932 6570855.8333,580173.114 6570855.8887,580173.138999999 6570855.89,580173.2995 6570855.9072,580173.3772 6570855.9849,580173.496999999 6570855.977,580173.608 6570855.948,580173.624 6570855.835,580173.513 6570855.653,580173.403 6570855.472,580173.351999999 6570855.29,580173.276 6570855.134,580173.228 6570855.01599999,580172.959 6570855.115,580172.66 6570855.175,580172.447 6570855.262,580172.164 6570855.347,580171.906 6570855.461,580172.03 6570855.521)),((580166.8314 6570863.0569,580166.9475 6570862.9972,580167.065200001 6570863.0984,580167.1365 6570863.1547,580167.252600001 6570863.2144,580167.5908 6570863.2095,580167.6489 6570863.1365,580167.726 6570863.107,580167.7953 6570863.0763,580167.9374 6570863.0652,580168.2292 6570862.92589999,580168.3884 6570862.848,580168.4829 6570862.8347,580168.5293 6570862.8513,580168.6304 6570862.8364,580168.789600001 6570862.72529999,580168.962000001 6570862.65899999,580169.209099999 6570862.586,580169.3583 6570862.5363,580169.468 6570862.376,580169.602 6570862.295,580169.69 6570862.195,580169.823 6570862.162,580169.895 6570862.214,580170.072 6570862.04199999,580169.985 6570861.93699999,580169.991000001 6570861.814,580170.072 6570861.72,580170.199 6570861.638,580170.348 6570861.556,580170.509 6570861.514,580170.638 6570861.498,580170.571 6570861.242,580170.426 6570860.90699999,580170.305 6570860.574,580170.127 6570860.17099999,580169.959 6570859.768,580170.087000001 6570859.46,580170.1507 6570859.2319,580170.26 6570859.217,580170.283000001 6570858.82199999,580170.2953 6570858.7701,580170.465 6570858.479,580170.6199 6570858.24609999,580170.7038 6570858.1615,580170.7615 6570858.1072,580170.984700001 6570857.93159999,580171.093999999 6570857.861,580171.361 6570857.665,580171.739000001 6570857.43689999,580171.878999999 6570857.354,580172.077 6570857.24499999,580172.272 6570857.202,580172.43 6570857.146,580172.6497 6570857.05279999,580172.5128 6570857.0226,580172.394000001 6570857.02899999,580172.296 6570856.958,580172.295999999 6570856.892,580172.272 6570856.82099999,580172.177 6570856.76399999,580172.146 6570856.695,580172.114000001 6570856.65999999,580172.156000001 6570856.57899999,580172.134000001 6570856.496,580172.08 6570856.477,580172.047 6570856.512,580172.006 6570856.52,580171.843 6570856.539,580171.745 6570856.496,580171.621 6570856.364,580171.531 6570856.25499999,580171.553 6570856.117,580171.487 6570856.015,580171.545 6570855.934,580171.572 6570855.85499999,580171.632000001 6570855.73899999,580171.625 6570855.699,580171.659 6570855.613,580171.6092 6570855.618,580171.542000001 6570855.64039999,580171.2733 6570855.73949999,580171.007800001 6570855.8323,580170.659 6570855.9571,580170.3647 6570856.0626,580170.144 6570856.1394,580169.8657 6570856.2418,580169.6257 6570856.3218,580169.1842 6570856.4785,580168.7012 6570856.6545,580167.988 6570856.896,580168.135 6570857.023,580168.337 6570857.16799999,580168.569 6570857.3,580168.79 6570857.349,580169.042 6570857.424,580169.134000001 6570857.44399999,580169.211 6570857.516,580169.274 6570857.626,580169.265 6570857.725,580169.174 6570857.888,580169.1381 6570857.9647,580169.034 6570857.847,580168.971 6570857.97199999,580168.892 6570858.09399999,580168.744 6570858.243,580168.635999999 6570858.276,580168.55 6570858.403,580168.507000001 6570858.555,580168.45 6570858.711,580168.339000001 6570858.87799999,580168.128 6570859.043,580167.929 6570859.086,580167.716 6570859.07599999,580167.507 6570859.07999999,580167.334 6570859.119,580167.154 6570859.153,580166.922 6570859.177,580166.723 6570859.17,580166.518 6570859.141,580166.392 6570859.092,580166.226999999 6570859.098,580166.03 6570859.134,580165.821 6570859.195,580165.61 6570859.227,580165.413000001 6570859.311,580165.21 6570859.403,580165.067 6570859.484,580164.899 6570859.68199999,580164.672000001 6570859.82999999,580164.325 6570860.006,580164.101 6570860.116,580164.131999999 6570860.289,580164.129 6570860.444,580164.043 6570860.707,580164.0066 6570860.8083,580164.2176 6570861.2207,580164.5117 6570861.7961,580164.633200001 6570862.01669999,580164.770699999 6570862.2288,580164.920900001 6570862.57619999,580165.1127 6570862.9502,580165.2629 6570863.2283,580165.349200001 6570863.37219999,580165.6907 6570863.2376,580165.967600001 6570863.1564,580166.2229 6570863.3819,580166.3937 6570863.34379999,580166.567800001 6570863.20609999,580166.6922 6570863.1348,580166.7618 6570863.0934,580166.8314 6570863.0569)))",42,NØ,Baglergaten 2,SL3412,,52,Handel- og næringskonstruksjoner,Jordbruk,30.49,1,1,0,0,0,0,"1",900,1150,,,,,,"2016",NIKU,105,,1020879,C60765,NIKU Oppdragsrapport 59/2017
"MULTIPOLYGON (((580165.8292 6570863.9348,580165.9927 6570863.9114,580166.151000001 6570863.88549999,580166.3222 6570863.8595,580166.452 6570863.8336,580166.6829 6570863.79209999,580166.6855 6570863.74539999,580166.561000001 6570863.7428,580166.4805 6570863.7324,580166.406 6570863.721,580166.314 6570863.725,580166.1925 6570863.71939999,580166.0757 6570863.7376,580165.959999999 6570863.755,580165.816 6570863.794,580165.699400001 6570863.83099999,580165.567100001 6570863.84919999,580165.6242 6570863.9478,580165.8292 6570863.9348)),((580172.03 6570855.521,580172.013000001 6570855.613,580172.093999999 6570855.683,580172.209 6570855.71,580172.305 6570855.803,580172.444 6570855.824,580172.517000001 6570855.85099999,580172.524 6570855.914,580172.566399999 6570855.8844,580172.6805 6570855.8302,580172.823000001 6570855.83,580172.8932 6570855.8333,580173.114 6570855.8887,580173.138999999 6570855.89,580173.2995 6570855.9072,580173.3772 6570855.9849,580173.496999999 6570855.977,580173.608 6570855.948,580173.624 6570855.835,580173.513 6570855.653,580173.403 6570855.472,580173.351999999 6570855.29,580173.276 6570855.134,580173.228 6570855.01599999,580172.959 6570855.115,580172.66 6570855.175,580172.447 6570855.262,580172.164 6570855.347,580171.906 6570855.461,580172.03 6570855.521)),((580166.8314 6570863.0569,580166.9475 6570862.9972,580167.065200001 6570863.0984,580167.1365 6570863.1547,580167.252600001 6570863.2144,580167.5908 6570863.2095,580167.6489 6570863.1365,580167.726 6570863.107,580167.7953 6570863.0763,580167.9374 6570863.0652,580168.2292 6570862.92589999,580168.3884 6570862.848,580168.4829 6570862.8347,580168.5293 6570862.8513,580168.6304 6570862.8364,580168.789600001 6570862.72529999,580168.962000001 6570862.65899999,580169.209099999 6570862.586,580169.3583 6570862.5363,580169.468 6570862.376,580169.602 6570862.295,580169.69 6570862.195,580169.823 6570862.162,580169.895 6570862.214,580170.072 6570862.04199999,580169.985 6570861.93699999,580169.991000001 6570861.814,580170.072 6570861.72,580170.199 6570861.638,580170.348 6570861.556,580170.509 6570861.514,580170.638 6570861.498,580170.571 6570861.242,580170.426 6570860.90699999,580170.305 6570860.574,580170.127 6570860.17099999,580169.959 6570859.768,580170.087000001 6570859.46,580170.1507 6570859.2319,580170.26 6570859.217,580170.283000001 6570858.82199999,580170.2953 6570858.7701,580170.465 6570858.479,580170.6199 6570858.24609999,580170.7038 6570858.1615,580170.7615 6570858.1072,580170.984700001 6570857.93159999,580171.093999999 6570857.861,580171.361 6570857.665,580171.739000001 6570857.43689999,580171.878999999 6570857.354,580172.077 6570857.24499999,580172.272 6570857.202,580172.43 6570857.146,580172.6497 6570857.05279999,580172.5128 6570857.0226,580172.394000001 6570857.02899999,580172.296 6570856.958,580172.295999999 6570856.892,580172.272 6570856.82099999,580172.177 6570856.76399999,580172.146 6570856.695,580172.114000001 6570856.65999999,580172.156000001 6570856.57899999,580172.134000001 6570856.496,580172.08 6570856.477,580172.047 6570856.512,580172.006 6570856.52,580171.843 6570856.539,580171.745 6570856.496,580171.621 6570856.364,580171.531 6570856.25499999,580171.553 6570856.117,580171.487 6570856.015,580171.545 6570855.934,580171.572 6570855.85499999,580171.632000001 6570855.73899999,580171.625 6570855.699,580171.659 6570855.613,580171.6092 6570855.618,580171.542000001 6570855.64039999,580171.2733 6570855.73949999,580171.007800001 6570855.8323,580170.659 6570855.9571,580170.3647 6570856.0626,580170.144 6570856.1394,580169.8657 6570856.2418,580169.6257 6570856.3218,580169.1842 6570856.4785,580168.7012 6570856.6545,580167.988 6570856.896,580168.135 6570857.023,580168.337 6570857.16799999,580168.569 6570857.3,580168.79 6570857.349,580169.042 6570857.424,580169.134000001 6570857.44399999,580169.211 6570857.516,580169.274 6570857.626,580169.265 6570857.725,580169.174 6570857.888,580169.1381 6570857.9647,580169.034 6570857.847,580168.971 6570857.97199999,580168.892 6570858.09399999,580168.744 6570858.243,580168.635999999 6570858.276,580168.55 6570858.403,580168.507000001 6570858.555,580168.45 6570858.711,580168.339000001 6570858.87799999,580168.128 6570859.043,580167.929 6570859.086,580167.716 6570859.07599999,580167.507 6570859.07999999,580167.334 6570859.119,580167.154 6570859.153,580166.922 6570859.177,580166.723 6570859.17,580166.518 6570859.141,580166.392 6570859.092,580166.226999999 6570859.098,580166.03 6570859.134,580165.821 6570859.195,580165.61 6570859.227,580165.413000001 6570859.311,580165.21 6570859.403,580165.067 6570859.484,580164.899 6570859.68199999,580164.672000001 6570859.82999999,580164.325 6570860.006,580164.101 6570860.116,580164.131999999 6570860.289,580164.129 6570860.444,580164.043 6570860.707,580164.0066 6570860.8083,580164.2176 6570861.2207,580164.5117 6570861.7961,580164.633200001 6570862.01669999,580164.770699999 6570862.2288,580164.920900001 6570862.57619999,580165.1127 6570862.9502,580165.2629 6570863.2283,580165.349200001 6570863.37219999,580165.6907 6570863.2376,580165.967600001 6570863.1564,580166.2229 6570863.3819,580166.3937 6570863.34379999,580166.567800001 6570863.20609999,580166.6922 6570863.1348,580166.7618 6570863.0934,580166.8314 6570863.0569)))",43,NØ,Baglergaten 2,,Avfallslag kamproduksjon,54,Handel- og næringskonstruksjoner,Produksjon,30.49,1,1,1,0,0,0,"2",1000,1300,,,,,,"2016",NIKU,105,,1020879,C60765,NIKU Oppdragsrapport 59/2017
"MULTIPOLYGON (((580205.179943181 6570881.95584024,580211.852590358 6570878.69092646,580212.165898384 6570877.12438633,580212.917837648 6570876.24712386,580214.045746543 6570875.18187657,580215.674948281 6570873.11404359,580216.48954915 6570872.98872038,580217.868104466 6570873.80332125,580218.682705335 6570874.30461409,580219.434644599 6570874.4299373,580220.123922257 6570873.92864446,580220.687876705 6570873.36469001,580220.938523126 6570872.0487963,580220.875861521 6570870.35693296,580220.249245469 6570868.97837763,580219.559967809 6570867.91313035,580217.429473229 6570865.78263577,580216.928180387 6570864.9680349,580216.865518781 6570864.15343403,580217.178826808 6570862.83754032,580218.432058913 6570861.70963143,580219.309321389 6570861.33366179,580220.123922258 6570861.14567697,580221.502477574 6570860.26841451,580223.131679311 6570858.63921277,580224.572896233 6570856.6340414,580224.760881049 6570854.56620841,580225.13685068 6570850.30521926,580220.926723213 6570853.19172204,580198.111388589 6570868.51858794,580205.179943181 6570881.95584024)))",44,NØ,Baglergaten 2/4,"246",,52,Handel- og næringskonstruksjoner,Jordbruk,358.86,1,0,0,0,0,0,"1",600,900,810,T-4224A,,,,1981–1982,Riksantikvaren,893,TS,,C36399,"Brendalsmo, Jan. 1986. Innberetning over de arkeologiske utgravingene i Baglergaten 2–4, Tønsberg, 1981–81. Riksantikvaren."
"MULTIPOLYGON (((580226.65446037 6570857.42883194,580225.946219043 6570858.99928011,580224.791477752 6570860.69290067,580223.960064021 6570862.09398677,580222.970835648 6570863.32955995,580221.785301255 6570864.90000811,580220.373046344 6570866.37593154,580219.237235238 6570867.90549049,580219.070649609 6570868.04178783,580218.964640573 6570868.04178783,580218.888919832 6570867.92063465,580218.767766647 6570867.78433731,580217.419937468 6570867.16342724,580215.648072141 6570866.34564324,580215.284612587 6570866.26992249,580214.875720588 6570866.25477836,580214.754567404 6570866.26992249,580214.633414219 6570866.43650813,580214.693990811 6570866.5879496,580214.921153032 6570866.75453524,580215.557207252 6570866.90597672,580216.571865174 6570867.46631019,580217.011045469 6570867.60260754,580217.813685318 6570868.04178783,580218.419451241 6570868.54154472,580218.540604427 6570868.79899523,580218.343730502 6570869.26846383,580218.555748574 6570869.67735581,580218.82834324 6570869.73793242,580219.070649609 6570869.66221168,580219.720333562 6570869.26947344,580224.433507951 6570863.29876685,580225.930822492 6570860.43115931,580226.854615526 6570858.8145215,580227.224132739 6570857.70596986,580227.162546537 6570857.42883195,580226.931598279 6570857.21328023,580226.762236223 6570857.29026299,580226.65446037 6570857.42883194)))",45,NØ,Baglergaten 2/4,"438",,33,Sivile konstruksjoner,Grøft,18.02,1,0,0,0,0,0,2A,1150,1200,1025,T-4725A,,,,1981–1982,Riksantikvaren,893,TS,,C36399,"Brendalsmo, Jan. 1986. Innberetning over de arkeologiske utgravingene i Baglergaten 2–4, Tønsberg, 1981–81. Riksantikvaren."
"MULTIPOLYGON (((580226.65446037 6570857.42883194,580225.946219043 6570858.99928011,580224.791477752 6570860.69290067,580223.960064021 6570862.09398677,580222.970835648 6570863.32955995,580221.785301255 6570864.90000811,580220.373046344 6570866.37593154,580219.237235238 6570867.90549049,580219.070649609 6570868.04178783,580218.964640573 6570868.04178783,580218.888919832 6570867.92063465,580218.767766647 6570867.78433731,580217.419937468 6570867.16342724,580215.648072141 6570866.34564324,580215.284612587 6570866.26992249,580214.875720588 6570866.25477836,580214.754567404 6570866.26992249,580214.633414219 6570866.43650813,580214.693990811 6570866.5879496,580214.921153032 6570866.75453524,580215.557207252 6570866.90597672,580216.571865174 6570867.46631019,580217.011045469 6570867.60260754,580217.813685318 6570868.04178783,580218.419451241 6570868.54154472,580218.540604427 6570868.79899523,580218.343730502 6570869.26846383,580218.555748574 6570869.67735581,580218.82834324 6570869.73793242,580219.070649609 6570869.66221168,580219.720333562 6570869.26947344,580224.433507951 6570863.29876685,580225.930822492 6570860.43115931,580226.854615526 6570858.8145215,580227.224132739 6570857.70596986,580227.162546537 6570857.42883195,580226.931598279 6570857.21328023,580226.762236223 6570857.29026299,580226.65446037 6570857.42883194)))",46,NØ,Baglergaten 2/4,"438",,33,Sivile konstruksjoner,Grøft,18.02,1,0,0,0,0,0,2A,1150,1200,1025,T-4725A,,,,1981–1982,Riksantikvaren,893,TS,,C36399,"Brendalsmo, Jan. 1986. Innberetning over de arkeologiske utgravingene i Baglergaten 2–4, Tønsberg, 1981–81. Riksantikvaren."
"MULTIPOLYGON (((580226.65446037 6570857.42883194,580225.946219043 6570858.99928011,580224.791477752 6570860.69290067,580223.960064021 6570862.09398677,580222.970835648 6570863.32955995,580221.785301255 6570864.90000811,580220.373046344 6570866.37593154,580219.237235238 6570867.90549049,580219.070649609 6570868.04178783,580218.540604427 6570868.79899523,580218.343730502 6570869.26846383,580218.555748574 6570869.67735581,580218.82834324 6570869.73793242,580219.070649609 6570869.66221168,580219.720333562 6570869.26947344,580224.433507951 6570863.29876685,580225.930822492 6570860.43115931,580226.854615526 6570858.8145215,580227.224132739 6570857.70596986,580227.162546537 6570857.42883195,580226.931598279 6570857.21328023,580226.762236223 6570857.29026299,580226.65446037 6570857.42883194)))",47,NØ,Baglergaten 2/4,"438",,33,Sivile konstruksjoner,Grøft,15.18,1,0,0,0,0,0,3A,1150,1200,1025,T-4725A,,,,1981–1982,Riksantikvaren,893,TS,,C36399,"Brendalsmo, Jan. 1986. Innberetning over de arkeologiske utgravingene i Baglergaten 2–4, Tønsberg, 1981–81. Riksantikvaren."
"MULTIPOLYGON (((580202.092646749 6570865.1824036,580202.988534676 6570866.49637257,580210.275089829 6570861.65857776,580209.319476039 6570860.52378638,580202.092646749 6570865.1824036)))",48,NØ,Baglergaten 2/4,377/375/394/390/393/384,,43,Religiøse konstruksjoner,Gravplass,13.29,0,0,0,1,0,0,"10",1350,1450,1352,T-4727,,,,1981–1982,Riksantikvaren,893,TS,,C36399,"Brendalsmo, Jan. 1986. Innberetning over de arkeologiske utgravingene i Baglergaten 2–4, Tønsberg, 1981–81. Riksantikvaren."
"MULTIPOLYGON (((580221.22050035 6570869.47967048,580220.092591454 6570870.35693296,580217.178826808 6570873.95997526,580216.176241123 6570874.89989934,580215.330309452 6570875.87115421,580215.142324636 6570876.27845466,580215.267647846 6570876.30978546,580215.925594702 6570875.43252299,580216.677533966 6570874.68058372,580217.523465637 6570873.80332125,580218.808028546 6570872.33077353,580219.716621822 6570871.20286463,580220.249245467 6570870.48225617,580220.625215099 6570870.01229413,580221.22050035 6570869.47967048)))",49,NØ,Baglergaten 2/4,300/439,,32,Sivile konstruksjoner,Gjerde,1.64,0,1,0,0,0,0,2A,1150,1200,,,,,,1981–1982,Riksantikvaren,893,TS,,C36399,"Brendalsmo, Jan. 1986. Innberetning over de arkeologiske utgravingene i Baglergaten 2–4, Tønsberg, 1981–81. Riksantikvaren."
"MULTIPOLYGON (((580217.836773664 6570869.54233209,580217.68011965 6570869.38567808,580217.241488414 6570869.7929785,580216.395556742 6570870.95221821,580215.76894069 6570871.95480388,580215.455632662 6570872.61275075,580215.110993833 6570873.45868242,580214.453046978 6570874.61792212,580213.983084938 6570875.5578462,580214.171069754 6570875.65183861,580214.797685807 6570874.71191453,580215.361640254 6570873.64666724,580215.800271491 6570872.55008913,580216.677533966 6570871.07754142,580217.836773664 6570869.54233209)))",50,NØ,Baglergaten 2/4,304/306,,32,Sivile konstruksjoner,Gjerde,2.2,0,1,0,0,0,0,2A,1150,1200,,,,,,1981–1982,Riksantikvaren,893,TS,,C36399,"Brendalsmo, Jan. 1986. Innberetning over de arkeologiske utgravingene i Baglergaten 2–4, Tønsberg, 1981–81. Riksantikvaren."
"MULTIPOLYGON (((580226.609398406 6570857.10400344,580226.390082787 6570857.01001103,580226.014113155 6570857.73061949,580225.168181483 6570859.10917481,580223.069017706 6570861.99160865,580221.941108811 6570863.37016397,580220.813199915 6570864.59206527,580219.591298613 6570866.0959438,580218.62004373 6570867.09852947,580218.808028546 6570867.2551835,580219.904606639 6570866.00195138,580221.878447205 6570863.84012601,580223.726964562 6570861.45898501,580225.418827906 6570859.14050561,580226.609398406 6570857.10400344)))",51,NØ,Baglergaten 2/4,360/423,,32,Sivile konstruksjoner,Gjerde,2.87,0,1,0,0,0,0,2A,1150,1200,,,,,,1981–1982,Riksantikvaren,893,TS,,C36399,"Brendalsmo, Jan. 1986. Innberetning over de arkeologiske utgravingene i Baglergaten 2–4, Tønsberg, 1981–81. Riksantikvaren."
"MULTIPOLYGON (((580234.073962136 6570866.28392861,580234.293277755 6570866.1586054,580233.666661702 6570865.21868132,580230.408258226 6570860.2997453,580230.126281003 6570860.48773012,580231.97479836 6570863.02552513,580234.073962136 6570866.28392861)))",52,NØ,Baglergaten 2/4,"643",,32,Sivile konstruksjoner,Gjerde,1.72,0,1,0,0,0,0,2A,1150,1200,,,,,,1981–1982,Riksantikvaren,893,TS,,C36399,"Brendalsmo, Jan. 1986. Innberetning over de arkeologiske utgravingene i Baglergaten 2–4, Tønsberg, 1981–81. Riksantikvaren."
"MULTIPOLYGON (((580236.047802703 6570854.62887003,580236.455103138 6570854.69153163,580236.705749559 6570854.62887003,580236.580426348 6570854.40955441,580236.110464308 6570854.22156959,580235.546509861 6570853.46963033,580234.637916584 6570852.31039062,580234.042631334 6570851.49578976,580233.917308123 6570850.93183532,580233.75282141 6570850.8770064,580233.76065411 6570851.05715853,580233.76065411 6570851.40179736,580233.979969728 6570851.934421,580234.669247387 6570852.81168348,580235.358525045 6570853.65761515,580236.047802703 6570854.62887003)))",53,NØ,Baglergaten 2/4,"515",,32,Sivile konstruksjoner,Gjerde,1.34,0,1,0,0,0,0,2A,1150,1200,,,,,,1981–1982,Riksantikvaren,893,TS,,C36399,"Brendalsmo, Jan. 1986. Innberetning over de arkeologiske utgravingene i Baglergaten 2–4, Tønsberg, 1981–81. Riksantikvaren."
"MULTIPOLYGON (((580233.76065411 6570851.05715853,580233.75282141 6570850.8770064,580233.353353675 6570851.10415473,580232.891224336 6570851.37829925,580232.530920106 6570851.76210159,580231.959132957 6570852.29472523,580230.502250634 6570853.36780522,580229.538828452 6570853.97875587,580228.645900577 6570854.49571412,580228.794721889 6570854.64453543,580231.16019749 6570853.1328242,580232.264608284 6570852.29472523,580232.891224336 6570851.62894568,580233.361186376 6570851.33130305,580233.76065411 6570851.05715853)))",54,NØ,Baglergaten 2/4,"615",,32,Sivile konstruksjoner,Gjerde,1.13,0,1,0,0,0,0,2A,1150,1200,,,,,,1981–1982,Riksantikvaren,893,TS,,C36399,"Brendalsmo, Jan. 1986. Innberetning over de arkeologiske utgravingene i Baglergaten 2–4, Tønsberg, 1981–81. Riksantikvaren."
"MULTIPOLYGON (((580222.473732454 6570852.27122713,580222.254416836 6570852.42788114,580223.069017705 6570853.39913602,580224.040272587 6570854.40172171,580225.60681272 6570856.06225424,580226.703390813 6570857.03350913,580226.891375628 6570856.87685512,580225.230843088 6570855.18499178,580224.165595798 6570854.11974449,580223.444987337 6570853.27381281,580222.473732454 6570852.27122713)))",55,NØ,Baglergaten 2/4,,,32,Sivile konstruksjoner,Gjerde,2,0,1,0,0,0,0,2A,1150,1200,,,,,,1981–1982,Riksantikvaren,893,TS,,C36399,"Brendalsmo, Jan. 1986. Innberetning over de arkeologiske utgravingene i Baglergaten 2–4, Tønsberg, 1981–81. Riksantikvaren."
"MULTIPOLYGON (((580234.442099068 6570844.28187245,580234.222783449 6570844.46985727,580235.41335395 6570846.06772819,580236.321947227 6570847.00765228,580236.885901676 6570847.72826075,580237.199209702 6570847.57160673,580235.88331599 6570846.1617206,580234.442099068 6570844.28187245)))",56,NØ,Baglergaten 2/4,"504",,32,Sivile konstruksjoner,Gjerde,1.24,0,1,0,0,0,0,2A,1150,1200,,,,,,1981–1982,Riksantikvaren,893,TS,,C36399,"Brendalsmo, Jan. 1986. Innberetning over de arkeologiske utgravingene i Baglergaten 2–4, Tønsberg, 1981–81. Riksantikvaren."
"MULTIPOLYGON (((580236.729247662 6570854.52704492,580240.034647342 6570851.83259589,580237.073886491 6570848.02590336,580236.776243866 6570848.27654978,580236.102631609 6570847.3209603,580233.235863167 6570849.52978189,580234.066129436 6570850.64202539,580233.768486811 6570850.8926718,580236.729247662 6570854.52704492)))",57,NØ,Baglergaten 2/4,"447",,31,Sivile konstruksjoner,Bygning,25.15,0,1,0,0,0,0,2A,1150,1200,,,,,,1981–1982,Riksantikvaren,893,TS,,C36399,"Brendalsmo, Jan. 1986. Innberetning over de arkeologiske utgravingene i Baglergaten 2–4, Tønsberg, 1981–81. Riksantikvaren."
"MULTIPOLYGON (((580239.329704281 6570855.79594243,580241.413202658 6570858.88202648,580243.669020449 6570857.22149395,580241.648183678 6570854.3233947,580239.329704281 6570855.79594243)))",58,NØ,Baglergaten 2/4,"531",,31,Sivile konstruksjoner,Bygning,10.06,0,1,0,0,0,0,2A,1150,1200,,,,,,1981–1982,Riksantikvaren,893,TS,,C36399,"Brendalsmo, Jan. 1986. Innberetning over de arkeologiske utgravingene i Baglergaten 2–4, Tønsberg, 1981–81. Riksantikvaren."
"MULTIPOLYGON (((580236.729247662 6570854.52704492,580240.034647342 6570851.83259589,580237.073886491 6570848.02590336,580236.776243866 6570848.27654978,580236.102631609 6570847.3209603,580233.235863167 6570849.52978189,580234.066129436 6570850.64202539,580233.768486811 6570850.8926718,580236.729247662 6570854.52704492)))",59,NØ,Baglergaten 2/4,"447",,31,Sivile konstruksjoner,Bygning,25.15,0,1,0,0,0,0,2A,1150,1200,,,,,,1981–1982,Riksantikvaren,893,TS,,C36399,"Brendalsmo, Jan. 1986. Innberetning over de arkeologiske utgravingene i Baglergaten 2–4, Tønsberg, 1981–81. Riksantikvaren."
"MULTIPOLYGON (((580239.329704281 6570855.79594243,580241.413202658 6570858.88202648,580243.669020449 6570857.22149395,580241.648183678 6570854.3233947,580239.329704281 6570855.79594243)))",60,NØ,Baglergaten 2/4,"531",,31,Sivile konstruksjoner,Bygning,10.06,0,1,0,0,0,0,2A,1150,1200,,,,,,1981–1982,Riksantikvaren,893,TS,,C36399,"Brendalsmo, Jan. 1986. Innberetning over de arkeologiske utgravingene i Baglergaten 2–4, Tønsberg, 1981–81. Riksantikvaren."
"MULTIPOLYGON (((580221.212667648 6570869.49533588,580221.001184729 6570869.47183779,580220.640880497 6570869.6441572,580220.092591454 6570870.35693296,580217.178826808 6570873.95997526,580216.176241123 6570874.89989934,580215.330309452 6570875.87115421,580215.142324636 6570876.27845466,580215.267647846 6570876.30978546,580215.925594702 6570875.43252299,580216.677533966 6570874.68058372,580217.523465637 6570873.80332125,580218.808028546 6570872.33077353,580219.716621822 6570871.20286463,580220.249245467 6570870.48225617,580220.625215099 6570870.01229413,580220.844530715 6570869.7459823,580221.212667648 6570869.49533588)))",61,NØ,Baglergaten 2/4,300/439,,32,Sivile konstruksjoner,Gjerde,1.8,0,1,0,0,0,0,2A,1150,1200,,,,,,1981–1982,Riksantikvaren,893,TS,,C36399,"Brendalsmo, Jan. 1986. Innberetning over de arkeologiske utgravingene i Baglergaten 2–4, Tønsberg, 1981–81. Riksantikvaren."
"MULTIPOLYGON (((580226.609398406 6570857.10400344,580226.390082787 6570857.01001103,580226.014113155 6570857.73061949,580225.168181483 6570859.10917481,580223.069017706 6570861.99160865,580221.941108811 6570863.37016397,580220.813199915 6570864.59206527,580219.591298613 6570866.0959438,580218.62004373 6570867.09852947,580218.808028546 6570867.2551835,580219.904606639 6570866.00195138,580221.878447205 6570863.84012601,580223.726964562 6570861.45898501,580225.418827906 6570859.14050561,580226.609398406 6570857.10400344)))",62,NØ,Baglergaten 2/4,360/423,,32,Sivile konstruksjoner,Gjerde,2.87,0,1,0,0,0,0,2A,1150,1200,,,,,,1981–1982,Riksantikvaren,893,TS,,C36399,"Brendalsmo, Jan. 1986. Innberetning over de arkeologiske utgravingene i Baglergaten 2–4, Tønsberg, 1981–81. Riksantikvaren."
"MULTIPOLYGON (((580234.073962136 6570866.28392861,580234.293277755 6570866.1586054,580233.666661702 6570865.21868132,580230.408258226 6570860.2997453,580230.126281003 6570860.48773012,580231.97479836 6570863.02552513,580234.073962136 6570866.28392861)))",63,NØ,Baglergaten 2/4,"643",,32,Sivile konstruksjoner,Gjerde,1.72,0,1,0,0,0,0,2A,1150,1200,,,,,,1981–1982,Riksantikvaren,893,TS,,C36399,"Brendalsmo, Jan. 1986. Innberetning over de arkeologiske utgravingene i Baglergaten 2–4, Tønsberg, 1981–81. Riksantikvaren."
"MULTIPOLYGON (((580239.368867784 6570864.68605768,580239.588183403 6570864.56073446,580238.773582535 6570863.40149476,580238.052974073 6570862.17959347,580237.301034809 6570861.17700778,580236.549095546 6570860.36240691,580236.329779927 6570859.82978327,580236.329779927 6570859.0151824,580236.016471901 6570858.9838516,580235.953810295 6570859.45381364,580236.204456716 6570860.39373772,580236.643087953 6570860.95769216,580237.677004442 6570862.30491668,580238.303620494 6570863.18217914,580239.368867784 6570864.68605768)))",64,NØ,Baglergaten 2/4,"641",,32,Sivile konstruksjoner,Gjerde,2.14,0,1,0,0,0,0,2A,1150,1200,,,,,,1981–1982,Riksantikvaren,893,TS,,C36399,"Brendalsmo, Jan. 1986. Innberetning over de arkeologiske utgravingene i Baglergaten 2–4, Tønsberg, 1981–81. Riksantikvaren."
"MULTIPOLYGON (((580236.047802703 6570854.62887003,580236.455103138 6570854.69153163,580236.705749559 6570854.62887003,580236.580426348 6570854.40955441,580236.110464308 6570854.22156959,580235.546509861 6570853.46963033,580234.637916584 6570852.31039062,580234.042631334 6570851.49578976,580233.917308123 6570850.93183532,580233.75282141 6570850.8770064,580233.76065411 6570851.05715853,580233.76065411 6570851.40179736,580233.979969728 6570851.934421,580234.669247387 6570852.81168348,580235.358525045 6570853.65761515,580236.047802703 6570854.62887003)))",65,NØ,Baglergaten 2/4,"515",,32,Sivile konstruksjoner,Gjerde,1.34,0,1,0,0,0,0,2A,1150,1200,,,,,,1981–1982,Riksantikvaren,893,TS,,C36399,"Brendalsmo, Jan. 1986. Innberetning over de arkeologiske utgravingene i Baglergaten 2–4, Tønsberg, 1981–81. Riksantikvaren."
"MULTIPOLYGON (((580233.76065411 6570851.05715853,580233.75282141 6570850.8770064,580233.353353675 6570851.10415473,580232.891224336 6570851.37829925,580232.530920106 6570851.76210159,580231.959132957 6570852.29472523,580230.502250634 6570853.36780522,580229.538828452 6570853.97875587,580228.645900577 6570854.49571412,580228.794721889 6570854.64453543,580231.16019749 6570853.1328242,580232.264608284 6570852.29472523,580232.891224336 6570851.62894568,580233.361186376 6570851.33130305,580233.76065411 6570851.05715853)))",66,NØ,Baglergaten 2/4,"615",,32,Sivile konstruksjoner,Gjerde,1.13,0,1,0,0,0,0,2A,1150,1200,,,,,,1981–1982,Riksantikvaren,893,TS,,C36399,"Brendalsmo, Jan. 1986. Innberetning over de arkeologiske utgravingene i Baglergaten 2–4, Tønsberg, 1981–81. Riksantikvaren."
"MULTIPOLYGON (((580222.473732454 6570852.27122713,580222.254416836 6570852.42788114,580223.069017705 6570853.39913602,580224.040272587 6570854.40172171,580225.60681272 6570856.06225424,580226.703390813 6570857.03350913,580226.891375628 6570856.87685512,580225.230843088 6570855.18499178,580224.165595798 6570854.11974449,580223.444987337 6570853.27381281,580222.473732454 6570852.27122713)))",67,NØ,Baglergaten 2/4,,,32,Sivile konstruksjoner,Gjerde,2,0,1,0,0,0,0,2A,1150,1200,,,,,,1981–1982,Riksantikvaren,893,TS,,C36399,"Brendalsmo, Jan. 1986. Innberetning over de arkeologiske utgravingene i Baglergaten 2–4, Tønsberg, 1981–81. Riksantikvaren."
"MULTIPOLYGON (((580234.442099068 6570844.28187245,580234.222783449 6570844.46985727,580235.41335395 6570846.06772819,580236.321947227 6570847.00765228,580236.885901676 6570847.72826075,580237.199209702 6570847.57160673,580235.88331599 6570846.1617206,580234.442099068 6570844.28187245)))",68,NØ,Baglergaten 2/4,"504",,32,Sivile konstruksjoner,Gjerde,1.24,0,1,0,0,0,0,2A,1150,1200,,,,,,1981–1982,Riksantikvaren,893,TS,,C36399,"Brendalsmo, Jan. 1986. Innberetning over de arkeologiske utgravingene i Baglergaten 2–4, Tønsberg, 1981–81. Riksantikvaren."
"MULTIPOLYGON (((580211.68027094 6570875.04872066,580212.118902177 6570875.70666751,580212.902172242 6570875.14271306,580212.369548599 6570874.3907738,580211.68027094 6570875.04872066)))",69,NØ,Baglergaten 2/4,"19",,35,Sivile konstruksjoner,Brønn,0.82,0,1,0,0,0,0,2A,1150,1200,,,,,,1981–1982,Riksantikvaren,893,TS,,C36399,"Brendalsmo, Jan. 1986. Innberetning over de arkeologiske utgravingene i Baglergaten 2–4, Tønsberg, 1981–81. Riksantikvaren."
"MULTIPOLYGON (((580202.001011101 6570865.97845328,580210.397666208 6570872.80856826,580216.074539469 6570876.56117512,580218.675854979 6570875.28942086,580212.058198749 6570870.8973893,580203.880859258 6570864.69389038,580202.001011101 6570865.97845328)))",70,NØ,Baglergaten 2/4,"146",,14,Transport,Passasje,43.27,0,0,1,0,0,0,4A,1200,1250,,,,,,1981–1982,Riksantikvaren,893,TS,,C36399,"Brendalsmo, Jan. 1986. Innberetning over de arkeologiske utgravingene i Baglergaten 2–4, Tønsberg, 1981–81. Riksantikvaren."
"MULTIPOLYGON (((580205.226125593 6570867.99929006,580207.6699282 6570870.06712303,580214.186735152 6570873.20020329,580215.502628863 6570873.67016534,580216.097914114 6570873.01221848,580212.212894584 6570871.38301675,580208.265213451 6570869.34651456,580206.385365292 6570867.87396685,580205.539433619 6570867.02803518,580205.226125593 6570867.99929006)))",71,NØ,Baglergaten 2/4,"286",,36,Sivile konstruksjoner,Vannhåndtering,10.37,0,1,0,0,0,0,2B,1150,1200,,,,,,1981–1982,Riksantikvaren,893,TS,,C36399,"Brendalsmo, Jan. 1986. Innberetning over de arkeologiske utgravingene i Baglergaten 2–4, Tønsberg, 1981–81. Riksantikvaren."
"MULTIPOLYGON (((580236.729247662 6570854.52704492,580240.034647342 6570851.83259589,580237.073886491 6570848.02590336,580236.776243866 6570848.27654978,580236.102631609 6570847.3209603,580233.235863167 6570849.52978189,580234.066129436 6570850.64202539,580233.768486811 6570850.8926718,580236.729247662 6570854.52704492)))",72,NØ,Baglergaten 2/4,"447",,31,Sivile konstruksjoner,Bygning,25.15,0,1,0,0,0,0,3A,1150,1200,,,,,,1981–1982,Riksantikvaren,893,TS,,C36399,"Brendalsmo, Jan. 1986. Innberetning over de arkeologiske utgravingene i Baglergaten 2–4, Tønsberg, 1981–81. Riksantikvaren."
"MULTIPOLYGON (((580239.329704281 6570855.79594243,580241.413202658 6570858.88202648,580243.669020449 6570857.22149395,580241.648183678 6570854.3233947,580239.329704281 6570855.79594243)))",73,NØ,Baglergaten 2/4,"531",,31,Sivile konstruksjoner,Bygning,10.06,0,1,0,0,0,0,3A,1150,1200,,,,,,1981–1982,Riksantikvaren,893,TS,,C36399,"Brendalsmo, Jan. 1986. Innberetning over de arkeologiske utgravingene i Baglergaten 2–4, Tønsberg, 1981–81. Riksantikvaren."
"MULTIPOLYGON (((580234.073962136 6570866.28392861,580234.293277755 6570866.1586054,580233.666661702 6570865.21868132,580230.408258226 6570860.2997453,580230.126281003 6570860.48773012,580231.97479836 6570863.02552513,580234.073962136 6570866.28392861)))",74,NØ,Baglergaten 2/4,"643",,32,Sivile konstruksjoner,Gjerde,1.72,0,1,0,0,0,0,3A,1150,1200,,,,,,1981–1982,Riksantikvaren,893,TS,,C36399,"Brendalsmo, Jan. 1986. Innberetning over de arkeologiske utgravingene i Baglergaten 2–4, Tønsberg, 1981–81. Riksantikvaren."
"MULTIPOLYGON (((580239.368867784 6570864.68605768,580239.588183403 6570864.56073446,580238.773582535 6570863.40149476,580238.052974073 6570862.17959347,580237.301034809 6570861.17700778,580236.549095546 6570860.36240691,580236.329779927 6570859.82978327,580236.329779927 6570859.0151824,580236.016471901 6570858.9838516,580235.953810295 6570859.45381364,580236.204456716 6570860.39373772,580236.643087953 6570860.95769216,580237.677004442 6570862.30491668,580238.303620494 6570863.18217914,580239.368867784 6570864.68605768)))",75,NØ,Baglergaten 2/4,"641",,32,Sivile konstruksjoner,Gjerde,2.14,0,1,0,0,0,0,3A,1150,1200,,,,,,1981–1982,Riksantikvaren,893,TS,,C36399,"Brendalsmo, Jan. 1986. Innberetning over de arkeologiske utgravingene i Baglergaten 2–4, Tønsberg, 1981–81. Riksantikvaren."
"MULTIPOLYGON (((580236.047802703 6570854.62887003,580236.455103138 6570854.69153163,580236.705749559 6570854.62887003,580236.580426348 6570854.40955441,580236.110464308 6570854.22156959,580235.546509861 6570853.46963033,580234.637916584 6570852.31039062,580234.042631334 6570851.49578976,580233.917308123 6570850.93183532,580233.75282141 6570850.8770064,580233.76065411 6570851.05715853,580233.76065411 6570851.40179736,580233.979969728 6570851.934421,580234.669247387 6570852.81168348,580235.358525045 6570853.65761515,580236.047802703 6570854.62887003)))",76,NØ,Baglergaten 2/4,"515",,32,Sivile konstruksjoner,Gjerde,1.34,0,1,0,0,0,0,3A,1150,1200,,,,,,1981–1982,Riksantikvaren,893,TS,,C36399,"Brendalsmo, Jan. 1986. Innberetning over de arkeologiske utgravingene i Baglergaten 2–4, Tønsberg, 1981–81. Riksantikvaren."
"MULTIPOLYGON (((580233.76065411 6570851.05715853,580233.75282141 6570850.8770064,580233.353353675 6570851.10415473,580232.891224336 6570851.37829925,580232.530920106 6570851.76210159,580231.959132957 6570852.29472523,580230.502250634 6570853.36780522,580229.538828452 6570853.97875587,580228.645900577 6570854.49571412,580228.794721889 6570854.64453543,580231.16019749 6570853.1328242,580232.264608284 6570852.29472523,580232.891224336 6570851.62894568,580233.361186376 6570851.33130305,580233.76065411 6570851.05715853)))",77,NØ,Baglergaten 2/4,"615",,32,Sivile konstruksjoner,Gjerde,1.13,0,1,0,0,0,0,3A,1150,1200,,,,,,1981–1982,Riksantikvaren,893,TS,,C36399,"Brendalsmo, Jan. 1986. Innberetning over de arkeologiske utgravingene i Baglergaten 2–4, Tønsberg, 1981–81. Riksantikvaren."
"MULTIPOLYGON (((580234.442099068 6570844.28187245,580234.222783449 6570844.46985727,580235.41335395 6570846.06772819,580236.321947227 6570847.00765228,580236.885901676 6570847.72826075,580237.199209702 6570847.57160673,580235.88331599 6570846.1617206,580234.442099068 6570844.28187245)))",78,NØ,Baglergaten 2/4,"504",,32,Sivile konstruksjoner,Gjerde,1.24,0,1,0,0,0,0,3A,1150,1200,,,,,,1981–1982,Riksantikvaren,893,TS,,C36399,"Brendalsmo, Jan. 1986. Innberetning over de arkeologiske utgravingene i Baglergaten 2–4, Tønsberg, 1981–81. Riksantikvaren."
"MULTIPOLYGON (((580226.609398406 6570857.10400344,580226.390082787 6570857.01001103,580226.014113155 6570857.73061949,580225.168181483 6570859.10917481,580223.069017706 6570861.99160865,580221.941108811 6570863.37016397,580220.813199915 6570864.59206527,580219.591298613 6570866.0959438,580218.62004373 6570867.09852947,580217.28652644 6570868.71989851,580216.323104258 6570868.06978437,580215.725860833 6570867.68989838,580215.600537622 6570867.78389079,580215.874682145 6570867.9327121,580216.172324771 6570868.12852962,580216.571792505 6570868.39484144,580216.900765933 6570868.61415706,580217.11224885 6570868.76297837,580217.190575856 6570868.95096319,580217.214073958 6570869.21727501,580217.151412353 6570869.51491763,580217.020214617 6570869.80472756,580216.918389509 6570870.03187588,580216.753902795 6570870.48617251,580216.652077686 6570870.76814974,580216.761735495 6570870.88564025,580217.090708923 6570870.10628654,580217.28652644 6570869.6989861,580217.357020746 6570869.29168567,580217.35506257 6570868.95096319,580218.808028546 6570867.2551835,580219.904606639 6570866.00195138,580221.878447205 6570863.84012601,580223.726964562 6570861.45898501,580225.418827906 6570859.14050561,580226.609398406 6570857.10400344)))",79,NØ,Baglergaten 2/4,360/389,,32,Sivile konstruksjoner,Gjerde,3.96,0,1,0,0,0,0,3A,1150,1200,,,,,,1981–1982,Riksantikvaren,893,TS,,C36399,"Brendalsmo, Jan. 1986. Innberetning over de arkeologiske utgravingene i Baglergaten 2–4, Tønsberg, 1981–81. Riksantikvaren."
"MULTIPOLYGON (((580211.68027094 6570875.04872066,580212.118902177 6570875.70666751,580212.902172242 6570875.14271306,580212.369548599 6570874.3907738,580211.68027094 6570875.04872066)))",80,NØ,Baglergaten 2/4,"19",,35,Sivile konstruksjoner,Brønn,0.82,0,1,0,0,0,0,3A,1150,1200,,,,,,1981–1982,Riksantikvaren,893,TS,,C36399,"Brendalsmo, Jan. 1986. Innberetning over de arkeologiske utgravingene i Baglergaten 2–4, Tønsberg, 1981–81. Riksantikvaren."
"MULTIPOLYGON (((580223.127762958 6570866.82830131,580224.114683241 6570867.36092496,580227.561071532 6570869.67940435,580230.192858953 6570866.26434687,580226.715139861 6570863.85187506,580225.681223372 6570863.31925142,580223.127762958 6570866.82830131)))",81,NØ,Baglergaten 2/4,"351",Lager,54,Handel- og næringskonstruksjoner,Produksjon,23.11,0,1,0,0,0,0,3A,1150,1200,,,,,,1981–1982,Riksantikvaren,893,TS,,C36399,"Brendalsmo, Jan. 1986. Innberetning over de arkeologiske utgravingene i Baglergaten 2–4, Tønsberg, 1981–81. Riksantikvaren."
"MULTIPOLYGON (((580226.433162637 6570864.11818688,580226.35483563 6570864.02419447,580226.010196801 6570864.2591755,580225.493238558 6570864.88579154,580224.741299294 6570865.84138102,580224.177344846 6570866.51499329,580224.005025432 6570866.96928992,580224.114683241 6570867.03195153,580224.380995064 6570866.53065869,580225.05460732 6570865.70039242,580225.743884979 6570864.80746454,580226.433162637 6570864.11818688)))",82,NØ,Baglergaten 2/4,"292",,32,Sivile konstruksjoner,Gjerde,0.6,0,1,0,0,0,0,3A,1150,1200,,,,,,1981–1982,Riksantikvaren,893,TS,,C36399,"Brendalsmo, Jan. 1986. Innberetning over de arkeologiske utgravingene i Baglergaten 2–4, Tønsberg, 1981–81. Riksantikvaren."
"MULTIPOLYGON (((580226.527155045 6570862.47331975,580226.433162637 6570862.58297755,580226.574151248 6570862.88062018,580226.652478255 6570863.30358602,580226.57415125 6570863.61689404,580226.730805262 6570863.63255944,580226.777801466 6570863.42890923,580226.746470663 6570862.92761638,580226.527155045 6570862.47331975)))",83,NØ,Baglergaten 2/4,"369",,32,Sivile konstruksjoner,Gjerde,0.16,0,1,0,0,0,0,3A,1150,1200,,,,,,1981–1982,Riksantikvaren,893,TS,,C36399,"Brendalsmo, Jan. 1986. Innberetning over de arkeologiske utgravingene i Baglergaten 2–4, Tønsberg, 1981–81. Riksantikvaren."
"MULTIPOLYGON (((580224.600310682 6570863.85187506,580224.45932207 6570863.74221725,580224.177344846 6570864.03985987,580223.535063392 6570864.96411856,580222.736127925 6570866.12335825,580222.344492891 6570866.78130511,580222.501146906 6570866.85963211,580223.096432155 6570865.96670423,580223.785709813 6570864.88579154,580224.600310682 6570863.85187506)))",84,NØ,Baglergaten 2/4,"444",,32,Sivile konstruksjoner,Gjerde,0.71,0,1,0,0,0,0,3A,1150,1200,,,,,,1981–1982,Riksantikvaren,893,TS,,C36399,"Brendalsmo, Jan. 1986. Innberetning over de arkeologiske utgravingene i Baglergaten 2–4, Tønsberg, 1981–81. Riksantikvaren."
"MULTIPOLYGON (((580226.527155045 6570862.47331975,580226.433162637 6570862.58297755,580226.574151248 6570862.88062018,580226.652478255 6570863.30358602,580226.57415125 6570863.61689404,580226.730805262 6570863.63255944,580226.777801466 6570863.42890923,580226.746470663 6570862.92761638,580226.527155045 6570862.47331975)))",85,NØ,Baglergaten 2/4,"369",,32,Sivile konstruksjoner,Gjerde,0.16,0,1,0,0,0,0,3B,1150,1200,,,,,,1981–1982,Riksantikvaren,893,TS,,C36399,"Brendalsmo, Jan. 1986. Innberetning over de arkeologiske utgravingene i Baglergaten 2–4, Tønsberg, 1981–81. Riksantikvaren."
"MULTIPOLYGON (((580199.919470899 6570871.08929047,580201.266695413 6570872.02921455,580202.206619492 6570872.81248462,580202.770573941 6570873.43910066,580203.804490427 6570874.19103992,580205.089053336 6570875.19362561,580209.036734469 6570877.91940545,580209.28738089 6570877.73142063,580204.055136848 6570873.97172432,580203.115212769 6570873.31377746,580202.64525073 6570872.81248461,580202.175288691 6570872.31119176,580200.890725781 6570871.40259849,580200.107455715 6570870.90130566,580199.919470899 6570871.08929047)),((580210.227304969 6570878.4833599,580210.070650956 6570878.64001391,580210.665936206 6570879.26662996,580210.916582627 6570879.14130675,580210.227304969 6570878.4833599)))",86,NØ,Baglergaten 2/4,"190",,32,Sivile konstruksjoner,Gjerde,4.02,0,1,0,0,0,0,3A,1150,1200,,,,,,1981–1982,Riksantikvaren,893,TS,,C36399,"Brendalsmo, Jan. 1986. Innberetning over de arkeologiske utgravingene i Baglergaten 2–4, Tønsberg, 1981–81. Riksantikvaren."
"MULTIPOLYGON (((580204.462437283 6570864.3531679,580205.997646611 6570865.32442279,580208.096810389 6570866.42100088,580208.2221336 6570866.10769285,580206.248293034 6570865.01111476,580204.681752901 6570864.13385229,580204.462437283 6570864.3531679)))",87,NØ,Baglergaten 2/4,"201",,32,Sivile konstruksjoner,Gjerde,1.48,0,1,0,0,0,0,3A,1150,1200,,,,,,1981–1982,Riksantikvaren,893,TS,,C36399,"Brendalsmo, Jan. 1986. Innberetning over de arkeologiske utgravingene i Baglergaten 2–4, Tønsberg, 1981–81. Riksantikvaren."
"MULTIPOLYGON (((580212.107153128 6570870.36868201,580215.271564195 6570872.24853017,580216.712781117 6570868.86480348,580213.485708444 6570867.39225576,580212.107153128 6570870.36868201)),((580212.353883198 6570869.83410018,580213.485708444 6570867.39225576,580211.094776567 6570866.0724457,580209.763217455 6570868.74339662,580212.353883198 6570869.83410018)))",88,NØ,Baglergaten 2/4,"218",,31,Sivile konstruksjoner,Bygning,20.39,0,1,0,0,0,0,3A,1150,1200,,,,,,1981–1982,Riksantikvaren,893,TS,,C36399,"Brendalsmo, Jan. 1986. Innberetning over de arkeologiske utgravingene i Baglergaten 2–4, Tønsberg, 1981–81. Riksantikvaren."
"MULTIPOLYGON (((580205.226125593 6570867.99929006,580207.6699282 6570870.06712303,580214.186735152 6570873.20020329,580215.502628863 6570873.67016534,580216.097914114 6570873.01221848,580212.212894584 6570871.38301675,580208.265213451 6570869.34651456,580206.385365292 6570867.87396685,580205.539433619 6570867.02803518,580205.226125593 6570867.99929006)))",89,NØ,Baglergaten 2/4,"204",,36,Sivile konstruksjoner,Vannhåndtering,10.37,0,1,0,0,0,0,3A,1150,1200,,,,,,1981–1982,Riksantikvaren,893,TS,,C36399,"Brendalsmo, Jan. 1986. Innberetning over de arkeologiske utgravingene i Baglergaten 2–4, Tønsberg, 1981–81. Riksantikvaren."
"MULTIPOLYGON (((580202.001011101 6570865.97845328,580210.397666208 6570872.80856826,580212.058198749 6570870.8973893,580203.880859258 6570864.69389038,580202.001011101 6570865.97845328)))",90,NØ,Baglergaten 2/4,"181",,14,Transport,Passasje,24.79,0,1,0,0,0,0,3A,1150,1200,,,,,,1981–1982,Riksantikvaren,893,TS,,C36399,"Brendalsmo, Jan. 1986. Innberetning over de arkeologiske utgravingene i Baglergaten 2–4, Tønsberg, 1981–81. Riksantikvaren."
"MULTIPOLYGON (((580236.729247662 6570854.52704492,580240.034647342 6570851.83259589,580237.073886491 6570848.02590336,580236.776243866 6570848.27654978,580236.102631609 6570847.3209603,580233.235863167 6570849.52978189,580234.066129436 6570850.64202539,580233.768486811 6570850.8926718,580236.729247662 6570854.52704492)))",91,NØ,Baglergaten 2/4,"447",Lager,54,Handel- og næringskonstruksjoner,Produksjon,25.15,0,1,0,0,0,0,3B,1150,1200,,,,,,1981–1982,Riksantikvaren,893,TS,,C36399,"Brendalsmo, Jan. 1986. Innberetning over de arkeologiske utgravingene i Baglergaten 2–4, Tønsberg, 1981–81. Riksantikvaren."
"MULTIPOLYGON (((580239.329704281 6570855.79594243,580241.413202658 6570858.88202648,580243.669020449 6570857.22149395,580241.648183678 6570854.3233947,580239.329704281 6570855.79594243)))",92,NØ,Baglergaten 2/4,"531",,31,Sivile konstruksjoner,Bygning,10.06,0,1,0,0,0,0,3B,1150,1200,,,,,,1981–1982,Riksantikvaren,893,TS,,C36399,"Brendalsmo, Jan. 1986. Innberetning over de arkeologiske utgravingene i Baglergaten 2–4, Tønsberg, 1981–81. Riksantikvaren."
"MULTIPOLYGON (((580234.073962136 6570866.28392861,580234.293277755 6570866.1586054,580233.666661702 6570865.21868132,580230.408258226 6570860.2997453,580230.126281003 6570860.48773012,580231.97479836 6570863.02552513,580234.073962136 6570866.28392861)))",93,NØ,Baglergaten 2/4,"643",,32,Sivile konstruksjoner,Gjerde,1.72,0,1,0,0,0,0,3B,1150,1200,,,,,,1981–1982,Riksantikvaren,893,TS,,C36399,"Brendalsmo, Jan. 1986. Innberetning over de arkeologiske utgravingene i Baglergaten 2–4, Tønsberg, 1981–81. Riksantikvaren."
"MULTIPOLYGON (((580239.368867784 6570864.68605768,580239.588183403 6570864.56073446,580238.773582535 6570863.40149476,580238.052974073 6570862.17959347,580237.301034809 6570861.17700778,580236.549095546 6570860.36240691,580236.329779927 6570859.82978327,580236.329779927 6570859.0151824,580236.016471901 6570858.9838516,580235.953810295 6570859.45381364,580236.204456716 6570860.39373772,580236.643087953 6570860.95769216,580237.677004442 6570862.30491668,580238.303620494 6570863.18217914,580239.368867784 6570864.68605768)))",94,NØ,Baglergaten 2/4,"641",,32,Sivile konstruksjoner,Gjerde,2.14,0,1,0,0,0,0,3B,1150,1200,,,,,,1981–1982,Riksantikvaren,893,TS,,C36399,"Brendalsmo, Jan. 1986. Innberetning over de arkeologiske utgravingene i Baglergaten 2–4, Tønsberg, 1981–81. Riksantikvaren."
"MULTIPOLYGON (((580236.047802703 6570854.62887003,580236.455103138 6570854.69153163,580236.705749559 6570854.62887003,580236.580426348 6570854.40955441,580236.110464308 6570854.22156959,580235.546509861 6570853.46963033,580234.637916584 6570852.31039062,580234.042631334 6570851.49578976,580233.917308123 6570850.93183532,580233.75282141 6570850.8770064,580233.76065411 6570851.05715853,580233.76065411 6570851.40179736,580233.979969728 6570851.934421,580234.669247387 6570852.81168348,580235.358525045 6570853.65761515,580236.047802703 6570854.62887003)))",95,NØ,Baglergaten 2/4,"515",,32,Sivile konstruksjoner,Gjerde,1.34,0,1,0,0,0,0,3B,1150,1200,,,,,,1981–1982,Riksantikvaren,893,TS,,C36399,"Brendalsmo, Jan. 1986. Innberetning over de arkeologiske utgravingene i Baglergaten 2–4, Tønsberg, 1981–81. Riksantikvaren."
"MULTIPOLYGON (((580233.76065411 6570851.05715853,580233.75282141 6570850.8770064,580233.353353675 6570851.10415473,580232.891224336 6570851.37829925,580232.530920106 6570851.76210159,580231.959132957 6570852.29472523,580230.502250634 6570853.36780522,580229.538828452 6570853.97875587,580228.645900577 6570854.49571412,580228.794721889 6570854.64453543,580231.16019749 6570853.1328242,580232.264608284 6570852.29472523,580232.891224336 6570851.62894568,580233.361186376 6570851.33130305,580233.76065411 6570851.05715853)))",96,NØ,Baglergaten 2/4,"615",,32,Sivile konstruksjoner,Gjerde,1.13,0,1,0,0,0,0,3B,1150,1200,,,,,,1981–1982,Riksantikvaren,893,TS,,C36399,"Brendalsmo, Jan. 1986. Innberetning over de arkeologiske utgravingene i Baglergaten 2–4, Tønsberg, 1981–81. Riksantikvaren."
"MULTIPOLYGON (((580234.442099068 6570844.28187245,580234.222783449 6570844.46985727,580235.41335395 6570846.06772819,580236.321947227 6570847.00765228,580236.885901676 6570847.72826075,580237.199209702 6570847.57160673,580235.88331599 6570846.1617206,580234.442099068 6570844.28187245)))",97,NØ,Baglergaten 2/4,"504",,32,Sivile konstruksjoner,Gjerde,1.24,0,1,0,0,0,0,3B,1150,1200,,,,,,1981–1982,Riksantikvaren,893,TS,,C36399,"Brendalsmo, Jan. 1986. Innberetning over de arkeologiske utgravingene i Baglergaten 2–4, Tønsberg, 1981–81. Riksantikvaren."
"MULTIPOLYGON (((580230.277060486 6570860.17442211,580229.462459617 6570859.29715963,580227.676603867 6570861.05168457,580226.392040957 6570861.92894705,580225.546109287 6570862.39890909,580224.950824036 6570862.11693187,580223.540937918 6570860.92636137,580221.911736181 6570859.20316722,580218.93530993 6570856.5713798,580217.932724245 6570855.3338131,580217.462762206 6570855.64712112,580218.340024679 6570856.41472578,580218.809986718 6570857.10400345,580220.157211233 6570858.48255876,580222.945652667 6570861.05168458,580224.606185208 6570862.71221711,580221.379112535 6570866.75389066,580221.723751364 6570867.03586788,580222.099720996 6570867.03586788,580223.854245944 6570864.65472688,580224.950824036 6570863.37016398,580225.295462866 6570862.93153273,580226.172725341 6570862.5555631,580227.331965037 6570862.08560107,580230.277060486 6570860.17442211)))",98,NØ,Baglergaten 2/4,182/325,,36,Sivile konstruksjoner,Vannhåndtering,13.45,0,1,0,0,0,0,3B,1150,1200,,,,,,1981–1982,Riksantikvaren,893,TS,,C36399,"Brendalsmo, Jan. 1986. Innberetning over de arkeologiske utgravingene i Baglergaten 2–4, Tønsberg, 1981–81. Riksantikvaren."
"MULTIPOLYGON (((580211.68027094 6570875.04872066,580212.118902177 6570875.70666751,580212.902172242 6570875.14271306,580212.369548599 6570874.3907738,580211.68027094 6570875.04872066)))",99,NØ,Baglergaten 2/4,"19",,35,Sivile konstruksjoner,Brønn,0.82,0,1,0,0,0,0,3B,1150,1200,,,,,,1981–1982,Riksantikvaren,893,TS,,C36399,"Brendalsmo, Jan. 1986. Innberetning over de arkeologiske utgravingene i Baglergaten 2–4, Tønsberg, 1981–81. Riksantikvaren."
"MULTIPOLYGON (((580223.127762958 6570866.82830131,580224.114683241 6570867.36092496,580227.561071532 6570869.67940435,580230.192858953 6570866.26434687,580226.715139861 6570863.85187506,580225.681223372 6570863.31925142,580223.127762958 6570866.82830131)))",100,NØ,Baglergaten 2/4,"351",Lager,54,Handel- og næringskonstruksjoner,Produksjon,23.11,0,1,0,0,0,0,3B,1150,1200,,,,,,1981–1982,Riksantikvaren,893,TS,,C36399,"Brendalsmo, Jan. 1986. Innberetning over de arkeologiske utgravingene i Baglergaten 2–4, Tønsberg, 1981–81. Riksantikvaren."
"MULTIPOLYGON (((580226.433162637 6570864.11818688,580226.35483563 6570864.02419447,580226.010196801 6570864.2591755,580225.493238558 6570864.88579154,580224.741299294 6570865.84138102,580224.177344846 6570866.51499329,580224.005025432 6570866.96928992,580224.114683241 6570867.03195153,580224.380995064 6570866.53065869,580225.05460732 6570865.70039242,580225.743884979 6570864.80746454,580226.433162637 6570864.11818688)))",101,NØ,Baglergaten 2/4,"292",,32,Sivile konstruksjoner,Gjerde,0.6,0,1,0,0,0,0,3B,1150,1200,,,,,,1981–1982,Riksantikvaren,893,TS,,C36399,"Brendalsmo, Jan. 1986. Innberetning over de arkeologiske utgravingene i Baglergaten 2–4, Tønsberg, 1981–81. Riksantikvaren."
"MULTIPOLYGON (((580199.919470899 6570871.08929047,580201.266695413 6570872.02921455,580202.206619492 6570872.81248462,580202.770573941 6570873.43910066,580203.804490427 6570874.19103992,580205.089053336 6570875.19362561,580209.036734469 6570877.91940545,580209.28738089 6570877.73142063,580204.055136848 6570873.97172432,580203.115212769 6570873.31377746,580202.64525073 6570872.81248461,580202.175288691 6570872.31119176,580200.890725781 6570871.40259849,580200.107455715 6570870.90130566,580199.919470899 6570871.08929047)),((580210.227304969 6570878.4833599,580210.070650956 6570878.64001391,580210.665936206 6570879.26662996,580210.916582627 6570879.14130675,580210.227304969 6570878.4833599)))",102,NØ,Baglergaten 2/4,"190",,32,Sivile konstruksjoner,Gjerde,4.02,0,1,0,0,0,0,3B,1150,1200,,,,,,1981–1982,Riksantikvaren,893,TS,,C36399,"Brendalsmo, Jan. 1986. Innberetning over de arkeologiske utgravingene i Baglergaten 2–4, Tønsberg, 1981–81. Riksantikvaren."
"MULTIPOLYGON (((580204.462437283 6570864.3531679,580205.997646611 6570865.32442279,580208.096810389 6570866.42100088,580208.2221336 6570866.10769285,580206.248293034 6570865.01111476,580204.681752901 6570864.13385229,580204.462437283 6570864.3531679)))",103,NØ,Baglergaten 2/4,"201",,32,Sivile konstruksjoner,Gjerde,1.48,0,1,0,0,0,0,3B,1150,1200,,,,,,1981–1982,Riksantikvaren,893,TS,,C36399,"Brendalsmo, Jan. 1986. Innberetning over de arkeologiske utgravingene i Baglergaten 2–4, Tønsberg, 1981–81. Riksantikvaren."
"MULTIPOLYGON (((580212.107153128 6570870.36868201,580215.271564195 6570872.24853017,580216.712781117 6570868.86480348,580213.485708444 6570867.39225576,580212.107153128 6570870.36868201)),((580212.353883198 6570869.83410018,580213.485708444 6570867.39225576,580211.094776567 6570866.0724457,580209.763217455 6570868.74339662,580212.353883198 6570869.83410018)))",104,NØ,Baglergaten 2/4,"218",,31,Sivile konstruksjoner,Bygning,20.39,0,1,0,0,0,0,3B,1150,1200,,,,,,1981–1982,Riksantikvaren,893,TS,,C36399,"Brendalsmo, Jan. 1986. Innberetning over de arkeologiske utgravingene i Baglergaten 2–4, Tønsberg, 1981–81. Riksantikvaren."
"MULTIPOLYGON (((580205.226125593 6570867.99929006,580207.6699282 6570870.06712303,580214.186735152 6570873.20020329,580215.502628863 6570873.67016534,580216.097914114 6570873.01221848,580212.212894584 6570871.38301675,580208.265213451 6570869.34651456,580206.385365292 6570867.87396685,580205.539433619 6570867.02803518,580205.226125593 6570867.99929006)))",105,NØ,Baglergaten 2/4,"204",,36,Sivile konstruksjoner,Vannhåndtering,10.37,0,1,0,0,0,0,3B,1150,1200,,,,,,1981–1982,Riksantikvaren,893,TS,,C36399,"Brendalsmo, Jan. 1986. Innberetning over de arkeologiske utgravingene i Baglergaten 2–4, Tønsberg, 1981–81. Riksantikvaren."
"MULTIPOLYGON (((580202.001011101 6570865.97845328,580210.397666208 6570872.80856826,580212.058198749 6570870.8973893,580203.880859258 6570864.69389038,580202.001011101 6570865.97845328)))",106,NØ,Baglergaten 2/4,"181",,14,Transport,Passasje,24.79,0,1,0,0,0,0,3B,1150,1200,,,,,,1981–1982,Riksantikvaren,893,TS,,C36399,"Brendalsmo, Jan. 1986. Innberetning over de arkeologiske utgravingene i Baglergaten 2–4, Tønsberg, 1981–81. Riksantikvaren."
"MULTIPOLYGON (((580219.718579996 6570870.35693297,580219.796907002 6570870.65457559,580220.063218824 6570870.7329026,580220.533180864 6570870.24727516,580221.128466114 6570869.49533589,580221.457439543 6570868.77472743,580221.363447135 6570868.36742699,580221.097135312 6570868.16377678,580220.298199844 6570869.5736629,580219.718579996 6570870.35693297)))",107,NØ,Baglergaten 2/4,"391",,36,Sivile konstruksjoner,Vannhåndtering,1.61,0,1,0,0,0,0,3B,1150,1200,,,,,,1981–1982,Riksantikvaren,893,TS,,C36399,"Brendalsmo, Jan. 1986. Innberetning over de arkeologiske utgravingene i Baglergaten 2–4, Tønsberg, 1981–81. Riksantikvaren."
"MULTIPOLYGON (((580224.198884773 6570867.41183752,580224.042230761 6570867.3335105,580223.603599523 6570867.92879576,580223.274626095 6570868.5554118,580223.196299089 6570868.79039283,580223.305956898 6570868.90005064,580223.744588135 6570868.05411897,580224.198884773 6570867.41183752)))",108,NØ,Baglergaten 2/4,"327",,32,Sivile konstruksjoner,Gjerde,0.31,0,1,0,0,0,0,3B,1150,1200,,,,,,1981–1982,Riksantikvaren,893,TS,,C36399,"Brendalsmo, Jan. 1986. Innberetning over de arkeologiske utgravingene i Baglergaten 2–4, Tønsberg, 1981–81. Riksantikvaren."
"MULTIPOLYGON (((580218.508427743 6570859.25016343,580218.962724381 6570859.35982123,580219.871317658 6570859.78278706,580220.999226553 6570860.37807231,580221.907819831 6570860.81670356,580222.424778075 6570861.16134238,580222.7224207 6570861.47465042,580222.769416903 6570862.00727406,580222.659759093 6570862.50856689,580222.221127856 6570863.15084836,580221.234207573 6570864.57639988,580220.24728729 6570866.25259782,580220.137629481 6570866.69122906,580220.294283495 6570866.67556364,580220.435272105 6570866.44058263,580220.576260719 6570865.92362438,580221.124549764 6570864.99936571,580221.892154429 6570863.87145682,580222.50310508 6570862.97852893,580222.847743909 6570862.38324369,580222.926070916 6570862.07385201,580222.910405515 6570861.74096224,580222.879074712 6570861.40023975,580222.61276289 6570861.05168457,580221.876489028 6570860.59738793,580220.560595316 6570859.93944109,580219.354359416 6570859.31282503,580218.618085552 6570859.09350941,580218.508427743 6570859.25016343)))",109,NØ,Baglergaten 2/4,"302",,32,Sivile konstruksjoner,Gjerde,1.76,0,1,0,0,0,0,3B,1150,1200,,,,,,1981–1982,Riksantikvaren,893,TS,,C36399,"Brendalsmo, Jan. 1986. Innberetning over de arkeologiske utgravingene i Baglergaten 2–4, Tønsberg, 1981–81. Riksantikvaren."
"MULTIPOLYGON (((580218.915728178 6570854.72677879,580218.774739566 6570854.8051058,580221.108884363 6570857.02959278,580221.218542172 6570856.88860418,580218.915728178 6570854.72677879)))",110,NØ,Baglergaten 2/4,"344",,32,Sivile konstruksjoner,Gjerde,0.53,0,1,0,0,0,0,3B,1150,1200,,,,,,1981–1982,Riksantikvaren,893,TS,,C36399,"Brendalsmo, Jan. 1986. Innberetning over de arkeologiske utgravingene i Baglergaten 2–4, Tønsberg, 1981–81. Riksantikvaren."
"MULTIPOLYGON (((580223.411698357 6570860.53864269,580224.053979811 6570860.13134225,580224.774588272 6570859.36373758,580224.899911482 6570858.81544854,580224.821584476 6570858.3768173,580224.680595864 6570858.40814811,580224.649265061 6570858.83111394,580224.555272653 6570859.30107598,580224.116641416 6570859.80236882,580223.349036753 6570860.42898487,580223.411698357 6570860.53864269)))",111,NØ,Baglergaten 2/4,"334",,32,Sivile konstruksjoner,Gjerde,0.53,0,1,0,0,0,0,3B,1150,1200,,,,,,1981–1982,Riksantikvaren,893,TS,,C36399,"Brendalsmo, Jan. 1986. Innberetning over de arkeologiske utgravingene i Baglergaten 2–4, Tønsberg, 1981–81. Riksantikvaren."
"MULTIPOLYGON (((580213.362343409 6570863.93803477,580214.709567924 6570864.59598162,580216.056792437 6570865.34792089,580217.435347752 6570866.03719855,580217.560670963 6570865.75522133,580215.680822806 6570864.94062045,580214.552913909 6570864.1886812,580213.456335817 6570863.75004996,580213.362343409 6570863.93803477)))",112,NØ,Baglergaten 2/4,"280",,32,Sivile konstruksjoner,Gjerde,1.12,0,1,0,0,0,0,3B,1150,1200,,,,,,1981–1982,Riksantikvaren,893,TS,,C36399,"Brendalsmo, Jan. 1986. Innberetning over de arkeologiske utgravingene i Baglergaten 2–4, Tønsberg, 1981–81. Riksantikvaren."
"MULTIPOLYGON (((580214.427590698 6570857.67187425,580212.579073343 6570861.14959334,580213.111696988 6570861.30624735,580213.863636251 6570861.14959334,580215.336183976 6570857.76586664,580214.427590698 6570857.67187425)))",113,NØ,Baglergaten 2/4,"289",,36,Sivile konstruksjoner,Vannhåndtering,3.94,0,0,1,0,0,0,3B,1150,1200,,,,,,1981–1982,Riksantikvaren,893,TS,,C36399,"Brendalsmo, Jan. 1986. Innberetning over de arkeologiske utgravingene i Baglergaten 2–4, Tønsberg, 1981–81. Riksantikvaren."
"MULTIPOLYGON (((580214.748731426 6570862.12868092,580216.8087317 6570863.0451069,580216.182115647 6570864.47065841,580220.051469773 6570866.55415679,580222.777249604 6570861.54122837,580218.265614023 6570859.23841438,580216.464092871 6570858.41206446,580214.748731426 6570862.12868092)))",114,NØ,Baglergaten 2/4,224/330,,31,Sivile konstruksjoner,Bygning,35.25,0,1,0,0,0,0,3B,1150,1200,,,,,,1981–1982,Riksantikvaren,893,TS,,C36399,"Brendalsmo, Jan. 1986. Innberetning over de arkeologiske utgravingene i Baglergaten 2–4, Tønsberg, 1981–81. Riksantikvaren."
"MULTIPOLYGON (((580223.349036752 6570855.13016288,580222.769416902 6570855.50613251,580222.362116468 6570856.05442156,580222.330785666 6570856.21107557,580223.521356166 6570857.47997308,580224.288960832 6570858.24757774,580224.508276449 6570858.12225453,580225.291546516 6570857.54263469,580225.181888705 6570857.41731147,580225.025234693 6570857.46430768,580224.288960831 6570857.96560051,580224.194968423 6570857.90293892,580222.550101284 6570856.17974476,580222.722420699 6570855.83510594,580223.129721134 6570855.4904671,580223.44302916 6570855.28681689,580223.349036752 6570855.13016288)))",115,NØ,Baglergaten 2/4,272B,,32,Sivile konstruksjoner,Gjerde,1.03,0,1,0,0,0,0,3B,1150,1200,,,,,,1981–1982,Riksantikvaren,893,TS,,C36399,"Brendalsmo, Jan. 1986. Innberetning over de arkeologiske utgravingene i Baglergaten 2–4, Tønsberg, 1981–81. Riksantikvaren."
"MULTIPOLYGON (((580211.68027094 6570875.04872066,580212.118902177 6570875.70666751,580212.902172242 6570875.14271306,580212.369548599 6570874.3907738,580211.68027094 6570875.04872066)))",116,NØ,Baglergaten 2/4,"19",,35,Sivile konstruksjoner,Brønn,0.82,0,0,1,0,0,0,4A,1200,1250,,,,,,1981–1982,Riksantikvaren,893,TS,,C36399,"Brendalsmo, Jan. 1986. Innberetning over de arkeologiske utgravingene i Baglergaten 2–4, Tønsberg, 1981–81. Riksantikvaren."
"MULTIPOLYGON (((580214.427590698 6570857.67187425,580212.579073343 6570861.14959334,580213.111696988 6570861.30624735,580213.863636251 6570861.14959334,580215.336183976 6570857.76586664,580214.427590698 6570857.67187425)))",117,NØ,Baglergaten 2/4,"289",,36,Sivile konstruksjoner,Vannhåndtering,3.94,0,0,1,0,0,0,4A,1200,1250,,,,,,1981–1982,Riksantikvaren,893,TS,,C36399,"Brendalsmo, Jan. 1986. Innberetning over de arkeologiske utgravingene i Baglergaten 2–4, Tønsberg, 1981–81. Riksantikvaren."
"MULTIPOLYGON (((580239.031148839 6570864.89861058,580239.233473377 6570864.78299656,580238.453078724 6570864.08931243,580236.632157869 6570861.92154949,580235.533824653 6570860.3607602,580235.447114136 6570859.66707606,580235.678342181 6570858.68435687,580236.140798271 6570858.07738325,580235.82285971 6570857.93286572,580235.418210631 6570858.68435686,580235.244789596 6570859.55146204,580235.244789595 6570860.21624267,580236.343122811 6570862.12387404,580237.961719128 6570863.97369841,580239.031148839 6570864.89861058)),((580236.776675396 6570857.38369912,580237.441456026 6570856.97905004,580238.424175219 6570856.22755889,580239.031148838 6570855.62058527,580239.638122455 6570854.98470815,580240.245096075 6570854.49334855,580240.042771537 6570854.233217,580238.742113782 6570855.47606773,580238.048429645 6570856.22755889,580237.181324475 6570856.805629,580236.603254362 6570857.15247107,580236.776675396 6570857.38369912)),((580240.620841649 6570853.97308545,580240.852069694 6570854.17540998,580241.487946819 6570853.7996644,580241.314525784 6570853.51062936,580240.620841649 6570853.97308545)))",118,NØ,Baglergaten 2/4,"507",,32,Sivile konstruksjoner,Gjerde,3.81,0,0,1,0,0,0,4A,1200,1250,,,,,,1981–1982,Riksantikvaren,893,TS,,C36399,"Brendalsmo, Jan. 1986. Innberetning over de arkeologiske utgravingene i Baglergaten 2–4, Tønsberg, 1981–81. Riksantikvaren."
"MULTIPOLYGON (((580239.869350502 6570857.64383067,580241.776981876 6570860.12953214,580244.291586867 6570858.07738325,580242.152727448 6570855.70729579,580239.869350502 6570857.64383067)))",119,NØ,Baglergaten 2/4,"514",,31,Sivile konstruksjoner,Bygning,9.87,0,0,1,0,0,0,4A,1200,1250,,,,,,1981–1982,Riksantikvaren,893,TS,,C36399,"Brendalsmo, Jan. 1986. Innberetning over de arkeologiske utgravingene i Baglergaten 2–4, Tønsberg, 1981–81. Riksantikvaren."
"MULTIPOLYGON (((580236.169701777 6570859.11790945,580237.557070049 6570860.99663732,580239.377990905 6570859.58036555,580237.932815623 6570857.8172517,580236.169701777 6570859.11790945)))",120,NØ,Baglergaten 2/4,"432",,31,Sivile konstruksjoner,Bygning,5.19,0,0,1,0,0,0,4A,1200,1250,,,,,,1981–1982,Riksantikvaren,893,TS,,C36399,"Brendalsmo, Jan. 1986. Innberetning over de arkeologiske utgravingene i Baglergaten 2–4, Tønsberg, 1981–81. Riksantikvaren."
"MULTIPOLYGON (((580226.479801507 6570870.03620872,580226.248573461 6570870.23853326,580226.797740069 6570870.90331388,580227.057871619 6570871.01892791,580227.751555755 6570870.4408578,580230.006029196 6570868.59103343,580231.942564076 6570867.17476165,580233.011993784 6570866.22094597,580233.24322183 6570865.52726183,580233.069800796 6570865.06480573,580232.867476255 6570865.20932327,580232.954186774 6570865.46945482,580232.83857275 6570865.90300741,580232.607344705 6570866.19204246,580231.364493962 6570867.23256866,580230.670809825 6570867.66612125,580229.630283624 6570868.53322642,580227.31800317 6570870.46976129,580227.144582136 6570870.58537532,580227.028968114 6570870.58537531,580226.479801507 6570870.03620872)))",121,NØ,Baglergaten 2/4,"312",,32,Sivile konstruksjoner,Gjerde,2.83,0,0,1,0,0,0,4A,1200,1250,,,,,,1981–1982,Riksantikvaren,893,TS,,C36399,"Brendalsmo, Jan. 1986. Innberetning over de arkeologiske utgravingene i Baglergaten 2–4, Tønsberg, 1981–81. Riksantikvaren."
"MULTIPOLYGON (((580227.607038226 6570863.99537603,580230.930941377 6570867.4637967,580232.954186774 6570865.64287586,580229.97712569 6570861.85651662,580227.607038226 6570863.99537603)))",122,NØ,Baglergaten 2/4,315A,,31,Sivile konstruksjoner,Bygning,14.21,0,0,1,0,0,0,4A,1200,1250,,,,,,1981–1982,Riksantikvaren,893,TS,,C36399,"Brendalsmo, Jan. 1986. Innberetning over de arkeologiske utgravingene i Baglergaten 2–4, Tønsberg, 1981–81. Riksantikvaren."
"MULTIPOLYGON (((580227.9827838 6570864.60234965,580224.861205189 6570867.29037568,580227.664845238 6570870.18072625,580230.670809826 6570867.43489321,580227.9827838 6570864.60234965)))",123,NØ,Baglergaten 2/4,"324",,31,Sivile konstruksjoner,Bygning,16.24,0,0,1,0,0,0,4A,1200,1250,,,,,,1981–1982,Riksantikvaren,893,TS,,C36399,"Brendalsmo, Jan. 1986. Innberetning over de arkeologiske utgravingene i Baglergaten 2–4, Tønsberg, 1981–81. Riksantikvaren."
"MULTIPOLYGON (((580219.311732103 6570862.57910425,580222.577828242 6570865.38274431,580225.150240247 6570862.60800776,580221.768530084 6570859.60204317,580219.311732103 6570862.57910425)))",124,NØ,Baglergaten 2/4,"276",,31,Sivile konstruksjoner,Bygning,16.87,0,0,1,0,0,0,4A,1200,1250,,,,,,1981–1982,Riksantikvaren,893,TS,,C36399,"Brendalsmo, Jan. 1986. Innberetning over de arkeologiske utgravingene i Baglergaten 2–4, Tønsberg, 1981–81. Riksantikvaren."
"MULTIPOLYGON (((580222.429697776 6570865.31771142,580221.027877751 6570864.33499222,580220.146320829 6570863.67021159,580219.423733187 6570863.13549674,580219.221408647 6570862.9042687,580219.163601637 6570862.73084765,580219.221408649 6570862.49961961,580219.33702267 6570862.34065033,580219.120246378 6570862.18168104,580218.97572885 6570862.39845735,580218.889018333 6570862.71639591,580219.033535862 6570863.04878621,580219.452636693 6570863.41008004,580220.464259391 6570864.16157119,580221.63485137 6570864.97086935,580222.285180248 6570865.44777719,580222.429697776 6570865.31771142)))",125,NØ,Baglergaten 2/4,"340",,32,Sivile konstruksjoner,Gjerde,0.97,0,0,1,0,0,0,4A,1200,1250,,,,,,1981–1982,Riksantikvaren,893,TS,,C36399,"Brendalsmo, Jan. 1986. Innberetning over de arkeologiske utgravingene i Baglergaten 2–4, Tønsberg, 1981–81. Riksantikvaren."
"MULTIPOLYGON (((580223.349036752 6570855.13016288,580222.769416902 6570855.50613251,580222.362116468 6570856.05442156,580222.330785666 6570856.21107557,580224.288960832 6570858.24757774,580225.291546516 6570857.54263469,580225.181888705 6570857.41731147,580225.025234693 6570857.46430768,580224.288960831 6570857.96560051,580224.194968423 6570857.90293892,580222.550101284 6570856.17974476,580222.722420699 6570855.83510594,580223.129721134 6570855.4904671,580223.44302916 6570855.28681689,580223.349036752 6570855.13016288)))",126,NØ,Baglergaten 2/4,272B,,32,Sivile konstruksjoner,Gjerde,0.99,0,0,1,0,0,0,4A,1200,1250,,,,,,1981–1982,Riksantikvaren,893,TS,,C36399,"Brendalsmo, Jan. 1986. Innberetning over de arkeologiske utgravingene i Baglergaten 2–4, Tønsberg, 1981–81. Riksantikvaren."
"MULTIPOLYGON (((580218.402174909 6570854.97386933,580221.003490419 6570857.21389102,580223.388029636 6570854.75709303,580221.364784239 6570852.92172043,580218.402174909 6570854.97386933)))",127,NØ,Baglergaten 2/4,"303",,31,Sivile konstruksjoner,Bygning,10.67,0,0,1,0,0,0,4A,1200,1250,,,,,,1981–1982,Riksantikvaren,893,TS,,C36399,"Brendalsmo, Jan. 1986. Innberetning over de arkeologiske utgravingene i Baglergaten 2–4, Tønsberg, 1981–81. Riksantikvaren."
"MULTIPOLYGON (((580208.907373302 6570865.87049095,580209.760026717 6570866.43410932,580210.395903842 6570865.53810065,580209.557702179 6570864.97448229,580208.907373302 6570865.87049095)))",128,NØ,Baglergaten 2/4,"25",,35,Sivile konstruksjoner,Brønn,1.12,0,0,1,0,0,0,4A,1200,1250,,,,,,1981–1982,Riksantikvaren,893,TS,,C36399,"Brendalsmo, Jan. 1986. Innberetning over de arkeologiske utgravingene i Baglergaten 2–4, Tønsberg, 1981–81. Riksantikvaren."
"MULTIPOLYGON (((580221.249170216 6570870.86357156,580220.598841339 6570871.15260662,580220.136385249 6570871.5283522,580218.633402954 6570873.5805011,580218.864631 6570873.68166337,580219.066955539 6570873.32036954,580219.948512462 6570872.25093984,580220.223095766 6570871.86074251,580220.569937833 6570871.51390044,580220.887876396 6570871.32602766,580221.364784239 6570871.06589611,580221.249170216 6570870.86357156)))",129,NØ,Baglergaten 2/4,"392",,32,Sivile konstruksjoner,Gjerde,0.95,0,0,1,0,0,0,4A,1200,1250,,,,,,1981–1982,Riksantikvaren,893,TS,,C36399,"Brendalsmo, Jan. 1986. Innberetning over de arkeologiske utgravingene i Baglergaten 2–4, Tønsberg, 1981–81. Riksantikvaren."
"MULTIPOLYGON (((580199.1957954 6570870.06872516,580200.814391716 6570871.19596188,580203.675838777 6570867.26508511,580201.797110909 6570866.02223437,580198.415400748 6570868.39232183,580199.1957954 6570870.06872516)))",130,NØ,Baglergaten 2/4,74C,,31,Sivile konstruksjoner,Bygning,13.98,0,0,1,0,0,0,4A,1200,1250,,,,,,1981–1982,Riksantikvaren,893,TS,,C36399,"Brendalsmo, Jan. 1986. Innberetning over de arkeologiske utgravingene i Baglergaten 2–4, Tønsberg, 1981–81. Riksantikvaren."
"MULTIPOLYGON (((580200.987812751 6570871.00808909,580204.441781677 6570873.58050109,580206.81186914 6570870.86357157,580203.097768663 6570868.05993152,580200.987812751 6570871.00808909)))",131,NØ,Baglergaten 2/4,"148",,31,Sivile konstruksjoner,Bygning,16.18,0,0,1,0,0,0,4A,1200,1250,,,,,,1981–1982,Riksantikvaren,893,TS,,C36399,"Brendalsmo, Jan. 1986. Innberetning over de arkeologiske utgravingene i Baglergaten 2–4, Tønsberg, 1981–81. Riksantikvaren."
"MULTIPOLYGON (((580200.814391716 6570871.19596188,580201.551431111 6570872.05584117,580203.227834439 6570873.61663048,580204.383974665 6570874.85948122,580205.829149948 6570876.50698103,580206.754062129 6570877.66312127,580208.228140919 6570879.3684281,580208.835114537 6570880.23553327,580209.124149592 6570880.03320873,580208.34375494 6570878.96377902,580206.696255118 6570877.14285817,580205.308886847 6570875.46645483,580203.401255473 6570873.44320944,580200.886650482 6570871.10202547,580200.814391716 6570871.19596188)))",132,NØ,Baglergaten 2/4,190/129,,32,Sivile konstruksjoner,Gjerde,3.33,0,0,1,0,0,0,4A,1200,1250,,,,,,1981–1982,Riksantikvaren,893,TS,,C36399,"Brendalsmo, Jan. 1986. Innberetning over de arkeologiske utgravingene i Baglergaten 2–4, Tønsberg, 1981–81. Riksantikvaren."
"MULTIPOLYGON (((580230.277060486 6570860.17442211,580229.462459617 6570859.29715963,580227.676603867 6570861.05168457,580226.392040957 6570861.92894705,580225.546109287 6570862.39890909,580224.950824036 6570862.11693187,580223.540937918 6570860.92636137,580221.911736181 6570859.20316722,580218.93530993 6570856.5713798,580217.932724245 6570855.3338131,580217.462762206 6570855.64712112,580218.340024679 6570856.41472578,580218.809986718 6570857.10400345,580220.157211233 6570858.48255876,580222.945652667 6570861.05168458,580224.606185208 6570862.71221711,580221.379112535 6570866.75389066,580220.873424643 6570867.38069913,580220.410968552 6570868.91258493,580219.312635337 6570870.63234352,580217.007580761 6570873.761148,580210.345322707 6570869.2305235,580203.880859258 6570864.69389038,580203.880859258 6570864.69389038,580212.058198749 6570870.8973893,580218.675854979 6570875.28942086,580219.059729663 6570875.06180575,580218.163720987 6570874.57044616,580217.556747369 6570874.07908656,580218.48165955 6570872.7206218,580220.165288754 6570870.83466806,580221.119104441 6570869.37504102,580222.099720996 6570867.03586788,580223.854245944 6570864.65472688,580224.950824036 6570863.37016398,580225.295462866 6570862.93153273,580226.172725341 6570862.5555631,580227.331965037 6570862.08560107,580230.277060486 6570860.17442211)))",133,NØ,Baglergaten 2/4,325/182/319/142,,36,Sivile konstruksjoner,Vannhåndtering,24.81,0,0,1,0,0,0,4A,1200,1250,,,,,,1981–1982,Riksantikvaren,893,TS,,C36399,"Brendalsmo, Jan. 1986. Innberetning over de arkeologiske utgravingene i Baglergaten 2–4, Tønsberg, 1981–81. Riksantikvaren."
"MULTIPOLYGON (((580228.908599216 6570861.19534892,580229.053116745 6570861.28205943,580229.255441283 6570861.16644542,580229.602283351 6570860.97857263,580230.035835937 6570860.92076561,580230.339322745 6570861.00747614,580230.440485015 6570860.87741036,580230.31041924 6570860.77624809,580229.717897374 6570860.74734458,580229.356603554 6570860.90631386,580228.908599216 6570861.19534892)))",134,NØ,Baglergaten 2/4,"586",,32,Sivile konstruksjoner,Gjerde,0.27,0,0,1,0,0,0,4A,1200,1250,,,,,,1981–1982,Riksantikvaren,893,TS,,C36399,"Brendalsmo, Jan. 1986. Innberetning over de arkeologiske utgravingene i Baglergaten 2–4, Tønsberg, 1981–81. Riksantikvaren."
"MULTIPOLYGON (((580230.888489352 6570861.33986645,580230.440485015 6570861.36876996,580230.368226251 6570861.65780501,580230.888489354 6570862.40929616,580231.842305039 6570863.86892319,580232.20359886 6570864.21576525,580232.434826905 6570864.11460299,580232.593796187 6570863.53653288,580232.174695355 6570862.79949349,580230.888489352 6570861.33986645)))",135,NØ,Baglergaten 2/4,"610",,36,Sivile konstruksjoner,Vannhåndtering,2.38,0,0,1,0,0,0,4A,1200,1250,,,,,,1981–1982,Riksantikvaren,893,TS,,C36399,"Brendalsmo, Jan. 1986. Innberetning over de arkeologiske utgravingene i Baglergaten 2–4, Tønsberg, 1981–81. Riksantikvaren."
"MULTIPOLYGON (((580202.001011101 6570865.97845328,580210.397666208 6570872.80856826,580216.074539469 6570876.56117512,580218.675854979 6570875.28942086,580212.058198749 6570870.8973893,580203.880859258 6570864.69389038,580202.001011101 6570865.97845328)))",136,NØ,Baglergaten 2/4,"146",,14,Transport,Passasje,43.27,0,0,1,0,0,0,4B,1200,1250,,,,,,1981–1982,Riksantikvaren,893,TS,,C36399,"Brendalsmo, Jan. 1986. Innberetning over de arkeologiske utgravingene i Baglergaten 2–4, Tønsberg, 1981–81. Riksantikvaren."
"MULTIPOLYGON (((580211.68027094 6570875.04872066,580212.118902177 6570875.70666751,580212.902172242 6570875.14271306,580212.369548599 6570874.3907738,580211.68027094 6570875.04872066)))",137,NØ,Baglergaten 2/4,"19",,35,Sivile konstruksjoner,Brønn,0.82,0,0,1,0,0,0,4B,1200,1250,,,,,,1981–1982,Riksantikvaren,893,TS,,C36399,"Brendalsmo, Jan. 1986. Innberetning over de arkeologiske utgravingene i Baglergaten 2–4, Tønsberg, 1981–81. Riksantikvaren."
"MULTIPOLYGON (((580239.031148839 6570864.89861058,580239.233473377 6570864.78299656,580238.453078724 6570864.08931243,580236.632157869 6570861.92154949,580235.533824653 6570860.3607602,580235.447114136 6570859.66707606,580235.678342181 6570858.68435687,580236.140798271 6570858.07738325,580235.82285971 6570857.93286572,580235.418210631 6570858.68435686,580235.244789596 6570859.55146204,580235.244789595 6570860.21624267,580236.343122811 6570862.12387404,580237.961719128 6570863.97369841,580239.031148839 6570864.89861058)),((580236.776675396 6570857.38369912,580237.441456026 6570856.97905004,580238.424175219 6570856.22755889,580239.031148838 6570855.62058527,580239.638122455 6570854.98470815,580240.245096075 6570854.49334855,580240.042771537 6570854.233217,580238.742113782 6570855.47606773,580238.048429645 6570856.22755889,580237.181324475 6570856.805629,580236.603254362 6570857.15247107,580236.776675396 6570857.38369912)),((580240.620841649 6570853.97308545,580240.852069694 6570854.17540998,580241.487946819 6570853.7996644,580241.314525784 6570853.51062936,580240.620841649 6570853.97308545)))",138,NØ,Baglergaten 2/4,"507",,32,Sivile konstruksjoner,Gjerde,3.81,0,0,1,0,0,0,4B,1200,1250,,,,,,1981–1982,Riksantikvaren,893,TS,,C36399,"Brendalsmo, Jan. 1986. Innberetning over de arkeologiske utgravingene i Baglergaten 2–4, Tønsberg, 1981–81. Riksantikvaren."
"MULTIPOLYGON (((580236.169701777 6570859.11790945,580237.557070049 6570860.99663732,580239.377990905 6570859.58036555,580237.932815623 6570857.8172517,580236.169701777 6570859.11790945)))",139,NØ,Baglergaten 2/4,"432",,31,Sivile konstruksjoner,Bygning,5.19,0,0,1,0,0,0,4B,1200,1250,,,,,,1981–1982,Riksantikvaren,893,TS,,C36399,"Brendalsmo, Jan. 1986. Innberetning over de arkeologiske utgravingene i Baglergaten 2–4, Tønsberg, 1981–81. Riksantikvaren."
"MULTIPOLYGON (((580226.479801507 6570870.03620872,580226.248573461 6570870.23853326,580226.797740069 6570870.90331388,580227.057871619 6570871.01892791,580227.751555755 6570870.4408578,580230.006029196 6570868.59103343,580231.942564076 6570867.17476165,580233.011993784 6570866.22094597,580233.24322183 6570865.52726183,580233.069800796 6570865.06480573,580232.867476255 6570865.20932327,580232.954186774 6570865.46945482,580232.83857275 6570865.90300741,580232.607344705 6570866.19204246,580231.364493962 6570867.23256866,580230.670809825 6570867.66612125,580229.630283624 6570868.53322642,580227.31800317 6570870.46976129,580227.144582136 6570870.58537532,580227.028968114 6570870.58537531,580226.479801507 6570870.03620872)))",140,NØ,Baglergaten 2/4,"312",,32,Sivile konstruksjoner,Gjerde,2.83,0,0,1,0,0,0,4B,1200,1250,,,,,,1981–1982,Riksantikvaren,893,TS,,C36399,"Brendalsmo, Jan. 1986. Innberetning over de arkeologiske utgravingene i Baglergaten 2–4, Tønsberg, 1981–81. Riksantikvaren."
"MULTIPOLYGON (((580227.607038226 6570863.99537603,580230.930941377 6570867.4637967,580232.954186774 6570865.64287586,580229.97712569 6570861.85651662,580227.607038226 6570863.99537603)))",141,NØ,Baglergaten 2/4,315A,,31,Sivile konstruksjoner,Bygning,14.21,0,0,1,0,0,0,4B,1200,1250,,,,,,1981–1982,Riksantikvaren,893,TS,,C36399,"Brendalsmo, Jan. 1986. Innberetning over de arkeologiske utgravingene i Baglergaten 2–4, Tønsberg, 1981–81. Riksantikvaren."
"MULTIPOLYGON (((580227.9827838 6570864.60234965,580224.861205189 6570867.29037568,580227.664845238 6570870.18072625,580230.670809826 6570867.43489321,580227.9827838 6570864.60234965)))",142,NØ,Baglergaten 2/4,"324",,31,Sivile konstruksjoner,Bygning,16.24,0,0,1,0,0,0,4B,1200,1250,,,,,,1981–1982,Riksantikvaren,893,TS,,C36399,"Brendalsmo, Jan. 1986. Innberetning over de arkeologiske utgravingene i Baglergaten 2–4, Tønsberg, 1981–81. Riksantikvaren."
"MULTIPOLYGON (((580219.311732103 6570862.57910425,580222.577828242 6570865.38274431,580225.150240247 6570862.60800776,580221.768530084 6570859.60204317,580219.311732103 6570862.57910425)))",143,NØ,Baglergaten 2/4,"276",,31,Sivile konstruksjoner,Bygning,16.87,0,0,1,0,0,0,4B,1200,1250,,,,,,1981–1982,Riksantikvaren,893,TS,,C36399,"Brendalsmo, Jan. 1986. Innberetning over de arkeologiske utgravingene i Baglergaten 2–4, Tønsberg, 1981–81. Riksantikvaren."
"MULTIPOLYGON (((580222.429697776 6570865.31771142,580221.027877751 6570864.33499222,580220.146320829 6570863.67021159,580219.423733187 6570863.13549674,580219.221408647 6570862.9042687,580219.163601637 6570862.73084765,580219.221408649 6570862.49961961,580219.33702267 6570862.34065033,580219.120246378 6570862.18168104,580218.97572885 6570862.39845735,580218.889018333 6570862.71639591,580219.033535862 6570863.04878621,580219.452636693 6570863.41008004,580220.464259391 6570864.16157119,580221.63485137 6570864.97086935,580222.285180248 6570865.44777719,580222.429697776 6570865.31771142)))",144,NØ,Baglergaten 2/4,"340",,32,Sivile konstruksjoner,Gjerde,0.97,0,0,1,0,0,0,4B,1200,1250,,,,,,1981–1982,Riksantikvaren,893,TS,,C36399,"Brendalsmo, Jan. 1986. Innberetning over de arkeologiske utgravingene i Baglergaten 2–4, Tønsberg, 1981–81. Riksantikvaren."
"MULTIPOLYGON (((580223.349036752 6570855.13016288,580222.769416902 6570855.50613251,580222.362116468 6570856.05442156,580222.330785666 6570856.21107557,580224.288960832 6570858.24757774,580225.291546516 6570857.54263469,580225.181888705 6570857.41731147,580225.025234693 6570857.46430768,580224.288960831 6570857.96560051,580224.194968423 6570857.90293892,580222.550101284 6570856.17974476,580222.722420699 6570855.83510594,580223.129721134 6570855.4904671,580223.44302916 6570855.28681689,580223.349036752 6570855.13016288)))",145,NØ,Baglergaten 2/4,272B,,32,Sivile konstruksjoner,Gjerde,0.99,0,0,1,0,0,0,4B,1200,1250,,,,,,1981–1982,Riksantikvaren,893,TS,,C36399,"Brendalsmo, Jan. 1986. Innberetning over de arkeologiske utgravingene i Baglergaten 2–4, Tønsberg, 1981–81. Riksantikvaren."
"MULTIPOLYGON (((580218.402174909 6570854.97386933,580221.003490419 6570857.21389102,580223.388029636 6570854.75709303,580221.364784239 6570852.92172043,580218.402174909 6570854.97386933)))",146,NØ,Baglergaten 2/4,"303",,31,Sivile konstruksjoner,Bygning,10.67,0,0,1,0,0,0,4B,1200,1250,,,,,,1981–1982,Riksantikvaren,893,TS,,C36399,"Brendalsmo, Jan. 1986. Innberetning over de arkeologiske utgravingene i Baglergaten 2–4, Tønsberg, 1981–81. Riksantikvaren."
"MULTIPOLYGON (((580208.907373302 6570865.87049095,580209.760026717 6570866.43410932,580210.395903842 6570865.53810065,580209.557702179 6570864.97448229,580208.907373302 6570865.87049095)))",147,NØ,Baglergaten 2/4,"25",,35,Sivile konstruksjoner,Brønn,1.12,0,0,1,0,0,0,4B,1200,1250,,,,,,1981–1982,Riksantikvaren,893,TS,,C36399,"Brendalsmo, Jan. 1986. Innberetning over de arkeologiske utgravingene i Baglergaten 2–4, Tønsberg, 1981–81. Riksantikvaren."
"MULTIPOLYGON (((580221.249170216 6570870.86357156,580220.598841339 6570871.15260662,580220.136385249 6570871.5283522,580218.633402954 6570873.5805011,580218.864631 6570873.68166337,580219.066955539 6570873.32036954,580219.948512462 6570872.25093984,580220.223095766 6570871.86074251,580220.569937833 6570871.51390044,580220.887876396 6570871.32602766,580221.364784239 6570871.06589611,580221.249170216 6570870.86357156)))",148,NØ,Baglergaten 2/4,"392",,32,Sivile konstruksjoner,Gjerde,0.95,0,0,1,0,0,0,4B,1200,1250,,,,,,1981–1982,Riksantikvaren,893,TS,,C36399,"Brendalsmo, Jan. 1986. Innberetning over de arkeologiske utgravingene i Baglergaten 2–4, Tønsberg, 1981–81. Riksantikvaren."
"MULTIPOLYGON (((580199.1957954 6570870.06872516,580200.814391716 6570871.19596188,580203.675838777 6570867.26508511,580201.797110909 6570866.02223437,580198.415400748 6570868.39232183,580199.1957954 6570870.06872516)))",149,NØ,Baglergaten 2/4,74C,,31,Sivile konstruksjoner,Bygning,13.98,0,0,1,0,0,0,4B,1200,1250,,,,,,1981–1982,Riksantikvaren,893,TS,,C36399,"Brendalsmo, Jan. 1986. Innberetning over de arkeologiske utgravingene i Baglergaten 2–4, Tønsberg, 1981–81. Riksantikvaren."
"MULTIPOLYGON (((580200.987812751 6570871.00808909,580204.441781677 6570873.58050109,580206.81186914 6570870.86357157,580203.097768663 6570868.05993152,580200.987812751 6570871.00808909)))",150,NØ,Baglergaten 2/4,"148",,31,Sivile konstruksjoner,Bygning,16.18,0,0,1,0,0,0,4B,1200,1250,,,,,,1981–1982,Riksantikvaren,893,TS,,C36399,"Brendalsmo, Jan. 1986. Innberetning over de arkeologiske utgravingene i Baglergaten 2–4, Tønsberg, 1981–81. Riksantikvaren."
"MULTIPOLYGON (((580200.814391716 6570871.19596188,580201.551431111 6570872.05584117,580203.227834439 6570873.61663048,580204.383974665 6570874.85948122,580205.829149948 6570876.50698103,580206.754062129 6570877.66312127,580208.228140919 6570879.3684281,580208.835114537 6570880.23553327,580209.124149592 6570880.03320873,580208.34375494 6570878.96377902,580206.696255118 6570877.14285817,580205.308886847 6570875.46645483,580203.401255473 6570873.44320944,580200.886650482 6570871.10202547,580200.814391716 6570871.19596188)))",151,NØ,Baglergaten 2/4,190/129,,32,Sivile konstruksjoner,Gjerde,3.33,0,0,1,0,0,0,4B,1200,1250,,,,,,1981–1982,Riksantikvaren,893,TS,,C36399,"Brendalsmo, Jan. 1986. Innberetning over de arkeologiske utgravingene i Baglergaten 2–4, Tønsberg, 1981–81. Riksantikvaren."
"MULTIPOLYGON (((580230.277060486 6570860.17442211,580229.462459617 6570859.29715963,580227.676603867 6570861.05168457,580226.392040957 6570861.92894705,580225.546109287 6570862.39890909,580224.950824036 6570862.11693187,580223.540937918 6570860.92636137,580221.911736181 6570859.20316722,580218.93530993 6570856.5713798,580217.932724245 6570855.3338131,580217.462762206 6570855.64712112,580218.340024679 6570856.41472578,580218.809986718 6570857.10400345,580220.157211233 6570858.48255876,580222.945652667 6570861.05168458,580224.606185208 6570862.71221711,580221.379112535 6570866.75389066,580220.873424643 6570867.38069913,580220.410968552 6570868.91258493,580219.312635337 6570870.63234352,580217.007580761 6570873.761148,580210.345322707 6570869.2305235,580203.880859258 6570864.69389038,580203.880859258 6570864.69389038,580212.058198749 6570870.8973893,580218.675854979 6570875.28942086,580219.059729663 6570875.06180575,580218.163720987 6570874.57044616,580217.556747369 6570874.07908656,580218.48165955 6570872.7206218,580220.165288754 6570870.83466806,580221.119104441 6570869.37504102,580222.099720996 6570867.03586788,580223.854245944 6570864.65472688,580224.950824036 6570863.37016398,580225.295462866 6570862.93153273,580226.172725341 6570862.5555631,580227.331965037 6570862.08560107,580230.277060486 6570860.17442211)))",152,NØ,Baglergaten 2/4,325/182/319/142,,36,Sivile konstruksjoner,Vannhåndtering,24.81,0,0,1,0,0,0,4B,1200,1250,,,,,,1981–1982,Riksantikvaren,893,TS,,C36399,"Brendalsmo, Jan. 1986. Innberetning over de arkeologiske utgravingene i Baglergaten 2–4, Tønsberg, 1981–81. Riksantikvaren."
"MULTIPOLYGON (((580214.427590698 6570857.67187425,580212.579073343 6570861.14959334,580213.111696988 6570861.30624735,580213.863636251 6570861.14959334,580215.336183976 6570857.76586664,580214.427590698 6570857.67187425)))",153,NØ,Baglergaten 2/4,"289",,36,Sivile konstruksjoner,Vannhåndtering,3.94,0,0,1,0,0,0,4B,1200,1250,,,,,,1981–1982,Riksantikvaren,893,TS,,C36399,"Brendalsmo, Jan. 1986. Innberetning over de arkeologiske utgravingene i Baglergaten 2–4, Tønsberg, 1981–81. Riksantikvaren."
"MULTIPOLYGON (((580228.908599216 6570861.19534892,580229.053116745 6570861.28205943,580229.255441283 6570861.16644542,580229.602283351 6570860.97857263,580230.035835937 6570860.92076561,580230.339322745 6570861.00747614,580230.440485015 6570860.87741036,580230.31041924 6570860.77624809,580229.717897374 6570860.74734458,580229.356603554 6570860.90631386,580228.908599216 6570861.19534892)))",154,NØ,Baglergaten 2/4,"586",,32,Sivile konstruksjoner,Gjerde,0.27,0,0,1,0,0,0,4B,1200,1250,,,,,,1981–1982,Riksantikvaren,893,TS,,C36399,"Brendalsmo, Jan. 1986. Innberetning over de arkeologiske utgravingene i Baglergaten 2–4, Tønsberg, 1981–81. Riksantikvaren."
"MULTIPOLYGON (((580230.888489352 6570861.33986645,580230.440485015 6570861.36876996,580230.368226251 6570861.65780501,580230.888489354 6570862.40929616,580231.842305039 6570863.86892319,580232.20359886 6570864.21576525,580232.434826905 6570864.11460299,580232.593796187 6570863.53653288,580232.174695355 6570862.79949349,580230.888489352 6570861.33986645)))",155,NØ,Baglergaten 2/4,"610",,36,Sivile konstruksjoner,Vannhåndtering,2.38,0,0,1,0,0,0,4B,1200,1250,,,,,,1981–1982,Riksantikvaren,893,TS,,C36399,"Brendalsmo, Jan. 1986. Innberetning over de arkeologiske utgravingene i Baglergaten 2–4, Tønsberg, 1981–81. Riksantikvaren."
"MULTIPOLYGON (((580200.814391716 6570871.19596188,580201.551431111 6570872.05584117,580203.227834439 6570873.61663048,580204.383974665 6570874.85948122,580205.829149948 6570876.50698103,580206.754062129 6570877.66312127,580208.228140919 6570879.3684281,580208.835114537 6570880.23553327,580209.124149592 6570880.03320873,580208.34375494 6570878.96377902,580206.696255118 6570877.14285817,580205.308886847 6570875.46645483,580203.401255473 6570873.44320944,580200.886650482 6570871.10202547,580200.814391716 6570871.19596188)))",156,NØ,Baglergaten 2/4,"190",,32,Sivile konstruksjoner,Gjerde,3.33,0,0,1,0,0,0,"5",1200,1250,,,,,,1981–1982,Riksantikvaren,893,TS,,C36399,"Brendalsmo, Jan. 1986. Innberetning over de arkeologiske utgravingene i Baglergaten 2–4, Tønsberg, 1981–81. Riksantikvaren."
"MULTIPOLYGON (((580198.896825292 6570869.37937351,580200.614958487 6570870.7195174,580203.459130497 6570867.25681744,580201.793815514 6570866.0144396,580198.410318405 6570868.36702743,580198.896825292 6570869.37937351)))",157,NØ,Baglergaten 2/4,74B,,31,Sivile konstruksjoner,Bygning,11.77,0,0,1,0,0,0,"5",1200,1250,,,,,,1981–1982,Riksantikvaren,893,TS,,C36399,"Brendalsmo, Jan. 1986. Innberetning over de arkeologiske utgravingene i Baglergaten 2–4, Tønsberg, 1981–81. Riksantikvaren."
"MULTIPOLYGON (((580202.001011101 6570865.97845328,580210.397666208 6570872.80856826,580216.074539469 6570876.56117512,580218.675854979 6570875.28942086,580212.058198749 6570870.8973893,580203.880859258 6570864.69389038,580202.001011101 6570865.97845328)))",158,NØ,Baglergaten 2/4,"146",,14,Transport,Passasje,43.27,0,0,1,0,0,0,"5",1200,1250,,,,,,1981–1982,Riksantikvaren,893,TS,,C36399,"Brendalsmo, Jan. 1986. Innberetning over de arkeologiske utgravingene i Baglergaten 2–4, Tønsberg, 1981–81. Riksantikvaren."
"MULTIPOLYGON (((580208.907373302 6570865.87049095,580209.760026717 6570866.43410932,580210.395903842 6570865.53810065,580209.557702179 6570864.97448229,580208.907373302 6570865.87049095)))",159,NØ,Baglergaten 2/4,"25",,35,Sivile konstruksjoner,Brønn,1.12,0,0,1,0,0,0,"5",1200,1250,,,,,,1981–1982,Riksantikvaren,893,TS,,C36399,"Brendalsmo, Jan. 1986. Innberetning over de arkeologiske utgravingene i Baglergaten 2–4, Tønsberg, 1981–81. Riksantikvaren."
"MULTIPOLYGON (((580211.68027094 6570875.04872066,580212.118902177 6570875.70666751,580212.902172242 6570875.14271306,580212.369548599 6570874.3907738,580211.68027094 6570875.04872066)))",160,NØ,Baglergaten 2/4,"19",,35,Sivile konstruksjoner,Brønn,0.82,0,0,1,0,0,0,"5",1200,1250,,,,,,1981–1982,Riksantikvaren,893,TS,,C36399,"Brendalsmo, Jan. 1986. Innberetning over de arkeologiske utgravingene i Baglergaten 2–4, Tønsberg, 1981–81. Riksantikvaren."
"MULTIPOLYGON (((580209.441465409 6570864.86371607,580209.713298143 6570864.90553648,580209.964220668 6570864.27823018,580210.486975927 6570863.12816861,580210.967910764 6570862.24993978,580210.69607803 6570862.14538873,580210.256963613 6570862.98179713,580209.776028774 6570864.00639745,580209.441465409 6570864.86371607)))",161,NØ,Baglergaten 2/4,"187",,32,Sivile konstruksjoner,Gjerde,0.82,0,0,1,0,0,0,"5",1200,1250,,,,,,1981–1982,Riksantikvaren,893,TS,,C36399,"Brendalsmo, Jan. 1986. Innberetning over de arkeologiske utgravingene i Baglergaten 2–4, Tønsberg, 1981–81. Riksantikvaren."
"MULTIPOLYGON (((580214.427590698 6570857.67187425,580212.579073343 6570861.14959334,580213.111696988 6570861.30624735,580213.863636251 6570861.14959334,580215.336183976 6570857.76586664,580214.427590698 6570857.67187425)))",162,NØ,Baglergaten 2/4,"289",,36,Sivile konstruksjoner,Vannhåndtering,3.94,0,0,1,0,0,0,"5",1200,1250,,,,,,1981–1982,Riksantikvaren,893,TS,,C36399,"Brendalsmo, Jan. 1986. Innberetning over de arkeologiske utgravingene i Baglergaten 2–4, Tønsberg, 1981–81. Riksantikvaren."
"MULTIPOLYGON (((580212.732510543 6570870.63255964,580216.402042103 6570872.9177769,580219.478296105 6570867.79801131,580215.76481806 6570865.46884757,580212.732510543 6570870.63255964)))",163,NØ,Baglergaten 2/4,"143",,31,Sivile konstruksjoner,Bygning,26.04,0,0,1,0,0,0,"5",1200,1250,,,,,,1981–1982,Riksantikvaren,893,TS,,C36399,"Brendalsmo, Jan. 1986. Innberetning over de arkeologiske utgravingene i Baglergaten 2–4, Tønsberg, 1981–81. Riksantikvaren."
"MULTIPOLYGON (((580217.390838032 6570871.48951611,580220.005653934 6570873.31878857,580222.708362807 6570870.02280215,580219.89578772 6570867.84745111,580217.390838032 6570871.48951611)))",164,NØ,Baglergaten 2/4,"217",,31,Sivile konstruksjoner,Bygning,14.64,0,0,1,0,0,0,"5",1200,1250,,,,,,1981–1982,Riksantikvaren,893,TS,,C36399,"Brendalsmo, Jan. 1986. Innberetning over de arkeologiske utgravingene i Baglergaten 2–4, Tønsberg, 1981–81. Riksantikvaren."
"MULTIPOLYGON (((580219.094445463 6570874.98656362,580224.811958459 6570872.16310041,580222.788476494 6570870.11608959,580219.094445463 6570874.98656362)))",165,NØ,Baglergaten 2/4,"299",,14,Transport,Passasje,8.71,0,0,1,0,0,0,"5",1200,1250,,,,,,1981–1982,Riksantikvaren,893,TS,,C36399,"Brendalsmo, Jan. 1986. Innberetning over de arkeologiske utgravingene i Baglergaten 2–4, Tønsberg, 1981–81. Riksantikvaren."
"MULTIPOLYGON (((580219.311732103 6570862.57910425,580222.577828242 6570865.38274431,580225.150240247 6570862.60800776,580221.768530084 6570859.60204317,580219.311732103 6570862.57910425)))",166,NØ,Baglergaten 2/4,"276",,31,Sivile konstruksjoner,Bygning,16.87,0,0,1,0,0,0,"5",1200,1250,,,,,,1981–1982,Riksantikvaren,893,TS,,C36399,"Brendalsmo, Jan. 1986. Innberetning over de arkeologiske utgravingene i Baglergaten 2–4, Tønsberg, 1981–81. Riksantikvaren."
"MULTIPOLYGON (((580222.429697776 6570865.31771142,580221.027877751 6570864.33499222,580220.146320829 6570863.67021159,580219.423733187 6570863.13549674,580219.221408647 6570862.9042687,580219.163601637 6570862.73084765,580219.221408649 6570862.49961961,580219.33702267 6570862.34065033,580219.120246378 6570862.18168104,580218.97572885 6570862.39845735,580218.889018333 6570862.71639591,580219.033535862 6570863.04878621,580219.452636693 6570863.41008004,580220.464259391 6570864.16157119,580221.63485137 6570864.97086935,580222.285180248 6570865.44777719,580222.429697776 6570865.31771142)))",167,NØ,Baglergaten 2/4,"340",,32,Sivile konstruksjoner,Gjerde,0.97,0,0,1,0,0,0,"5",1200,1250,,,,,,1981–1982,Riksantikvaren,893,TS,,C36399,"Brendalsmo, Jan. 1986. Innberetning over de arkeologiske utgravingene i Baglergaten 2–4, Tønsberg, 1981–81. Riksantikvaren."
"MULTIPOLYGON (((580226.479801507 6570870.03620872,580226.248573461 6570870.23853326,580226.797740069 6570870.90331388,580227.057871619 6570871.01892791,580227.751555755 6570870.4408578,580230.006029196 6570868.59103343,580231.942564076 6570867.17476165,580233.011993784 6570866.22094597,580233.248516517 6570866.05598293,580233.405859829 6570865.91074295,580233.472428154 6570865.80786464,580233.460324823 6570865.68683131,580233.34534317 6570865.43266136,580233.069800796 6570865.06480573,580230.650170903 6570861.58791546,580230.503144255 6570861.68593322,580232.867476255 6570865.20932327,580233.200103189 6570865.69893466,580233.000398215 6570865.87443297,580232.607344705 6570866.19204246,580231.364493962 6570867.23256866,580230.670809825 6570867.66612125,580229.630283624 6570868.53322642,580227.31800317 6570870.46976129,580227.144582136 6570870.58537532,580227.028968114 6570870.58537531,580226.479801507 6570870.03620872)))",168,NØ,Baglergaten 2/4,312/559,,32,Sivile konstruksjoner,Gjerde,3.8,0,0,1,0,0,0,"5",1200,1250,,,,,,1981–1982,Riksantikvaren,893,TS,,C36399,"Brendalsmo, Jan. 1986. Innberetning over de arkeologiske utgravingene i Baglergaten 2–4, Tønsberg, 1981–81. Riksantikvaren."
"MULTIPOLYGON (((580227.9827838 6570864.60234965,580224.861205189 6570867.29037568,580227.664845238 6570870.18072625,580230.670809826 6570867.43489321,580227.9827838 6570864.60234965)))",169,NØ,Baglergaten 2/4,"324",,31,Sivile konstruksjoner,Bygning,16.24,0,0,1,0,0,0,"5",1200,1250,,,,,,1981–1982,Riksantikvaren,893,TS,,C36399,"Brendalsmo, Jan. 1986. Innberetning over de arkeologiske utgravingene i Baglergaten 2–4, Tønsberg, 1981–81. Riksantikvaren."
"MULTIPOLYGON (((580230.853360534 6570867.5296199,580233.036643832 6570865.7384797,580230.387028179 6570861.78525316,580227.87519254 6570863.78836259,580230.853360534 6570867.5296199)))",170,NØ,Baglergaten 2/4,"313",,31,Sivile konstruksjoner,Bygning,14.38,0,0,1,0,0,0,"5",1200,1250,,,,,,1981–1982,Riksantikvaren,893,TS,,C36399,"Brendalsmo, Jan. 1986. Innberetning over de arkeologiske utgravingene i Baglergaten 2–4, Tønsberg, 1981–81. Riksantikvaren."
"MULTIPOLYGON (((580218.402174909 6570854.97386933,580221.003490419 6570857.21389102,580223.388029636 6570854.75709303,580221.364784239 6570852.92172043,580218.402174909 6570854.97386933)))",171,NØ,Baglergaten 2/4,"303",,31,Sivile konstruksjoner,Bygning,10.67,0,0,1,0,0,0,"5",1200,1250,,,,,,1981–1982,Riksantikvaren,893,TS,,C36399,"Brendalsmo, Jan. 1986. Innberetning over de arkeologiske utgravingene i Baglergaten 2–4, Tønsberg, 1981–81. Riksantikvaren."
"MULTIPOLYGON (((580221.701938004 6570857.28711907,580224.921424257 6570860.33715867,580225.163490891 6570860.09509204,580221.871384649 6570857.09346576,580221.701938004 6570857.28711907)))",172,NØ,Baglergaten 2/4,"250",,32,Sivile konstruksjoner,Gjerde,1.33,0,0,1,0,0,0,"5",1200,1250,,,,,,1981–1982,Riksantikvaren,893,TS,,C36399,"Brendalsmo, Jan. 1986. Innberetning over de arkeologiske utgravingene i Baglergaten 2–4, Tønsberg, 1981–81. Riksantikvaren."
"MULTIPOLYGON (((580217.462762206 6570855.64712112,580218.340024679 6570856.41472578,580218.809986718 6570857.10400345,580221.768530084 6570859.60204317,580225.150240247 6570862.60800776,580225.295462866 6570862.93153273,580225.720244153 6570863.29037163,580226.034930779 6570863.19354498,580227.331965037 6570862.08560107,580230.277060486 6570860.17442211,580229.462459617 6570859.29715963,580227.676603867 6570861.05168457,580225.546109287 6570862.39890909,580224.950824036 6570862.11693187,580221.911736181 6570859.20316722,580218.93530993 6570856.5713798,580217.932724245 6570855.3338131,580217.462762206 6570855.64712112)))",173,NØ,Baglergaten 2/4,182/325,,36,Sivile konstruksjoner,Vannhåndtering,8.7,0,0,1,0,0,0,"5",1200,1250,,,,,,1981–1982,Riksantikvaren,893,TS,,C36399,"Brendalsmo, Jan. 1986. Innberetning over de arkeologiske utgravingene i Baglergaten 2–4, Tønsberg, 1981–81. Riksantikvaren."
"MULTIPOLYGON (((580237.296867636 6570861.92706949,580239.952395439 6570859.96428807,580237.874156289 6570857.2510314,580234.833769382 6570859.15608396,580237.296867636 6570861.92706949)))",174,NØ,Baglergaten 2/4,"443",,31,Sivile konstruksjoner,Bygning,12.21,0,0,1,0,0,0,"5",1200,1250,,,,,,1981–1982,Riksantikvaren,893,TS,,C36399,"Brendalsmo, Jan. 1986. Innberetning over de arkeologiske utgravingene i Baglergaten 2–4, Tønsberg, 1981–81. Riksantikvaren."
"MULTIPOLYGON (((580237.604754917 6570861.71539699,580237.854913334 6570862.17722791,580238.008856975 6570862.75451655,580238.355230166 6570863.52423477,580239.144191326 6570864.56335433,580239.355863833 6570864.46713956,580238.566902672 6570863.35104817,580238.22052948 6570862.67754473,580238.10507175 6570862.11949903,580237.777941513 6570861.54221038,580237.604754917 6570861.71539699)))",175,NØ,Baglergaten 2/4,"570",,32,Sivile konstruksjoner,Gjerde,0.81,0,0,1,0,0,0,"5",1200,1250,,,,,,1981–1982,Riksantikvaren,893,TS,,C36399,"Brendalsmo, Jan. 1986. Innberetning over de arkeologiske utgravingene i Baglergaten 2–4, Tønsberg, 1981–81. Riksantikvaren."
"MULTIPOLYGON (((580238.162800616 6570857.52043277,580240.991515015 6570860.71476332,580242.819595749 6570858.13620734,580240.029367261 6570855.30749293,580238.162800616 6570857.52043277)))",176,NØ,Baglergaten 2/4,"512",,31,Sivile konstruksjoner,Bygning,12.3,0,0,1,0,0,0,"5",1200,1250,,,,,,1981–1982,Riksantikvaren,893,TS,,C36399,"Brendalsmo, Jan. 1986. Innberetning over de arkeologiske utgravingene i Baglergaten 2–4, Tønsberg, 1981–81. Riksantikvaren."
"MULTIPOLYGON (((580198.896825292 6570869.37937351,580200.614958487 6570870.7195174,580203.459130497 6570867.25681744,580201.793815514 6570866.0144396,580198.410318405 6570868.36702743,580198.896825292 6570869.37937351)))",177,NØ,Baglergaten 2/4,74B,,31,Sivile konstruksjoner,Bygning,11.77,0,0,1,0,0,0,6A,1250,1300,,,,,,1981–1982,Riksantikvaren,893,TS,,C36399,"Brendalsmo, Jan. 1986. Innberetning over de arkeologiske utgravingene i Baglergaten 2–4, Tønsberg, 1981–81. Riksantikvaren."
"MULTIPOLYGON (((580211.68027094 6570875.04872066,580212.118902177 6570875.70666751,580212.902172242 6570875.14271306,580212.369548599 6570874.3907738,580211.68027094 6570875.04872066)))",178,NØ,Baglergaten 2/4,"19",,35,Sivile konstruksjoner,Brønn,0.82,0,0,1,0,0,0,6A,1250,1300,,,,,,1981–1982,Riksantikvaren,893,TS,,C36399,"Brendalsmo, Jan. 1986. Innberetning over de arkeologiske utgravingene i Baglergaten 2–4, Tønsberg, 1981–81. Riksantikvaren."
"MULTIPOLYGON (((580208.907373302 6570865.87049095,580209.760026717 6570866.43410932,580210.395903842 6570865.53810065,580209.557702179 6570864.97448229,580208.907373302 6570865.87049095)))",179,NØ,Baglergaten 2/4,"25",,35,Sivile konstruksjoner,Brønn,1.12,0,0,1,0,0,0,6A,1250,1300,,,,,,1981–1982,Riksantikvaren,893,TS,,C36399,"Brendalsmo, Jan. 1986. Innberetning over de arkeologiske utgravingene i Baglergaten 2–4, Tønsberg, 1981–81. Riksantikvaren."
"MULTIPOLYGON (((580209.441465409 6570864.86371607,580209.713298143 6570864.90553648,580209.964220668 6570864.27823018,580210.486975927 6570863.12816861,580210.967910764 6570862.24993978,580210.69607803 6570862.14538873,580210.256963613 6570862.98179713,580209.776028774 6570864.00639745,580209.441465409 6570864.86371607)))",180,NØ,Baglergaten 2/4,"187",,32,Sivile konstruksjoner,Gjerde,0.82,0,0,1,0,0,0,6A,1250,1300,,,,,,1981–1982,Riksantikvaren,893,TS,,C36399,"Brendalsmo, Jan. 1986. Innberetning over de arkeologiske utgravingene i Baglergaten 2–4, Tønsberg, 1981–81. Riksantikvaren."
"MULTIPOLYGON (((580200.814391716 6570871.19596188,580201.551431111 6570872.05584117,580203.227834439 6570873.61663048,580204.383974665 6570874.85948122,580205.829149948 6570876.50698103,580206.754062129 6570877.66312127,580208.228140919 6570879.3684281,580208.835114537 6570880.23553327,580209.124149592 6570880.03320873,580208.34375494 6570878.96377902,580206.696255118 6570877.14285817,580205.308886847 6570875.46645483,580203.401255473 6570873.44320944,580200.886650482 6570871.10202547,580200.814391716 6570871.19596188)))",181,NØ,Baglergaten 2/4,"190",,32,Sivile konstruksjoner,Gjerde,3.33,0,0,1,0,0,0,6A,1250,1300,,,,,,1981–1982,Riksantikvaren,893,TS,,C36399,"Brendalsmo, Jan. 1986. Innberetning over de arkeologiske utgravingene i Baglergaten 2–4, Tønsberg, 1981–81. Riksantikvaren."
"MULTIPOLYGON (((580236.516864404 6570847.25232557,580237.403699214 6570847.15378837,580237.469390681 6570846.36549077,580236.516864405 6570846.2997993,580236.516864404 6570847.25232557)))",182,NØ,Baglergaten 2/4,"475",,35,Sivile konstruksjoner,Brønn,0.8,0,0,1,0,0,0,6A,1250,1300,,,,,,1981–1982,Riksantikvaren,893,TS,,C36399,"Brendalsmo, Jan. 1986. Innberetning over de arkeologiske utgravingene i Baglergaten 2–4, Tønsberg, 1981–81. Riksantikvaren."
"MULTIPOLYGON (((580238.093459622 6570862.55843748,580241.180958592 6570860.35777332,580238.224842557 6570857.13889142,580235.400109458 6570859.53662998,580238.093459622 6570862.55843748)))",183,NØ,Baglergaten 2/4,"441",,31,Sivile konstruksjoner,Bygning,15.73,0,0,1,0,0,0,6A,1250,1300,,,,,,1981–1982,Riksantikvaren,893,TS,,C36399,"Brendalsmo, Jan. 1986. Innberetning over de arkeologiske utgravingene i Baglergaten 2–4, Tønsberg, 1981–81. Riksantikvaren."
"MULTIPOLYGON (((580230.867398207 6570862.26282587,580233.232291033 6570865.74447365,580233.248713901 6570865.58024498,580233.133753832 6570865.23536477,580230.867398207 6570862.26282587)))",184,NØ,Baglergaten 2/4,"559",,32,Sivile konstruksjoner,Gjerde,0.44,0,0,1,0,0,0,6A,1250,1300,,,,,,1981–1982,Riksantikvaren,893,TS,,C36399,"Brendalsmo, Jan. 1986. Innberetning over de arkeologiske utgravingene i Baglergaten 2–4, Tønsberg, 1981–81. Riksantikvaren."
"MULTIPOLYGON (((580233.478634035 6570865.62951359,580232.558953491 6570866.38496545,580231.113741208 6570868.02725215,580230.621055201 6570868.74164685,580230.555363736 6570869.34108149,580232.788873627 6570868.15863508,580232.920256563 6570867.0090344,580232.985948031 6570866.41781119,580233.215868167 6570866.15504532,580233.380096834 6570865.99081666,580233.478634035 6570865.62951359)))",185,NØ,Baglergaten 2/4,"282",,33,Sivile konstruksjoner,Grøft,3.33,0,0,1,0,0,0,6A,1250,1300,,,,,,1981–1982,Riksantikvaren,893,TS,,C36399,"Brendalsmo, Jan. 1986. Innberetning over de arkeologiske utgravingene i Baglergaten 2–4, Tønsberg, 1981–81. Riksantikvaren."
"MULTIPOLYGON (((580230.128369196 6570868.71701256,580233.150176697 6570865.76089652,580230.785283871 6570862.27924875,580226.909487292 6570865.56382212,580230.128369196 6570868.71701256)))",186,NØ,Baglergaten 2/4,"274",,31,Sivile konstruksjoner,Bygning,20.17,0,0,1,0,0,0,6A,1250,1300,,,,,,1981–1982,Riksantikvaren,893,TS,,C36399,"Brendalsmo, Jan. 1986. Innberetning over de arkeologiske utgravingene i Baglergaten 2–4, Tønsberg, 1981–81. Riksantikvaren."
"MULTIPOLYGON (((580226.71241289 6570865.62951359,580223.394993785 6570868.81554976,580226.482492754 6570871.60743711,580229.569991723 6570868.51993814,580226.71241289 6570865.62951359)))",187,NØ,Baglergaten 2/4,"279",,31,Sivile konstruksjoner,Bygning,18.43,0,0,1,0,0,0,6A,1250,1300,,,,,,1981–1982,Riksantikvaren,893,TS,,C36399,"Brendalsmo, Jan. 1986. Innberetning over de arkeologiske utgravingene i Baglergaten 2–4, Tønsberg, 1981–81. Riksantikvaren."
"MULTIPOLYGON (((580225.759886612 6570871.67312859,580226.055498217 6570871.57459138,580225.792732346 6570871.27897979,580225.004434737 6570870.45783644,580223.986216992 6570869.57100163,580223.460685252 6570869.11116135,580223.329302318 6570868.74985828,580223.460685252 6570868.45424668,580223.986216992 6570867.99440641,580224.577440199 6570867.60025761,580224.446057263 6570867.37033747,580223.493530985 6570868.02725215,580223.165073648 6570868.45424669,580223.033690714 6570868.81554976,580223.16507365 6570869.20969855,580223.493530986 6570869.57100163,580224.774514601 6570870.7206023,580225.759886612 6570871.67312859)))",188,NØ,Baglergaten 2/4,"211",,32,Sivile konstruksjoner,Gjerde,1.79,0,0,1,0,0,0,6A,1250,1300,,,,,,1981–1982,Riksantikvaren,893,TS,,C36399,"Brendalsmo, Jan. 1986. Innberetning over de arkeologiske utgravingene i Baglergaten 2–4, Tønsberg, 1981–81. Riksantikvaren."
"MULTIPOLYGON (((580214.313148413 6570862.57486035,580214.165342611 6570862.68982042,580214.871525886 6570863.29746649,580216.546658305 6570864.77552451,580217.860487654 6570865.71162792,580219.059356934 6570866.49992553,580220.061151814 6570867.12399447,580222.327507439 6570868.74985829,580222.475313241 6570868.60205248,580220.110420413 6570866.94334294,580218.40244226 6570865.87585659,580217.712681852 6570865.43243918,580216.513812572 6570864.4799129,580216.218161164 6570864.16264413,580219.821143104 6570859.74826204,580219.620756422 6570859.60512869,580216.003844008 6570863.96363534,580214.313148413 6570862.57486035)))",189,NØ,Baglergaten 2/4,"87",,32,Sivile konstruksjoner,Gjerde,3.47,0,0,1,0,0,0,6A,1250,1300,,,,,,1981–1982,Riksantikvaren,893,TS,,C36399,"Brendalsmo, Jan. 1986. Innberetning over de arkeologiske utgravingene i Baglergaten 2–4, Tønsberg, 1981–81. Riksantikvaren."
"MULTIPOLYGON (((580218.156099257 6570855.0696102,580216.858692775 6570855.98929074,580220.258226215 6570859.06036684,580219.979037478 6570859.70085864,580216.36600677 6570864.1843013,580222.869462045 6570868.63489822,580227.714207768 6570864.4799129,580225.858423813 6570862.55843747,580222.37677604 6570865.87585659,580218.993665467 6570863.11681496,580222.343930307 6570859.55305285,580220.258226214 6570856.95823989,580218.156099257 6570855.0696102)))",190,NØ,Baglergaten 2/4,213/219/221/287,,14,Transport,Passasje,44.09,0,0,1,0,0,0,6A,1250,1300,,,,,,1981–1982,Riksantikvaren,893,TS,,C36399,"Brendalsmo, Jan. 1986. Innberetning over de arkeologiske utgravingene i Baglergaten 2–4, Tønsberg, 1981–81. Riksantikvaren."
"MULTIPOLYGON (((580222.393198906 6570865.64593645,580225.283623473 6570862.85404909,580222.245393105 6570859.79939585,580219.174317003 6570862.98543201,580222.393198906 6570865.64593645)))",191,NØ,Baglergaten 2/4,"220",,31,Sivile konstruksjoner,Bygning,17.88,0,0,1,0,0,0,6A,1250,1300,,,,,,1981–1982,Riksantikvaren,893,TS,,C36399,"Brendalsmo, Jan. 1986. Innberetning over de arkeologiske utgravingene i Baglergaten 2–4, Tønsberg, 1981–81. Riksantikvaren."
"MULTIPOLYGON (((580222.179701638 6570859.01109824,580225.727040879 6570862.45990028,580228.781694114 6570859.27386411,580225.546389343 6570855.87433067,580222.179701638 6570859.01109824)))",192,NØ,Baglergaten 2/4,"198",,31,Sivile konstruksjoner,Bygning,21.73,0,0,1,0,0,0,6A,1250,1300,,,,,,1981–1982,Riksantikvaren,893,TS,,C36399,"Brendalsmo, Jan. 1986. Innberetning over de arkeologiske utgravingene i Baglergaten 2–4, Tønsberg, 1981–81. Riksantikvaren."
"MULTIPOLYGON (((580225.546389343 6570855.87433067,580225.727040879 6570855.77579346,580222.95157638 6570853.31236343,580220.373186283 6570856.69547402,580222.179701638 6570859.01109824,580225.546389343 6570855.87433067)))",193,NØ,Baglergaten 2/4,"165",,31,Sivile konstruksjoner,Bygning,14.79,0,0,1,0,0,0,6A,1250,1300,,,,,,1981–1982,Riksantikvaren,893,TS,,C36399,"Brendalsmo, Jan. 1986. Innberetning over de arkeologiske utgravingene i Baglergaten 2–4, Tønsberg, 1981–81. Riksantikvaren."
"MULTIPOLYGON (((580220.373186283 6570856.69547402,580222.95157638 6570853.31236343,580222.196124504 6570852.40910577,580218.435287994 6570854.88895866,580220.373186283 6570856.69547402)))",194,NØ,Baglergaten 2/4,"175",,31,Sivile konstruksjoner,Bygning,8.25,0,0,1,0,0,0,6A,1250,1300,,,,,,1981–1982,Riksantikvaren,893,TS,,C36399,"Brendalsmo, Jan. 1986. Innberetning over de arkeologiske utgravingene i Baglergaten 2–4, Tønsberg, 1981–81. Riksantikvaren."
"MULTIPOLYGON (((580211.242072311 6570861.7044484,580211.76760405 6570862.27924875,580212.490210193 6570861.49095114,580211.849718384 6570860.83403646,580211.242072311 6570861.7044484)))",195,NØ,Baglergaten 2/4,"77",,35,Sivile konstruksjoner,Brønn,0.89,0,0,1,0,0,0,6A,1250,1300,,,,,,1981–1982,Riksantikvaren,893,TS,,C36399,"Brendalsmo, Jan. 1986. Innberetning over de arkeologiske utgravingene i Baglergaten 2–4, Tønsberg, 1981–81. Riksantikvaren."
"MULTIPOLYGON (((580198.896825292 6570869.37937351,580199.479367656 6570870.57411361,580201.089379785 6570871.66564725,580203.310686042 6570868.50991695,580200.566840029 6570866.87467489,580198.410318405 6570868.36702743,580198.896825292 6570869.37937351)))",196,NØ,Baglergaten 2/4,74A+D,,31,Sivile konstruksjoner,Bygning,12.91,0,0,1,0,0,0,6B,1250,1300,,,,,,1981–1982,Riksantikvaren,893,TS,,C36399,"Brendalsmo, Jan. 1986. Innberetning over de arkeologiske utgravingene i Baglergaten 2–4, Tønsberg, 1981–81. Riksantikvaren."
"MULTIPOLYGON (((580211.68027094 6570875.04872066,580212.118902177 6570875.70666751,580212.902172242 6570875.14271306,580212.369548599 6570874.3907738,580211.68027094 6570875.04872066)))",197,NØ,Baglergaten 2/4,"19",,35,Sivile konstruksjoner,Brønn,0.82,0,0,1,0,0,0,6B,1250,1300,,,,,,1981–1982,Riksantikvaren,893,TS,,C36399,"Brendalsmo, Jan. 1986. Innberetning over de arkeologiske utgravingene i Baglergaten 2–4, Tønsberg, 1981–81. Riksantikvaren."
"MULTIPOLYGON (((580208.907373302 6570865.87049095,580209.760026717 6570866.43410932,580210.395903842 6570865.53810065,580209.557702179 6570864.97448229,580208.907373302 6570865.87049095)))",198,NØ,Baglergaten 2/4,"25",,35,Sivile konstruksjoner,Brønn,1.12,0,0,1,0,0,0,6B,1250,1300,,,,,,1981–1982,Riksantikvaren,893,TS,,C36399,"Brendalsmo, Jan. 1986. Innberetning over de arkeologiske utgravingene i Baglergaten 2–4, Tønsberg, 1981–81. Riksantikvaren."
"MULTIPOLYGON (((580201.18774021 6570871.69843405,580201.551431111 6570872.05584117,580203.227834439 6570873.61663048,580204.383974665 6570874.85948122,580205.829149948 6570876.50698103,580206.754062129 6570877.66312127,580208.228140919 6570879.3684281,580208.835114537 6570880.23553327,580209.124149592 6570880.03320873,580208.34375494 6570878.96377902,580206.696255118 6570877.14285817,580205.308886847 6570875.46645483,580203.401255473 6570873.44320944,580201.333286068 6570871.64283432,580201.18774021 6570871.69843405)))",199,NØ,Baglergaten 2/4,"190",,32,Sivile konstruksjoner,Gjerde,3.11,0,0,1,0,0,0,6B,1250,1300,,,,,,1981–1982,Riksantikvaren,893,TS,,C36399,"Brendalsmo, Jan. 1986. Innberetning over de arkeologiske utgravingene i Baglergaten 2–4, Tønsberg, 1981–81. Riksantikvaren."
"MULTIPOLYGON (((580230.867398207 6570862.26282587,580233.232291033 6570865.74447365,580233.248713901 6570865.58024498,580233.133753832 6570865.23536477,580230.867398207 6570862.26282587)))",200,NØ,Baglergaten 2/4,"559",,32,Sivile konstruksjoner,Gjerde,0.44,0,0,1,0,0,0,6B,1250,1300,,,,,,1981–1982,Riksantikvaren,893,TS,,C36399,"Brendalsmo, Jan. 1986. Innberetning over de arkeologiske utgravingene i Baglergaten 2–4, Tønsberg, 1981–81. Riksantikvaren."
"MULTIPOLYGON (((580233.478634035 6570865.62951359,580232.558953491 6570866.38496545,580231.113741208 6570868.02725215,580230.621055201 6570868.74164685,580230.555363736 6570869.34108149,580232.788873627 6570868.15863508,580232.920256563 6570867.0090344,580232.985948031 6570866.41781119,580233.215868167 6570866.15504532,580233.380096834 6570865.99081666,580233.478634035 6570865.62951359)))",201,NØ,Baglergaten 2/4,"282",,33,Sivile konstruksjoner,Grøft,3.33,0,0,1,0,0,0,6B,1250,1300,,,,,,1981–1982,Riksantikvaren,893,TS,,C36399,"Brendalsmo, Jan. 1986. Innberetning over de arkeologiske utgravingene i Baglergaten 2–4, Tønsberg, 1981–81. Riksantikvaren."
"MULTIPOLYGON (((580230.128369196 6570868.71701256,580233.150176697 6570865.76089652,580230.785283871 6570862.27924875,580226.909487292 6570865.56382212,580230.128369196 6570868.71701256)))",202,NØ,Baglergaten 2/4,"274",,31,Sivile konstruksjoner,Bygning,20.17,0,0,1,0,0,0,6B,1250,1300,,,,,,1981–1982,Riksantikvaren,893,TS,,C36399,"Brendalsmo, Jan. 1986. Innberetning over de arkeologiske utgravingene i Baglergaten 2–4, Tønsberg, 1981–81. Riksantikvaren."
"MULTIPOLYGON (((580226.71241289 6570865.62951359,580223.394993785 6570868.81554976,580226.482492754 6570871.60743711,580229.569991723 6570868.51993814,580226.71241289 6570865.62951359)))",203,NØ,Baglergaten 2/4,"279",,31,Sivile konstruksjoner,Bygning,18.43,0,0,1,0,0,0,6B,1250,1300,,,,,,1981–1982,Riksantikvaren,893,TS,,C36399,"Brendalsmo, Jan. 1986. Innberetning over de arkeologiske utgravingene i Baglergaten 2–4, Tønsberg, 1981–81. Riksantikvaren."
"MULTIPOLYGON (((580225.759886612 6570871.67312859,580226.055498217 6570871.57459138,580225.792732346 6570871.27897979,580225.004434737 6570870.45783644,580223.986216992 6570869.57100163,580223.460685252 6570869.11116135,580223.329302318 6570868.74985828,580223.460685252 6570868.45424668,580223.986216992 6570867.99440641,580224.577440199 6570867.60025761,580224.446057263 6570867.37033747,580223.493530985 6570868.02725215,580223.165073648 6570868.45424669,580223.033690714 6570868.81554976,580223.16507365 6570869.20969855,580223.493530986 6570869.57100163,580224.774514601 6570870.7206023,580225.759886612 6570871.67312859)))",204,NØ,Baglergaten 2/4,"211",,32,Sivile konstruksjoner,Gjerde,1.79,0,0,1,0,0,0,6B,1250,1300,,,,,,1981–1982,Riksantikvaren,893,TS,,C36399,"Brendalsmo, Jan. 1986. Innberetning over de arkeologiske utgravingene i Baglergaten 2–4, Tønsberg, 1981–81. Riksantikvaren."
"MULTIPOLYGON (((580218.288050751 6570855.01224459,580216.858692775 6570855.98929074,580220.258226215 6570859.06036684,580219.979037478 6570859.70085864,580216.36600677 6570864.1843013,580222.869462045 6570868.63489822,580227.260390883 6570864.86627326,580225.413109755 6570862.9805071,580222.37677604 6570865.87585659,580218.993665467 6570863.11681496,580222.245393105 6570859.79939585,580222.179701638 6570859.01109824,580222.115831162 6570858.46214189,580220.373186283 6570856.69547402,580218.288050751 6570855.01224459)))",205,NØ,Baglergaten 2/4,221/248,,14,Transport,Passasje,44.35,0,0,1,0,0,0,6B,1250,1300,,,,,,1981–1982,Riksantikvaren,893,TS,,C36399,"Brendalsmo, Jan. 1986. Innberetning over de arkeologiske utgravingene i Baglergaten 2–4, Tønsberg, 1981–81. Riksantikvaren."
"MULTIPOLYGON (((580222.393198906 6570865.64593645,580225.283623473 6570862.85404909,580222.245393105 6570859.79939585,580219.174317003 6570862.98543201,580222.393198906 6570865.64593645)))",206,NØ,Baglergaten 2/4,"220",,31,Sivile konstruksjoner,Bygning,17.88,0,0,1,0,0,0,6B,1250,1300,,,,,,1981–1982,Riksantikvaren,893,TS,,C36399,"Brendalsmo, Jan. 1986. Innberetning over de arkeologiske utgravingene i Baglergaten 2–4, Tønsberg, 1981–81. Riksantikvaren."
"MULTIPOLYGON (((580222.179701638 6570859.01109824,580225.727040879 6570862.45990028,580228.929678778 6570858.85298834,580225.843395819 6570855.62495094,580222.179701638 6570859.01109824)))",207,NØ,Baglergaten 2/4,"183",,31,Sivile konstruksjoner,Bygning,23.07,0,0,1,0,0,0,6B,1250,1300,,,,,,1981–1982,Riksantikvaren,893,TS,,C36399,"Brendalsmo, Jan. 1986. Innberetning over de arkeologiske utgravingene i Baglergaten 2–4, Tønsberg, 1981–81. Riksantikvaren."
"MULTIPOLYGON (((580220.373186283 6570856.69547402,580222.95157638 6570853.31236343,580222.196124504 6570852.40910577,580218.435287994 6570854.88895866,580220.373186283 6570856.69547402)))",208,NØ,Baglergaten 2/4,"175",,31,Sivile konstruksjoner,Bygning,8.25,0,0,1,0,0,0,6B,1250,1300,,,,,,1981–1982,Riksantikvaren,893,TS,,C36399,"Brendalsmo, Jan. 1986. Innberetning over de arkeologiske utgravingene i Baglergaten 2–4, Tønsberg, 1981–81. Riksantikvaren."
"MULTIPOLYGON (((580211.242072311 6570861.7044484,580211.76760405 6570862.27924875,580212.490210193 6570861.49095114,580211.849718384 6570860.83403646,580211.242072311 6570861.7044484)))",209,NØ,Baglergaten 2/4,"77",,35,Sivile konstruksjoner,Brønn,0.89,0,0,1,0,0,0,6B,1250,1300,,,,,,1981–1982,Riksantikvaren,893,TS,,C36399,"Brendalsmo, Jan. 1986. Innberetning over de arkeologiske utgravingene i Baglergaten 2–4, Tønsberg, 1981–81. Riksantikvaren."
"MULTIPOLYGON (((580202.792601238 6570865.3603442,580216.695986331 6570875.19841202,580218.078194205 6570873.45032558,580204.662647186 6570864.10009584,580202.792601238 6570865.3603442)))",210,NØ,Baglergaten 2/4,"117",,14,Transport,Passasje,36.17,0,0,1,0,0,0,6B,1250,1300,,,,,,1981–1982,Riksantikvaren,893,TS,,C36399,"Brendalsmo, Jan. 1986. Innberetning over de arkeologiske utgravingene i Baglergaten 2–4, Tønsberg, 1981–81. Riksantikvaren."
"MULTIPOLYGON (((580225.389056614 6570862.59565687,580227.448005372 6570864.67384814,580230.738474883 6570861.55656124,580228.781694114 6570859.27386411,580225.389056614 6570862.59565687)))",211,NØ,Baglergaten 2/4,"244",,31,Sivile konstruksjoner,Bygning,13.76,0,0,1,0,0,0,6B,1250,1300,,,,,,1981–1982,Riksantikvaren,893,TS,,C36399,"Brendalsmo, Jan. 1986. Innberetning over de arkeologiske utgravingene i Baglergaten 2–4, Tønsberg, 1981–81. Riksantikvaren."
"MULTIPOLYGON (((580214.313148413 6570862.57486035,580214.165342611 6570862.68982042,580214.871525886 6570863.29746649,580216.546658305 6570864.77552451,580217.860487654 6570865.71162792,580219.059356934 6570866.49992553,580220.061151814 6570867.12399447,580222.327507439 6570868.74985829,580222.475313241 6570868.60205248,580220.110420413 6570866.94334294,580218.40244226 6570865.87585659,580217.712681852 6570865.43243918,580216.513812572 6570864.4799129,580216.218161164 6570864.16264413,580219.821143104 6570859.74826204,580219.620756422 6570859.60512869,580216.003844008 6570863.96363534,580214.313148413 6570862.57486035)))",212,NØ,Baglergaten 2/4,"87",,32,Sivile konstruksjoner,Gjerde,3.47,0,0,1,0,0,0,6B,1250,1300,,,,,,1981–1982,Riksantikvaren,893,TS,,C36399,"Brendalsmo, Jan. 1986. Innberetning over de arkeologiske utgravingene i Baglergaten 2–4, Tønsberg, 1981–81. Riksantikvaren."
"MULTIPOLYGON (((580198.896825292 6570869.37937351,580199.479367656 6570870.57411361,580201.089379785 6570871.66564725,580203.310686042 6570868.50991695,580200.566840029 6570866.87467489,580198.410318405 6570868.36702743,580198.896825292 6570869.37937351)))",213,NØ,Baglergaten 2/4,74A+D,,31,Sivile konstruksjoner,Bygning,12.91,0,0,1,0,0,0,"7",1250,1300,,,,,,1981–1982,Riksantikvaren,893,TS,,C36399,"Brendalsmo, Jan. 1986. Innberetning over de arkeologiske utgravingene i Baglergaten 2–4, Tønsberg, 1981–81. Riksantikvaren."
"MULTIPOLYGON (((580211.68027094 6570875.04872066,580212.118902177 6570875.70666751,580212.902172242 6570875.14271306,580212.369548599 6570874.3907738,580211.68027094 6570875.04872066)))",214,NØ,Baglergaten 2/4,"19",,35,Sivile konstruksjoner,Brønn,0.82,0,0,1,0,0,0,"7",1250,1300,,,,,,1981–1982,Riksantikvaren,893,TS,,C36399,"Brendalsmo, Jan. 1986. Innberetning over de arkeologiske utgravingene i Baglergaten 2–4, Tønsberg, 1981–81. Riksantikvaren."
"MULTIPOLYGON (((580208.907373302 6570865.87049095,580209.760026717 6570866.43410932,580210.395903842 6570865.53810065,580209.557702179 6570864.97448229,580208.907373302 6570865.87049095)))",215,NØ,Baglergaten 2/4,"25",,35,Sivile konstruksjoner,Brønn,1.12,0,0,1,0,0,0,"7",1250,1300,,,,,,1981–1982,Riksantikvaren,893,TS,,C36399,"Brendalsmo, Jan. 1986. Innberetning over de arkeologiske utgravingene i Baglergaten 2–4, Tønsberg, 1981–81. Riksantikvaren."
"MULTIPOLYGON (((580201.18774021 6570871.69843405,580201.551431111 6570872.05584117,580203.227834439 6570873.61663048,580204.383974665 6570874.85948122,580205.829149948 6570876.50698103,580206.754062129 6570877.66312127,580208.228140919 6570879.3684281,580208.835114537 6570880.23553327,580209.124149592 6570880.03320873,580208.34375494 6570878.96377902,580206.696255118 6570877.14285817,580205.308886847 6570875.46645483,580203.401255473 6570873.44320944,580201.333286068 6570871.64283432,580201.18774021 6570871.69843405)))",216,NØ,Baglergaten 2/4,"190",,32,Sivile konstruksjoner,Gjerde,3.11,0,0,1,0,0,0,"7",1250,1300,,,,,,1981–1982,Riksantikvaren,893,TS,,C36399,"Brendalsmo, Jan. 1986. Innberetning over de arkeologiske utgravingene i Baglergaten 2–4, Tønsberg, 1981–81. Riksantikvaren."
"MULTIPOLYGON (((580230.867398207 6570862.26282587,580233.232291033 6570865.74447365,580233.248713901 6570865.58024498,580233.133753832 6570865.23536477,580230.867398207 6570862.26282587)))",217,NØ,Baglergaten 2/4,"559",,32,Sivile konstruksjoner,Gjerde,0.44,0,0,1,0,0,0,"7",1250,1300,,,,,,1981–1982,Riksantikvaren,893,TS,,C36399,"Brendalsmo, Jan. 1986. Innberetning over de arkeologiske utgravingene i Baglergaten 2–4, Tønsberg, 1981–81. Riksantikvaren."
"MULTIPOLYGON (((580230.128369196 6570868.71701256,580233.150176697 6570865.76089652,580230.785283871 6570862.27924875,580226.909487292 6570865.56382212,580230.128369196 6570868.71701256)))",218,NØ,Baglergaten 2/4,"274",,31,Sivile konstruksjoner,Bygning,20.17,0,0,1,0,0,0,"7",1250,1300,,,,,,1981–1982,Riksantikvaren,893,TS,,C36399,"Brendalsmo, Jan. 1986. Innberetning over de arkeologiske utgravingene i Baglergaten 2–4, Tønsberg, 1981–81. Riksantikvaren."
"MULTIPOLYGON (((580226.71241289 6570865.62951359,580223.394993785 6570868.81554976,580226.482492754 6570871.60743711,580229.569991723 6570868.51993814,580226.71241289 6570865.62951359)))",219,NØ,Baglergaten 2/4,"279",,31,Sivile konstruksjoner,Bygning,18.43,0,0,1,0,0,0,"7",1250,1300,,,,,,1981–1982,Riksantikvaren,893,TS,,C36399,"Brendalsmo, Jan. 1986. Innberetning over de arkeologiske utgravingene i Baglergaten 2–4, Tønsberg, 1981–81. Riksantikvaren."
"MULTIPOLYGON (((580225.759886612 6570871.67312859,580226.055498217 6570871.57459138,580225.792732346 6570871.27897979,580225.004434737 6570870.45783644,580223.986216992 6570869.57100163,580223.460685252 6570869.11116135,580223.329302318 6570868.74985828,580223.460685252 6570868.45424668,580223.986216992 6570867.99440641,580224.577440199 6570867.60025761,580224.446057263 6570867.37033747,580223.493530985 6570868.02725215,580223.165073648 6570868.45424669,580223.033690714 6570868.81554976,580223.16507365 6570869.20969855,580223.493530986 6570869.57100163,580224.774514601 6570870.7206023,580225.759886612 6570871.67312859)))",220,NØ,Baglergaten 2/4,"211",,32,Sivile konstruksjoner,Gjerde,1.79,0,0,1,0,0,0,8A,1250,1300,,,,,,1981–1982,Riksantikvaren,893,TS,,C36399,"Brendalsmo, Jan. 1986. Innberetning over de arkeologiske utgravingene i Baglergaten 2–4, Tønsberg, 1981–81. Riksantikvaren."
"MULTIPOLYGON (((580222.161661361 6570867.08968034,580222.869462045 6570868.63489822,580227.448005372 6570864.67384814,580226.076205235 6570863.27550939,580222.161661361 6570867.08968034)))",221,NØ,Baglergaten 2/4,"248",,14,Transport,Passasje,10.3,0,0,1,0,0,0,"7",1250,1300,,,,,,1981–1982,Riksantikvaren,893,TS,,C36399,"Brendalsmo, Jan. 1986. Innberetning over de arkeologiske utgravingene i Baglergaten 2–4, Tønsberg, 1981–81. Riksantikvaren."
"MULTIPOLYGON (((580222.393198906 6570865.64593645,580225.283623473 6570862.85404909,580222.206829174 6570860.27435908,580219.597133259 6570863.26547209,580222.393198906 6570865.64593645)))",222,NØ,Baglergaten 2/4,"154",,31,Sivile konstruksjoner,Bygning,15.32,0,0,1,0,0,0,"7",1250,1300,,,,,,1981–1982,Riksantikvaren,893,TS,,C36399,"Brendalsmo, Jan. 1986. Innberetning over de arkeologiske utgravingene i Baglergaten 2–4, Tønsberg, 1981–81. Riksantikvaren."
"MULTIPOLYGON (((580221.97597146 6570858.78883987,580225.727040879 6570862.45990028,580228.179017907 6570859.55167406,580225.027308223 6570855.73750311,580221.97597146 6570858.78883987)))",223,NØ,Baglergaten 2/4,"94",,31,Sivile konstruksjoner,Bygning,20.6,0,0,1,0,0,0,"7",1250,1300,,,,,,1981–1982,Riksantikvaren,893,TS,,C36399,"Brendalsmo, Jan. 1986. Innberetning over de arkeologiske utgravingene i Baglergaten 2–4, Tønsberg, 1981–81. Riksantikvaren."
"MULTIPOLYGON (((580220.373186283 6570856.69547402,580223.401266922 6570854.08134993,580221.981516279 6570852.45026731,580218.435287994 6570854.88895866,580220.373186283 6570856.69547402)))",224,NØ,Baglergaten 2/4,134A,,31,Sivile konstruksjoner,Bygning,9.9,0,0,1,0,0,0,"7",1250,1300,,,,,,1981–1982,Riksantikvaren,893,TS,,C36399,"Brendalsmo, Jan. 1986. Innberetning over de arkeologiske utgravingene i Baglergaten 2–4, Tønsberg, 1981–81. Riksantikvaren."
"MULTIPOLYGON (((580211.242072311 6570861.7044484,580211.76760405 6570862.27924875,580212.490210193 6570861.49095114,580211.849718384 6570860.83403646,580211.242072311 6570861.7044484)))",225,NØ,Baglergaten 2/4,"77",,35,Sivile konstruksjoner,Brønn,0.89,0,0,1,0,0,0,"7",1250,1300,,,,,,1981–1982,Riksantikvaren,893,TS,,C36399,"Brendalsmo, Jan. 1986. Innberetning over de arkeologiske utgravingene i Baglergaten 2–4, Tønsberg, 1981–81. Riksantikvaren."
"MULTIPOLYGON (((580202.792601238 6570865.3603442,580216.695986331 6570875.19841202,580218.078194205 6570873.45032558,580204.662647186 6570864.10009584,580202.792601238 6570865.3603442)))",226,NØ,Baglergaten 2/4,"117",,14,Transport,Passasje,36.17,0,0,1,0,0,0,"7",1250,1300,,,,,,1981–1982,Riksantikvaren,893,TS,,C36399,"Brendalsmo, Jan. 1986. Innberetning over de arkeologiske utgravingene i Baglergaten 2–4, Tønsberg, 1981–81. Riksantikvaren."
"MULTIPOLYGON (((580225.389056614 6570862.59565687,580227.448005372 6570864.67384814,580230.738474883 6570861.55656124,580228.781694114 6570859.27386411,580225.389056614 6570862.59565687)))",227,NØ,Baglergaten 2/4,"244",,31,Sivile konstruksjoner,Bygning,13.76,0,0,1,0,0,0,"7",1250,1300,,,,,,1981–1982,Riksantikvaren,893,TS,,C36399,"Brendalsmo, Jan. 1986. Innberetning over de arkeologiske utgravingene i Baglergaten 2–4, Tønsberg, 1981–81. Riksantikvaren."
"MULTIPOLYGON (((580217.270767971 6570865.01694958,580217.16402401 6570865.15740217,580217.860487654 6570865.71162792,580219.059356934 6570866.49992553,580220.061151814 6570867.12399447,580222.327507439 6570868.74985829,580222.475313241 6570868.60205248,580220.110420413 6570866.94334294,580218.40244226 6570865.87585659,580217.270767971 6570865.01694958)),((580216.12046135 6570864.2276061,580216.289004445 6570864.03659059,580214.170979559 6570862.47475791,580214.01367267 6570862.67139153,580216.12046135 6570864.2276061)))",228,NØ,Baglergaten 2/4,"87",,32,Sivile konstruksjoner,Gjerde,1.83,0,0,1,0,0,0,"7",1250,1300,,,,,,1981–1982,Riksantikvaren,893,TS,,C36399,"Brendalsmo, Jan. 1986. Innberetning over de arkeologiske utgravingene i Baglergaten 2–4, Tønsberg, 1981–81. Riksantikvaren."
"MULTIPOLYGON (((580215.762887722 6570864.73091672,580216.806766088 6570865.55397466,580217.16402401 6570865.15740217,580217.270767971 6570865.01694958,580221.905710416 6570859.31077905,580220.982279553 6570857.80518525,580216.289004445 6570864.03659059,580216.12046135 6570864.2276061,580215.762887722 6570864.73091672)))",229,NØ,Baglergaten 2/4,80A,,14,Transport,Passasje,12.57,0,0,1,0,0,0,"7",1250,1300,,,,,,1981–1982,Riksantikvaren,893,TS,,C36399,"Brendalsmo, Jan. 1986. Innberetning over de arkeologiske utgravingene i Baglergaten 2–4, Tønsberg, 1981–81. Riksantikvaren."
"MULTIPOLYGON (((580214.538338098 6570860.03346408,580216.345050656 6570861.96062414,580220.219445361 6570858.44757194,580218.071464877 6570856.42003896,580214.538338098 6570860.03346408)))",230,NØ,Baglergaten 2/4,"100",,31,Sivile konstruksjoner,Bygning,14.38,0,0,1,0,0,0,"7",1250,1300,,,,,,1981–1982,Riksantikvaren,893,TS,,C36399,"Brendalsmo, Jan. 1986. Innberetning over de arkeologiske utgravingene i Baglergaten 2–4, Tønsberg, 1981–81. Riksantikvaren."
"MULTIPOLYGON (((580220.373186283 6570856.69547402,580221.97597146 6570858.78883987,580224.906860719 6570855.96836082,580223.401266922 6570854.08134993,580220.373186283 6570856.69547402)))",231,NØ,Baglergaten 2/4,134B,,31,Sivile konstruksjoner,Bygning,10.16,0,0,1,0,0,0,"7",1250,1300,,,,,,1981–1982,Riksantikvaren,893,TS,,C36399,"Brendalsmo, Jan. 1986. Innberetning over de arkeologiske utgravingene i Baglergaten 2–4, Tønsberg, 1981–81. Riksantikvaren."
"MULTIPOLYGON (((580225.513541075 6570863.84802369,580224.941284404 6570863.83212767,580224.384923751 6570864.05467192,580223.621914854 6570864.72230473,580223.017866143 6570865.3899375,580222.350233361 6570865.96219417,580221.936936875 6570866.43907473,580221.841560763 6570866.74109909,580221.952832894 6570866.94774733,580222.445609472 6570866.74109909,580222.843009939 6570866.39138668,580223.160930312 6570866.08936232,580224.512091899 6570864.78588879,580225.513541075 6570863.84802369)))",232,NØ,Baglergaten 2/4,"222",,36,Sivile konstruksjoner,Vannhåndtering,2.62,0,0,1,0,0,0,"7",1250,1300,,,,,,1981–1982,Riksantikvaren,893,TS,,C36399,"Brendalsmo, Jan. 1986. Innberetning over de arkeologiske utgravingene i Baglergaten 2–4, Tønsberg, 1981–81. Riksantikvaren."
"MULTIPOLYGON (((580238.850300738 6570864.97664101,580239.104637037 6570864.89716091,580238.72313259 6570864.32490424,580238.484692309 6570863.81623165,580238.500588328 6570863.46651924,580238.611860459 6570863.24397498,580239.168221112 6570862.71940636,580240.074294176 6570862.03587756,580241.028055296 6570861.43182885,580241.552623913 6570861.16159653,580241.489039838 6570860.89136422,580241.139327427 6570861.03442838,580239.899437971 6570861.82922932,580238.691340552 6570862.70351034,580238.214459992 6570863.24397498,580238.166771937 6570863.80033562,580238.389316197 6570864.3725923,580238.850300738 6570864.97664101)))",233,NØ,Baglergaten 2/4,"464",,32,Sivile konstruksjoner,Gjerde,1.67,0,0,1,0,0,0,"7",1250,1300,,,,,,1981–1982,Riksantikvaren,893,TS,,C36399,"Brendalsmo, Jan. 1986. Innberetning over de arkeologiske utgravingene i Baglergaten 2–4, Tønsberg, 1981–81. Riksantikvaren."
"MULTIPOLYGON (((580235.37702066 6570844.93176147,580234.725283894 6570844.02568841,580233.676146662 6570844.64563314,580234.343779446 6570845.71066638,580235.37702066 6570844.93176147)))",234,NØ,Baglergaten 2/4,"429",,31,Sivile konstruksjoner,Bygning,1.49,0,0,1,0,0,0,"7",1250,1300,,,,,,1981–1982,Riksantikvaren,893,TS,,C36399,"Brendalsmo, Jan. 1986. Innberetning over de arkeologiske utgravingene i Baglergaten 2–4, Tønsberg, 1981–81. Riksantikvaren."
"MULTIPOLYGON (((580233.596666569 6570844.77280129,580233.34233027 6570844.88407341,580233.962274999 6570845.91731462,580234.693491857 6570846.80749168,580235.377020659 6570847.5069165,580235.583668902 6570847.34795631,580235.059100286 6570846.66442751,580234.614011763 6570846.25113101,580234.534531671 6570846.10806685,580235.583668902 6570845.28147389,580235.440604734 6570845.04303361,580234.884244081 6570845.47222611,580234.343779447 6570845.91731463,580234.105339166 6570845.69477037,580233.596666569 6570844.77280129)))",235,NØ,Baglergaten 2/4,"417",,32,Sivile konstruksjoner,Gjerde,1.35,0,0,1,0,0,0,"7",1250,1300,,,,,,1981–1982,Riksantikvaren,893,TS,,C36399,"Brendalsmo, Jan. 1986. Innberetning over de arkeologiske utgravingene i Baglergaten 2–4, Tønsberg, 1981–81. Riksantikvaren."
"MULTIPOLYGON (((580235.901589275 6570845.71066638,580234.963724174 6570846.42598723,580237.777319478 6570849.76415115,580238.492640318 6570849.25547855,580235.901589275 6570845.71066638)))",236,NØ,Baglergaten 2/4,"448",,31,Sivile konstruksjoner,Bygning,4.5,0,0,1,0,0,0,"7",1250,1300,,,,,,1981–1982,Riksantikvaren,893,TS,,C36399,"Brendalsmo, Jan. 1986. Innberetning over de arkeologiske utgravingene i Baglergaten 2–4, Tønsberg, 1981–81. Riksantikvaren."
"MULTIPOLYGON (((580198.896825292 6570869.37937351,580199.479367656 6570870.57411361,580201.089379785 6570871.66564725,580203.310686042 6570868.50991695,580200.566840029 6570866.87467489,580198.410318405 6570868.36702743,580198.896825292 6570869.37937351)))",237,NØ,Baglergaten 2/4,74A+D,,31,Sivile konstruksjoner,Bygning,12.91,0,0,1,0,0,0,8A,1250,1300,,,,,,1981–1982,Riksantikvaren,893,TS,,C36399,"Brendalsmo, Jan. 1986. Innberetning over de arkeologiske utgravingene i Baglergaten 2–4, Tønsberg, 1981–81. Riksantikvaren."
"MULTIPOLYGON (((580211.68027094 6570875.04872066,580212.118902177 6570875.70666751,580212.902172242 6570875.14271306,580212.369548599 6570874.3907738,580211.68027094 6570875.04872066)))",238,NØ,Baglergaten 2/4,"19",,35,Sivile konstruksjoner,Brønn,0.82,0,0,1,0,0,0,8A,1250,1300,,,,,,1981–1982,Riksantikvaren,893,TS,,C36399,"Brendalsmo, Jan. 1986. Innberetning over de arkeologiske utgravingene i Baglergaten 2–4, Tønsberg, 1981–81. Riksantikvaren."
"MULTIPOLYGON (((580208.907373302 6570865.87049095,580209.760026717 6570866.43410932,580210.395903842 6570865.53810065,580209.557702179 6570864.97448229,580208.907373302 6570865.87049095)))",239,NØ,Baglergaten 2/4,"25",,35,Sivile konstruksjoner,Brønn,1.12,0,0,1,0,0,0,8A,1250,1300,,,,,,1981–1982,Riksantikvaren,893,TS,,C36399,"Brendalsmo, Jan. 1986. Innberetning over de arkeologiske utgravingene i Baglergaten 2–4, Tønsberg, 1981–81. Riksantikvaren."
"MULTIPOLYGON (((580201.18774021 6570871.69843405,580201.551431111 6570872.05584117,580203.227834439 6570873.61663048,580204.383974665 6570874.85948122,580205.829149948 6570876.50698103,580206.754062129 6570877.66312127,580208.228140919 6570879.3684281,580208.835114537 6570880.23553327,580209.124149592 6570880.03320873,580208.34375494 6570878.96377902,580206.696255118 6570877.14285817,580205.308886847 6570875.46645483,580203.401255473 6570873.44320944,580201.333286068 6570871.64283432,580201.18774021 6570871.69843405)))",240,NØ,Baglergaten 2/4,"190",,32,Sivile konstruksjoner,Gjerde,3.11,0,0,1,0,0,0,8A,1250,1300,,,,,,1981–1982,Riksantikvaren,893,TS,,C36399,"Brendalsmo, Jan. 1986. Innberetning over de arkeologiske utgravingene i Baglergaten 2–4, Tønsberg, 1981–81. Riksantikvaren."
"MULTIPOLYGON (((580202.792601238 6570865.3603442,580216.695986331 6570875.19841202,580218.078194205 6570873.45032558,580204.662647186 6570864.10009584,580202.792601238 6570865.3603442)))",241,NØ,Baglergaten 2/4,"117",,14,Transport,Passasje,36.17,0,0,1,0,0,0,8A,1250,1300,,,,,,1981–1982,Riksantikvaren,893,TS,,C36399,"Brendalsmo, Jan. 1986. Innberetning over de arkeologiske utgravingene i Baglergaten 2–4, Tønsberg, 1981–81. Riksantikvaren."
"MULTIPOLYGON (((580211.611585965 6570860.02821512,580214.320676522 6570862.33709912,580218.138031397 6570857.87325672,580216.10621348 6570856.36478585,580212.596709805 6570858.79681031,580211.611585965 6570860.02821512)))",242,NØ,Baglergaten 2/4,"50",,31,Sivile konstruksjoner,Bygning,18.54,0,0,1,0,0,0,8A,1250,1300,,,,,,1981–1982,Riksantikvaren,893,TS,,C36399,"Brendalsmo, Jan. 1986. Innberetning over de arkeologiske utgravingene i Baglergaten 2–4, Tønsberg, 1981–81. Riksantikvaren."
"MULTIPOLYGON (((580219.215510596 6570862.61416519,580222.509518431 6570865.38482599,580225.003113147 6570862.79887592,580222.016956512 6570859.90507464,580219.215510596 6570862.61416519)))",243,NØ,Baglergaten 2/4,"120",,31,Sivile konstruksjoner,Bygning,15.82,0,0,1,0,0,0,8A,1250,1300,,,,,,1981–1982,Riksantikvaren,893,TS,,C36399,"Brendalsmo, Jan. 1986. Innberetning over de arkeologiske utgravingene i Baglergaten 2–4, Tønsberg, 1981–81. Riksantikvaren."
"MULTIPOLYGON (((580223.64856787 6570868.58647847,580226.419228665 6570871.38792439,580229.713236501 6570868.46333799,580226.696294746 6570865.81581766,580223.64856787 6570868.58647847)))",244,NØ,Baglergaten 2/4,"150",,31,Sivile konstruksjoner,Bygning,16.89,0,0,1,0,0,0,8A,1250,1300,,,,,,1981–1982,Riksantikvaren,893,TS,,C36399,"Brendalsmo, Jan. 1986. Innberetning over de arkeologiske utgravingene i Baglergaten 2–4, Tønsberg, 1981–81. Riksantikvaren."
"MULTIPOLYGON (((580218.753733796 6570854.69469309,580220.508485634 6570856.57258541,580223.37150179 6570854.17134605,580222.016956513 6570852.53973469,580218.753733796 6570854.69469309)))",245,NØ,Baglergaten 2/4,134A,,31,Sivile konstruksjoner,Bygning,8.92,0,0,1,0,0,0,8A,1250,1300,,,,,,1981–1982,Riksantikvaren,893,TS,,C36399,"Brendalsmo, Jan. 1986. Innberetning over de arkeologiske utgravingene i Baglergaten 2–4, Tønsberg, 1981–81. Riksantikvaren."
"MULTIPOLYGON (((580220.508485634 6570856.57258541,580221.97597146 6570858.78883987,580224.979405383 6570856.28697227,580223.37150179 6570854.17134605,580220.508485634 6570856.57258541)))",246,NØ,Baglergaten 2/4,134B,,31,Sivile konstruksjoner,Bygning,10.13,0,0,1,0,0,0,8A,1250,1300,,,,,,1981–1982,Riksantikvaren,893,TS,,C36399,"Brendalsmo, Jan. 1986. Innberetning over de arkeologiske utgravingene i Baglergaten 2–4, Tønsberg, 1981–81. Riksantikvaren."
"MULTIPOLYGON (((580221.97597146 6570858.78883987,580225.429241493 6570862.3078556,580228.179017907 6570859.55167406,580225.221624827 6570856.07935559,580221.97597146 6570858.78883987)))",247,NØ,Baglergaten 2/4,"94",,31,Sivile konstruksjoner,Bygning,19.25,0,0,1,0,0,0,8A,1250,1300,,,,,,1981–1982,Riksantikvaren,893,TS,,C36399,"Brendalsmo, Jan. 1986. Innberetning over de arkeologiske utgravingene i Baglergaten 2–4, Tønsberg, 1981–81. Riksantikvaren."
"MULTIPOLYGON (((580225.727040879 6570862.45990028,580227.622192533 6570864.35807018,580230.684538364 6570861.78016324,580228.989002254 6570859.25416046,580225.727040879 6570862.45990028)))",248,NØ,Baglergaten 2/4,"207",,31,Sivile konstruksjoner,Bygning,12.19,0,0,1,0,0,0,8A,1250,1300,,,,,,1981–1982,Riksantikvaren,893,TS,,C36399,"Brendalsmo, Jan. 1986. Innberetning over de arkeologiske utgravingene i Baglergaten 2–4, Tønsberg, 1981–81. Riksantikvaren."
"MULTIPOLYGON (((580226.860931423 6570865.72487989,580229.836770309 6570868.49310212,580233.621449127 6570865.863291,580231.060843572 6570862.07428685,580226.860931423 6570865.72487989)))",249,NØ,Baglergaten 2/4,"168",,31,Sivile konstruksjoner,Bygning,21.8,0,0,1,0,0,0,8A,1250,1300,,,,,,1981–1982,Riksantikvaren,893,TS,,C36399,"Brendalsmo, Jan. 1986. Innberetning over de arkeologiske utgravingene i Baglergaten 2–4, Tønsberg, 1981–81. Riksantikvaren."
"MULTIPOLYGON (((580231.008939404 6570867.92215629,580231.078144961 6570868.04326601,580232.704475515 6570866.86677156,580232.600667182 6570866.71105907,580231.008939404 6570867.92215629)))",250,NØ,Baglergaten 2/4,"265",,32,Sivile konstruksjoner,Gjerde,0.33,0,0,1,0,0,0,8A,1250,1300,,,,,,1981–1982,Riksantikvaren,893,TS,,C36399,"Brendalsmo, Jan. 1986. Innberetning over de arkeologiske utgravingene i Baglergaten 2–4, Tønsberg, 1981–81. Riksantikvaren."
"MULTIPOLYGON (((580232.825585237 6570866.15741462,580233.223517181 6570866.39963407,580234.278901902 6570865.84598962,580234.538422736 6570865.43075629,580234.01938107 6570865.17123546,580233.448435237 6570865.43075629,580232.825585237 6570866.15741462)))",251,NØ,Baglergaten 2/4,"508",,33,Sivile konstruksjoner,Grøft,1.04,0,0,1,0,0,0,8A,1250,1300,,,,,,1981–1982,Riksantikvaren,893,TS,,C36399,"Brendalsmo, Jan. 1986. Innberetning over de arkeologiske utgravingene i Baglergaten 2–4, Tønsberg, 1981–81. Riksantikvaren."
"MULTIPOLYGON (((580225.759886612 6570871.67312859,580226.055498217 6570871.57459138,580225.792732346 6570871.27897979,580225.004434737 6570870.45783644,580223.986216992 6570869.57100163,580223.460685252 6570869.11116135,580223.329302318 6570868.74985828,580223.460685252 6570868.45424668,580223.986216992 6570867.99440641,580224.577440199 6570867.60025761,580224.446057263 6570867.37033747,580223.493530985 6570868.02725215,580223.165073648 6570868.45424669,580223.033690714 6570868.81554976,580223.16507365 6570869.20969855,580223.493530986 6570869.57100163,580224.774514601 6570870.7206023,580225.759886612 6570871.67312859)))",252,NØ,Baglergaten 2/4,"211",,32,Sivile konstruksjoner,Gjerde,1.79,0,0,1,0,0,0,8A,1250,1300,,,,,,1981–1982,Riksantikvaren,893,TS,,C36399,"Brendalsmo, Jan. 1986. Innberetning over de arkeologiske utgravingene i Baglergaten 2–4, Tønsberg, 1981–81. Riksantikvaren."
"MULTIPOLYGON (((580217.270767971 6570865.01694958,580217.16402401 6570865.15740217,580217.860487654 6570865.71162792,580219.059356934 6570866.49992553,580220.061151814 6570867.12399447,580222.327507439 6570868.74985829,580222.475313241 6570868.60205248,580220.110420413 6570866.94334294,580218.40244226 6570865.87585659,580217.270767971 6570865.01694958)),((580216.12046135 6570864.2276061,580216.289004445 6570864.03659059,580214.170979559 6570862.47475791,580214.01367267 6570862.67139153,580216.12046135 6570864.2276061)))",253,NØ,Baglergaten 2/4,"87",,32,Sivile konstruksjoner,Gjerde,1.83,0,0,1,0,0,0,8A,1250,1300,,,,,,1981–1982,Riksantikvaren,893,TS,,C36399,"Brendalsmo, Jan. 1986. Innberetning over de arkeologiske utgravingene i Baglergaten 2–4, Tønsberg, 1981–81. Riksantikvaren."
"MULTIPOLYGON (((580220.073478222 6570857.91434123,580219.685005029 6570859.83728353,580216.289004445 6570864.03659059,580216.12046135 6570864.2276061,580214.362922279 6570866.87350425,580215.236986964 6570867.55333233,580217.16402401 6570865.15740217,580217.270767971 6570865.01694958,580222.869462045 6570868.63489822,580227.960301844 6570864.62659286,580227.622192533 6570864.35807018,580225.727040879 6570862.45990028,580225.429241493 6570862.3078556,580221.97597146 6570858.78883987,580220.508485634 6570856.57258541,580218.753733796 6570854.69469309,580218.072841276 6570855.21445252,580220.073478222 6570857.91434123),(580222.016956512 6570859.90507464,580225.003113147 6570862.79887592,580222.509518431 6570865.38482599,580219.215510596 6570862.61416519,580222.016956512 6570859.90507464)))",254,NØ,Baglergaten 2/4,69/80A/97/186,,14,Transport,Passasje,55.74,0,0,1,0,0,0,8A,1250,1300,,,,,,1981–1982,Riksantikvaren,893,TS,,C36399,"Brendalsmo, Jan. 1986. Innberetning over de arkeologiske utgravingene i Baglergaten 2–4, Tønsberg, 1981–81. Riksantikvaren."
"MULTIPOLYGON (((580239.508133268 6570864.68371062,580241.085410043 6570863.92867694,580241.909083136 6570863.31664208,580240.886641708 6570861.87521417,580238.64442051 6570863.53400026,580239.508133268 6570864.68371062)))",255,NØ,Baglergaten 2/4,"573",,31,Sivile konstruksjoner,Bygning,4.61,0,0,1,0,0,0,8A,1250,1300,,,,,,1981–1982,Riksantikvaren,893,TS,,C36399,"Brendalsmo, Jan. 1986. Innberetning over de arkeologiske utgravingene i Baglergaten 2–4, Tønsberg, 1981–81. Riksantikvaren."
"MULTIPOLYGON (((580235.37702066 6570844.93176147,580234.725283894 6570844.02568841,580233.676146662 6570844.64563314,580234.343779446 6570845.71066638,580235.37702066 6570844.93176147)))",256,NØ,Baglergaten 2/4,"429",,31,Sivile konstruksjoner,Bygning,1.49,0,0,1,0,0,0,8A,1250,1300,,,,,,1981–1982,Riksantikvaren,893,TS,,C36399,"Brendalsmo, Jan. 1986. Innberetning over de arkeologiske utgravingene i Baglergaten 2–4, Tønsberg, 1981–81. Riksantikvaren."
"MULTIPOLYGON (((580233.596666569 6570844.77280129,580233.34233027 6570844.88407341,580233.962274999 6570845.91731462,580234.693491857 6570846.80749168,580235.377020659 6570847.5069165,580235.583668902 6570847.34795631,580235.059100286 6570846.66442751,580234.614011763 6570846.25113101,580234.534531671 6570846.10806685,580235.583668902 6570845.28147389,580235.440604734 6570845.04303361,580234.884244081 6570845.47222611,580234.343779447 6570845.91731463,580234.105339166 6570845.69477037,580233.596666569 6570844.77280129)))",257,NØ,Baglergaten 2/4,"417",,32,Sivile konstruksjoner,Gjerde,1.35,0,0,1,0,0,0,8A,1250,1300,,,,,,1981–1982,Riksantikvaren,893,TS,,C36399,"Brendalsmo, Jan. 1986. Innberetning over de arkeologiske utgravingene i Baglergaten 2–4, Tønsberg, 1981–81. Riksantikvaren."
"MULTIPOLYGON (((580235.901589275 6570845.71066638,580234.963724174 6570846.42598723,580237.777319478 6570849.76415115,580238.492640318 6570849.25547855,580235.901589275 6570845.71066638)))",258,NØ,Baglergaten 2/4,"448",,31,Sivile konstruksjoner,Bygning,4.5,0,0,1,0,0,0,8A,1250,1300,,,,,,1981–1982,Riksantikvaren,893,TS,,C36399,"Brendalsmo, Jan. 1986. Innberetning over de arkeologiske utgravingene i Baglergaten 2–4, Tønsberg, 1981–81. Riksantikvaren."
"MULTIPOLYGON (((580219.215510596 6570862.61416519,580222.509518431 6570865.38482599,580225.003113147 6570862.79887592,580222.016956512 6570859.90507464,580219.215510596 6570862.61416519)))",259,NØ,Baglergaten 2/4,"120",,31,Sivile konstruksjoner,Bygning,15.82,0,0,1,0,0,0,8B,1250,1300,,,,,,1981–1982,Riksantikvaren,893,TS,,C36399,"Brendalsmo, Jan. 1986. Innberetning over de arkeologiske utgravingene i Baglergaten 2–4, Tønsberg, 1981–81. Riksantikvaren."
"MULTIPOLYGON (((580223.64856787 6570868.58647847,580226.419228665 6570871.38792439,580229.713236501 6570868.46333799,580226.696294746 6570865.81581766,580223.64856787 6570868.58647847)))",260,NØ,Baglergaten 2/4,"150",,31,Sivile konstruksjoner,Bygning,16.89,0,0,1,0,0,0,8B,1250,1300,,,,,,1981–1982,Riksantikvaren,893,TS,,C36399,"Brendalsmo, Jan. 1986. Innberetning over de arkeologiske utgravingene i Baglergaten 2–4, Tønsberg, 1981–81. Riksantikvaren."
"MULTIPOLYGON (((580218.753733796 6570854.69469309,580220.508485634 6570856.57258541,580223.37150179 6570854.17134605,580222.016956513 6570852.53973469,580218.753733796 6570854.69469309)))",261,NØ,Baglergaten 2/4,134A,,31,Sivile konstruksjoner,Bygning,8.92,0,0,1,0,0,0,8B,1250,1300,,,,,,1981–1982,Riksantikvaren,893,TS,,C36399,"Brendalsmo, Jan. 1986. Innberetning over de arkeologiske utgravingene i Baglergaten 2–4, Tønsberg, 1981–81. Riksantikvaren."
"MULTIPOLYGON (((580220.508485634 6570856.57258541,580221.97597146 6570858.78883987,580224.979405383 6570856.28697227,580223.37150179 6570854.17134605,580220.508485634 6570856.57258541)))",262,NØ,Baglergaten 2/4,134B,,31,Sivile konstruksjoner,Bygning,10.13,0,0,1,0,0,0,8B,1250,1300,,,,,,1981–1982,Riksantikvaren,893,TS,,C36399,"Brendalsmo, Jan. 1986. Innberetning over de arkeologiske utgravingene i Baglergaten 2–4, Tønsberg, 1981–81. Riksantikvaren."
"MULTIPOLYGON (((580221.97597146 6570858.78883987,580225.429241493 6570862.3078556,580228.179017907 6570859.55167406,580225.221624827 6570856.07935559,580221.97597146 6570858.78883987)))",263,NØ,Baglergaten 2/4,"94",,31,Sivile konstruksjoner,Bygning,19.25,0,0,1,0,0,0,8B,1250,1300,,,,,,1981–1982,Riksantikvaren,893,TS,,C36399,"Brendalsmo, Jan. 1986. Innberetning over de arkeologiske utgravingene i Baglergaten 2–4, Tønsberg, 1981–81. Riksantikvaren."
"MULTIPOLYGON (((580225.727040879 6570862.45990028,580227.622192533 6570864.35807018,580230.684538364 6570861.78016324,580228.989002254 6570859.25416046,580225.727040879 6570862.45990028)))",264,NØ,Baglergaten 2/4,"180",,31,Sivile konstruksjoner,Bygning,12.19,0,0,1,0,0,0,8B,1250,1300,,,,,,1981–1982,Riksantikvaren,893,TS,,C36399,"Brendalsmo, Jan. 1986. Innberetning over de arkeologiske utgravingene i Baglergaten 2–4, Tønsberg, 1981–81. Riksantikvaren."
"MULTIPOLYGON (((580226.860931423 6570865.72487989,580229.836770309 6570868.49310212,580234.391459587 6570865.3179368,580231.716544946 6570861.62979691,580226.860931423 6570865.72487989)))",265,NØ,Baglergaten 2/4,"168",,31,Sivile konstruksjoner,Bygning,25.48,0,0,1,0,0,0,8B,1250,1300,,,,,,1981–1982,Riksantikvaren,893,TS,,C36399,"Brendalsmo, Jan. 1986. Innberetning over de arkeologiske utgravingene i Baglergaten 2–4, Tønsberg, 1981–81. Riksantikvaren."
"MULTIPOLYGON (((580231.008939404 6570867.92215629,580231.078144961 6570868.04326601,580232.704475515 6570866.86677156,580232.600667182 6570866.71105907,580231.008939404 6570867.92215629)))",266,NØ,Baglergaten 2/4,"265",,32,Sivile konstruksjoner,Gjerde,0.33,0,0,1,0,0,0,8B,1250,1300,,,,,,1981–1982,Riksantikvaren,893,TS,,C36399,"Brendalsmo, Jan. 1986. Innberetning over de arkeologiske utgravingene i Baglergaten 2–4, Tønsberg, 1981–81. Riksantikvaren."
"MULTIPOLYGON (((580225.759886612 6570871.67312859,580226.055498217 6570871.57459138,580225.792732346 6570871.27897979,580225.004434737 6570870.45783644,580223.986216992 6570869.57100163,580223.460685252 6570869.11116135,580223.329302318 6570868.74985828,580223.460685252 6570868.45424668,580223.986216992 6570867.99440641,580224.577440199 6570867.60025761,580224.446057263 6570867.37033747,580223.493530985 6570868.02725215,580223.165073648 6570868.45424669,580223.033690714 6570868.81554976,580223.16507365 6570869.20969855,580223.493530986 6570869.57100163,580224.774514601 6570870.7206023,580225.759886612 6570871.67312859)))",267,NØ,Baglergaten 2/4,"211",,32,Sivile konstruksjoner,Gjerde,1.79,0,0,1,0,0,0,8B,1250,1300,,,,,,1981–1982,Riksantikvaren,893,TS,,C36399,"Brendalsmo, Jan. 1986. Innberetning over de arkeologiske utgravingene i Baglergaten 2–4, Tønsberg, 1981–81. Riksantikvaren."
"MULTIPOLYGON (((580217.270767971 6570865.01694958,580217.16402401 6570865.15740217,580217.860487654 6570865.71162792,580219.059356934 6570866.49992553,580220.061151814 6570867.12399447,580222.327507439 6570868.74985829,580222.475313241 6570868.60205248,580220.110420413 6570866.94334294,580218.40244226 6570865.87585659,580217.270767971 6570865.01694958)),((580216.12046135 6570864.2276061,580216.289004445 6570864.03659059,580214.170979559 6570862.47475791,580214.01367267 6570862.67139153,580216.12046135 6570864.2276061)))",268,NØ,Baglergaten 2/4,"87",,32,Sivile konstruksjoner,Gjerde,1.83,0,0,1,0,0,0,8B,1250,1300,,,,,,1981–1982,Riksantikvaren,893,TS,,C36399,"Brendalsmo, Jan. 1986. Innberetning over de arkeologiske utgravingene i Baglergaten 2–4, Tønsberg, 1981–81. Riksantikvaren."
"MULTIPOLYGON (((580220.073478222 6570857.91434123,580219.685005029 6570859.83728353,580216.289004445 6570864.03659059,580216.12046135 6570864.2276061,580214.362922279 6570866.87350425,580210.603701493 6570868.37940656,580204.566500335 6570864.09130106,580201.886434401 6570865.92503039,580204.538289115 6570867.98444946,580210.801180035 6570871.65190812,580216.443424108 6570876.41960436,580218.756744178 6570875.29115554,580216.781958752 6570873.14710279,580213.678724512 6570869.50785537,580215.236986964 6570867.55333233,580217.16402401 6570865.15740217,580217.270767971 6570865.01694958,580222.869462045 6570868.63489822,580227.960301844 6570864.62659286,580227.622192533 6570864.35807018,580225.727040879 6570862.45990028,580225.429241493 6570862.3078556,580221.97597146 6570858.78883987,580220.508485634 6570856.57258541,580218.753733796 6570854.69469309,580218.072841276 6570855.21445252,580220.073478222 6570857.91434123),(580222.016956512 6570859.90507464,580225.003113147 6570862.79887592,580222.509518431 6570865.38482599,580219.215510596 6570862.61416519,580222.016956512 6570859.90507464)))",269,NØ,Baglergaten 2/4,69/80A/97/186/98/32/26/9,,14,Transport,Passasje,115.61,0,0,1,0,0,0,8B,1250,1300,,,,,,1981–1982,Riksantikvaren,893,TS,,C36399,"Brendalsmo, Jan. 1986. Innberetning over de arkeologiske utgravingene i Baglergaten 2–4, Tønsberg, 1981–81. Riksantikvaren."
"MULTIPOLYGON (((580211.611585965 6570860.02821512,580214.320676522 6570862.33709912,580218.138031397 6570857.87325672,580216.10621348 6570856.36478585,580212.596709805 6570858.79681031,580211.611585965 6570860.02821512)))",270,NØ,Baglergaten 2/4,"50",,31,Sivile konstruksjoner,Bygning,18.54,0,0,1,0,0,0,8B,1250,1300,,,,,,1981–1982,Riksantikvaren,893,TS,,C36399,"Brendalsmo, Jan. 1986. Innberetning over de arkeologiske utgravingene i Baglergaten 2–4, Tønsberg, 1981–81. Riksantikvaren."
"MULTIPOLYGON (((580208.907373302 6570865.87049095,580209.760026717 6570866.43410932,580210.395903842 6570865.53810065,580209.557702179 6570864.97448229,580208.907373302 6570865.87049095)))",271,NØ,Baglergaten 2/4,"25",,35,Sivile konstruksjoner,Brønn,1.12,0,0,1,0,0,0,8B,1250,1300,,,,,,1981–1982,Riksantikvaren,893,TS,,C36399,"Brendalsmo, Jan. 1986. Innberetning over de arkeologiske utgravingene i Baglergaten 2–4, Tønsberg, 1981–81. Riksantikvaren."
"MULTIPOLYGON (((580211.68027094 6570875.04872066,580212.118902177 6570875.70666751,580212.902172242 6570875.14271306,580212.369548599 6570874.3907738,580211.68027094 6570875.04872066)))",272,NØ,Baglergaten 2/4,"19",,35,Sivile konstruksjoner,Brønn,0.82,0,0,1,0,0,0,8B,1250,1300,,,,,,1981–1982,Riksantikvaren,893,TS,,C36399,"Brendalsmo, Jan. 1986. Innberetning over de arkeologiske utgravingene i Baglergaten 2–4, Tønsberg, 1981–81. Riksantikvaren."
"MULTIPOLYGON (((580235.37702066 6570844.93176147,580234.725283894 6570844.02568841,580233.676146662 6570844.64563314,580234.343779446 6570845.71066638,580235.37702066 6570844.93176147)))",273,NØ,Baglergaten 2/4,"429",,31,Sivile konstruksjoner,Bygning,1.49,0,0,1,0,0,0,8B,1250,1300,,,,,,1981–1982,Riksantikvaren,893,TS,,C36399,"Brendalsmo, Jan. 1986. Innberetning over de arkeologiske utgravingene i Baglergaten 2–4, Tønsberg, 1981–81. Riksantikvaren."
"MULTIPOLYGON (((580233.596666569 6570844.77280129,580233.34233027 6570844.88407341,580233.962274999 6570845.91731462,580234.693491857 6570846.80749168,580235.377020659 6570847.5069165,580235.583668902 6570847.34795631,580235.059100286 6570846.66442751,580234.614011763 6570846.25113101,580234.534531671 6570846.10806685,580235.583668902 6570845.28147389,580235.440604734 6570845.04303361,580234.884244081 6570845.47222611,580234.343779447 6570845.91731463,580234.105339166 6570845.69477037,580233.596666569 6570844.77280129)))",274,NØ,Baglergaten 2/4,"417",,32,Sivile konstruksjoner,Gjerde,1.35,0,0,1,0,0,0,8B,1250,1300,,,,,,1981–1982,Riksantikvaren,893,TS,,C36399,"Brendalsmo, Jan. 1986. Innberetning over de arkeologiske utgravingene i Baglergaten 2–4, Tønsberg, 1981–81. Riksantikvaren."
"MULTIPOLYGON (((580235.901589275 6570845.71066638,580234.963724174 6570846.42598723,580237.777319478 6570849.76415115,580238.492640318 6570849.25547855,580235.901589275 6570845.71066638)))",275,NØ,Baglergaten 2/4,"448",,31,Sivile konstruksjoner,Bygning,4.5,0,0,1,0,0,0,8B,1250,1300,,,,,,1981–1982,Riksantikvaren,893,TS,,C36399,"Brendalsmo, Jan. 1986. Innberetning over de arkeologiske utgravingene i Baglergaten 2–4, Tønsberg, 1981–81. Riksantikvaren."
"MULTIPOLYGON (((580199.354477373 6570870.32598075,580200.821460832 6570871.31337347,580203.699005309 6570867.84339336,580201.357474019 6570866.31998747,580198.33887344 6570868.2947729,580199.354477373 6570870.32598075)))",276,NØ,Baglergaten 2/4,"17",,31,Sivile konstruksjoner,Bygning,14.26,0,0,1,0,0,0,8B,1250,1300,,,,,,1981–1982,Riksantikvaren,893,TS,,C36399,"Brendalsmo, Jan. 1986. Innberetning over de arkeologiske utgravingene i Baglergaten 2–4, Tønsberg, 1981–81. Riksantikvaren."
"MULTIPOLYGON (((580202.175599409 6570872.44182228,580205.36346731 6570875.31936677,580208.41027911 6570871.70833055,580204.996721446 6570868.8589973,580202.175599409 6570872.44182228)))",277,NØ,Baglergaten 2/4,"27",,31,Sivile konstruksjoner,Bygning,20.29,0,0,1,0,0,0,8B,1250,1300,,,,,,1981–1982,Riksantikvaren,893,TS,,C36399,"Brendalsmo, Jan. 1986. Innberetning over de arkeologiske utgravingene i Baglergaten 2–4, Tønsberg, 1981–81. Riksantikvaren."
"MULTIPOLYGON (((580200.821460832 6570871.31337347,580202.175599409 6570872.44182228,580204.996721446 6570868.8589973,580203.699005309 6570867.84339336,580200.821460832 6570871.31337347)))",278,NØ,Baglergaten 2/4,17/27,,31,Sivile konstruksjoner,Bygning,7.74,0,0,1,0,0,0,8B,1250,1300,,,,,,1981–1982,Riksantikvaren,893,TS,,C36399,"Brendalsmo, Jan. 1986. Innberetning over de arkeologiske utgravingene i Baglergaten 2–4, Tønsberg, 1981–81. Riksantikvaren."
"MULTIPOLYGON (((580232.825585237 6570866.15741462,580233.223517181 6570866.39963407,580234.278901902 6570865.84598962,580234.538422736 6570865.43075629,580234.01938107 6570865.17123546,580233.448435237 6570865.43075629,580232.825585237 6570866.15741462)))",279,NØ,Baglergaten 2/4,"508",,33,Sivile konstruksjoner,Grøft,1.04,0,0,1,0,0,0,8B,1250,1300,,,,,,1981–1982,Riksantikvaren,893,TS,,C36399,"Brendalsmo, Jan. 1986. Innberetning over de arkeologiske utgravingene i Baglergaten 2–4, Tønsberg, 1981–81. Riksantikvaren."
"MULTIPOLYGON (((580234.473863042 6570865.2907212,580234.736346442 6570865.10323304,580234.923834585 6570864.85949847,580234.923834585 6570864.52201981,580234.473863042 6570863.84706248,580233.067701967 6570861.7659441,580231.286564604 6570859.29110061,580230.067891672 6570857.7162002,580228.417996011 6570855.98193487,580226.46811932 6570854.14455108,580225.755664376 6570853.45084495,580225.493180975 6570853.61958427,580226.111891849 6570854.1820487,580227.874280395 6570855.92568844,580229.655417757 6570857.78182106,580231.117825275 6570859.61920486,580233.306749349 6570862.75494406,580234.206692436 6570864.10485869,580234.487924652 6570864.49858378,580234.600417537 6570864.70482074,580234.525422281 6570864.92980651,580234.281687694 6570865.02355058,580234.473863042 6570865.2907212)))",280,NØ,Baglergaten 2/4,"479",,32,Sivile konstruksjoner,Gjerde,5.13,0,0,1,0,0,0,8B,1250,1300,,,,,,1981–1982,Riksantikvaren,893,TS,,C36399,"Brendalsmo, Jan. 1986. Innberetning over de arkeologiske utgravingene i Baglergaten 2–4, Tønsberg, 1981–81. Riksantikvaren."
"MULTIPOLYGON (((580226.860931423 6570865.72487989,580229.836770309 6570868.49310212,580234.391459587 6570865.3179368,580231.716544946 6570861.62979691,580226.860931423 6570865.72487989)))",281,NØ,Baglergaten 2/4,"168",,31,Sivile konstruksjoner,Bygning,25.48,0,0,0,1,0,0,9A,1300,1350,,,,,,1981–1982,Riksantikvaren,893,TS,,C36399,"Brendalsmo, Jan. 1986. Innberetning over de arkeologiske utgravingene i Baglergaten 2–4, Tønsberg, 1981–81. Riksantikvaren."
"MULTIPOLYGON (((580211.611585965 6570860.02821512,580214.320676522 6570862.33709912,580218.138031397 6570857.87325672,580216.10621348 6570856.36478585,580212.596709805 6570858.79681031,580211.611585965 6570860.02821512)))",282,NØ,Baglergaten 2/4,"50",,31,Sivile konstruksjoner,Bygning,18.54,0,0,0,1,0,0,9A,1300,1350,,,,,,1981–1982,Riksantikvaren,893,TS,,C36399,"Brendalsmo, Jan. 1986. Innberetning over de arkeologiske utgravingene i Baglergaten 2–4, Tønsberg, 1981–81. Riksantikvaren."
"MULTIPOLYGON (((580199.354477373 6570870.32598075,580200.821460832 6570871.31337347,580203.699005309 6570867.84339336,580201.357474019 6570866.31998747,580198.33887344 6570868.2947729,580199.354477373 6570870.32598075)))",283,NØ,Baglergaten 2/4,"17",,31,Sivile konstruksjoner,Bygning,14.26,0,0,0,1,0,0,9A,1300,1350,,,,,,1981–1982,Riksantikvaren,893,TS,,C36399,"Brendalsmo, Jan. 1986. Innberetning over de arkeologiske utgravingene i Baglergaten 2–4, Tønsberg, 1981–81. Riksantikvaren."
"MULTIPOLYGON (((580202.175599409 6570872.44182228,580205.36346731 6570875.31936677,580208.41027911 6570871.70833055,580204.996721446 6570868.8589973,580202.175599409 6570872.44182228)))",284,NØ,Baglergaten 2/4,"27",,31,Sivile konstruksjoner,Bygning,20.29,0,0,0,1,0,0,9A,1300,1350,,,,,,1981–1982,Riksantikvaren,893,TS,,C36399,"Brendalsmo, Jan. 1986. Innberetning over de arkeologiske utgravingene i Baglergaten 2–4, Tønsberg, 1981–81. Riksantikvaren."
"MULTIPOLYGON (((580200.821460832 6570871.31337347,580202.175599409 6570872.44182228,580204.996721446 6570868.8589973,580203.699005309 6570867.84339336,580200.821460832 6570871.31337347)))",285,NØ,Baglergaten 2/4,17/27,,31,Sivile konstruksjoner,Bygning,7.74,0,0,0,1,0,0,9A,1300,1350,,,,,,1981–1982,Riksantikvaren,893,TS,,C36399,"Brendalsmo, Jan. 1986. Innberetning over de arkeologiske utgravingene i Baglergaten 2–4, Tønsberg, 1981–81. Riksantikvaren."
"MULTIPOLYGON (((580211.68027094 6570875.04872066,580212.118902177 6570875.70666751,580212.902172242 6570875.14271306,580212.369548599 6570874.3907738,580211.68027094 6570875.04872066)))",286,NØ,Baglergaten 2/4,"19",,35,Sivile konstruksjoner,Brønn,0.82,0,0,0,1,0,0,9A,1300,1350,,,,,,1981–1982,Riksantikvaren,893,TS,,C36399,"Brendalsmo, Jan. 1986. Innberetning over de arkeologiske utgravingene i Baglergaten 2–4, Tønsberg, 1981–81. Riksantikvaren."
"MULTIPOLYGON (((580225.727040879 6570862.45990028,580227.622192533 6570864.35807018,580230.684538364 6570861.78016324,580228.989002254 6570859.25416046,580225.727040879 6570862.45990028)))",287,NØ,Baglergaten 2/4,"180",,31,Sivile konstruksjoner,Bygning,12.19,0,0,0,1,0,0,9A,1300,1350,,,,,,1981–1982,Riksantikvaren,893,TS,,C36399,"Brendalsmo, Jan. 1986. Innberetning over de arkeologiske utgravingene i Baglergaten 2–4, Tønsberg, 1981–81. Riksantikvaren."
"MULTIPOLYGON (((580217.6846547 6570865.55290527,580221.500095866 6570868.38269079,580224.234495367 6570864.91699841,580220.578030918 6570862.11900822,580217.6846547 6570865.55290527)))",288,NØ,Baglergaten 2/4,"38",,31,Sivile konstruksjoner,Bygning,20.82,0,0,0,1,0,0,9A,1300,1350,,,,,,1981–1982,Riksantikvaren,893,TS,,C36399,"Brendalsmo, Jan. 1986. Innberetning over de arkeologiske utgravingene i Baglergaten 2–4, Tønsberg, 1981–81. Riksantikvaren."
"MULTIPOLYGON (((580201.886434401 6570865.92503039,580204.538289115 6570867.98444946,580210.801180035 6570871.65190812,580216.443424108 6570876.41960436,580218.756744178 6570875.29115554,580213.678724512 6570869.50785537,580217.16402401 6570865.15740217,580220.895984348 6570861.73746411,580224.67963017 6570864.69443101,580224.234495367 6570864.91699841,580221.500095866 6570868.38269079,580221.213937779 6570868.66884888,580222.136002726 6570869.20936972,580222.549342187 6570868.73243956,580225.601695118 6570865.04417977,580226.015034578 6570864.44006827,580222.422160814 6570860.37026435,580222.453956156 6570858.93152508,580219.083649795 6570857.53252998,580219.083649794 6570858.39100425,580216.253864264 6570860.33052017,580214.320676522 6570862.33709912,580212.6609905 6570864.90904958,580211.866106924 6570866.75317947,580211.039428004 6570867.80242578,580210.467111831 6570867.99319784,580209.767614283 6570867.80242579,580204.566500335 6570864.09130106,580201.886434401 6570865.92503039)))",289,NØ,Baglergaten 2/4,72/101/95/26/32/9,,14,Transport,Passasje,121.16,0,0,0,1,0,0,9A,1300,1350,,,,,,1981–1982,Riksantikvaren,893,TS,,C36399,"Brendalsmo, Jan. 1986. Innberetning over de arkeologiske utgravingene i Baglergaten 2–4, Tønsberg, 1981–81. Riksantikvaren."
"MULTIPOLYGON (((580211.68027094 6570875.04872066,580212.118902177 6570875.70666751,580212.902172242 6570875.14271306,580212.369548599 6570874.3907738,580211.68027094 6570875.04872066)))",290,NØ,Baglergaten 2/4,"19",,35,Sivile konstruksjoner,Brønn,0.82,0,0,0,1,0,0,9B,1300,1350,,,,,,1981–1982,Riksantikvaren,893,TS,,C36399,"Brendalsmo, Jan. 1986. Innberetning over de arkeologiske utgravingene i Baglergaten 2–4, Tønsberg, 1981–81. Riksantikvaren."
"MULTIPOLYGON (((580217.490857601 6570864.56219881,580222.079503727 6570867.73895382,580224.609141977 6570864.47395561,580220.373468631 6570861.06188541,580217.490857601 6570864.56219881)))",291,NØ,Baglergaten 2/4,59A,,31,Sivile konstruksjoner,Bygning,23.86,0,0,0,1,0,0,9B,1300,1350,,,,,,1981–1982,Riksantikvaren,893,TS,,C36399,"Brendalsmo, Jan. 1986. Innberetning over de arkeologiske utgravingene i Baglergaten 2–4, Tønsberg, 1981–81. Riksantikvaren."
"MULTIPOLYGON (((580222.5501341 6570868.41548498,580226.462249067 6570871.79814078,580229.580175283 6570868.82728656,580225.432745129 6570865.17990117,580222.5501341 6570868.41548498)))",292,NØ,Baglergaten 2/4,"63",,31,Sivile konstruksjoner,Bygning,23.07,0,0,0,1,0,0,9B,1300,1350,,,,,,1981–1982,Riksantikvaren,893,TS,,C36399,"Brendalsmo, Jan. 1986. Innberetning over de arkeologiske utgravingene i Baglergaten 2–4, Tønsberg, 1981–81. Riksantikvaren."
"MULTIPOLYGON (((580224.373826792 6570863.76801006,580227.256437821 6570866.20940511,580230.050805655 6570863.0914789,580227.168194627 6570860.44418304,580224.373826792 6570863.76801006)))",293,NØ,Baglergaten 2/4,"79",,31,Sivile konstruksjoner,Bygning,16.4,0,0,0,1,0,0,9B,1300,1350,,,,,,1981–1982,Riksantikvaren,893,TS,,C36399,"Brendalsmo, Jan. 1986. Innberetning over de arkeologiske utgravingene i Baglergaten 2–4, Tønsberg, 1981–81. Riksantikvaren."
"MULTIPOLYGON (((580227.256437821 6570866.20940511,580229.572821684 6570868.44489938,580232.778991094 6570865.70936034,580230.050805655 6570863.0914789,580227.256437821 6570866.20940511)))",294,NØ,Baglergaten 2/4,"79",,31,Sivile konstruksjoner,Bygning,14.67,0,0,0,1,0,0,9B,1300,1350,,,,,,1981–1982,Riksantikvaren,893,TS,,C36399,"Brendalsmo, Jan. 1986. Innberetning over de arkeologiske utgravingene i Baglergaten 2–4, Tønsberg, 1981–81. Riksantikvaren."
"MULTIPOLYGON (((580224.609296688 6570857.59721915,580226.162169098 6570865.42130706,580227.17750875 6570870.73690877,580228.013670816 6570869.78129498,580227.416412198 6570866.61582429,580225.087103583 6570857.59721915,580224.609296688 6570857.59721915)))",295,NØ,Baglergaten 2/4,"167",,33,Sivile konstruksjoner,Grøft,10.48,0,0,0,1,1,0,"10",1350,1450,,,,,,1981–1982,Riksantikvaren,893,TS,,C36399,"Brendalsmo, Jan. 1986. Innberetning over de arkeologiske utgravingene i Baglergaten 2–4, Tønsberg, 1981–81. Riksantikvaren."
"MULTIPOLYGON (((580198.986901929 6570866.97417947,580199.763338133 6570867.69088981,580200.480048477 6570866.85472773,580199.882789857 6570866.25746912,580198.986901929 6570866.97417947)))",296,NØ,Baglergaten 2/4,"406",,35,Sivile konstruksjoner,Brønn,1.06,0,0,0,1,1,0,"10",1350,1450,,,,,,1981–1982,Riksantikvaren,893,TS,,C36399,"Brendalsmo, Jan. 1986. Innberetning over de arkeologiske utgravingene i Baglergaten 2–4, Tønsberg, 1981–81. Riksantikvaren."
"MULTIPOLYGON (((580239.368867784 6570864.68605768,580239.588183403 6570864.56073446,580238.773582535 6570863.40149476,580238.052974073 6570862.17959347,580237.301034809 6570861.17700778,580236.549095546 6570860.36240691,580236.329779927 6570859.82978327,580236.329779927 6570859.0151824,580236.016471901 6570858.9838516,580235.953810295 6570859.45381364,580236.204456716 6570860.39373772,580236.643087953 6570860.95769216,580237.677004442 6570862.30491668,580238.303620494 6570863.18217914,580239.368867784 6570864.68605768)))",297,NØ,Baglergaten 2/4,"641",,32,Sivile konstruksjoner,Gjerde,2.14,0,1,0,0,0,0,2A,1150,1200,,,,,,1981–1982,Riksantikvaren,893,TS,,C36399,"Brendalsmo, Jan. 1986. Innberetning over de arkeologiske utgravingene i Baglergaten 2–4, Tønsberg, 1981–81. Riksantikvaren."
"MULTIPOLYGON (((580222.473732454 6570852.27122713,580222.254416836 6570852.42788114,580223.069017705 6570853.39913602,580224.040272587 6570854.40172171,580225.60681272 6570856.06225424,580226.703390813 6570857.03350913,580226.891375628 6570856.87685512,580225.230843088 6570855.18499178,580224.165595798 6570854.11974449,580223.444987337 6570853.27381281,580222.473732454 6570852.27122713)))",298,NØ,Baglergaten 2/4,,,32,Sivile konstruksjoner,Gjerde,2,0,1,0,0,0,0,3A,1150,1200,,,,,,1981–1982,Riksantikvaren,893,TS,,C36399,"Brendalsmo, Jan. 1986. Innberetning over de arkeologiske utgravingene i Baglergaten 2–4, Tønsberg, 1981–81. Riksantikvaren."
"MULTIPOLYGON (((580222.549342187 6570868.73243956,580226.364783351 6570871.5622251,580229.38534094 6570868.28730476,580225.601695118 6570865.04417977,580222.549342187 6570868.73243956)))",299,NØ,Baglergaten 2/4,"121",,31,Sivile konstruksjoner,Bygning,22.46,0,0,0,1,0,0,9A,1300,1350,,,,,,1981–1982,Riksantikvaren,893,TS,,C36399,"Brendalsmo, Jan. 1986. Innberetning over de arkeologiske utgravingene i Baglergaten 2–4, Tønsberg, 1981–81. Riksantikvaren."
"MULTIPOLYGON (((580227.91508205 6570854.13310593,580228.272705245 6570853.91853201,580226.198490719 6570851.05754646,580225.805105206 6570851.3078827,580227.91508205 6570854.13310593)))",300,NØ,Baglergaten 2/4,"500",,32,Sivile konstruksjoner,Gjerde,1.55,0,0,0,1,0,0,9A,1300,1350,,,,,,1981–1982,Riksantikvaren,893,TS,,C36399,"Brendalsmo, Jan. 1986. Innberetning over de arkeologiske utgravingene i Baglergaten 2–4, Tønsberg, 1981–81. Riksantikvaren."
"MULTIPOLYGON (((580232.910963371 6570896.99032321,580235.375916936 6570894.29061216,580232.424174236 6570891.59554275,580229.95922067 6570894.2952538,580232.910963371 6570896.99032321)))",301,NØ,Baglergaten 3,K85,,31,Sivile konstruksjoner,Bygning,14.62,0,1,0,0,0,0,2A,1150,1250,,,,,,1979–1980,Riksantikvaren,172,TP,,C36206,"Brendalsmo, Jan. 1983. Innberetning over de arkeologiske utgravingene i Baglergaten 3, Tønsberg, 1979–80. Riksantikvaren."
"MULTIPOLYGON (((580230.188129644 6570898.13256256,580230.972275419 6570898.49447601,580231.386272844 6570897.59748158,580230.602127069 6570897.23556816,580230.188129644 6570898.13256256)))",302,NØ,Baglergaten 3,"72",,35,Sivile konstruksjoner,Brønn,0.85,0,0,1,0,0,0,"3",1200,1250,,,,,,1979–1980,Riksantikvaren,172,TP,,C36206,"Brendalsmo, Jan. 1983. Innberetning over de arkeologiske utgravingene i Baglergaten 3, Tønsberg, 1979–80. Riksantikvaren."
"MULTIPOLYGON (((580226.111261502 6570898.24340389,580227.862238009 6570899.29398979,580231.851109311 6570892.64587096,580230.100132805 6570891.59528504,580226.111261502 6570898.24340389)))",303,NØ,Baglergaten 3,"30",,14,Transport,Passasje,15.84,0,0,1,0,0,0,"4",1250,1300,,,,,,1979–1980,Riksantikvaren,172,TP,,C36206,"Brendalsmo, Jan. 1983. Innberetning over de arkeologiske utgravingene i Baglergaten 3, Tønsberg, 1979–80. Riksantikvaren."
"MULTIPOLYGON (((580226.111261502 6570898.24340389,580227.862238009 6570899.29398979,580231.851109311 6570892.64587096,580230.100132805 6570891.59528504,580226.111261502 6570898.24340389)))",304,NØ,Baglergaten 3,"13",,14,Transport,Passasje,15.84,0,0,1,0,0,0,"5",1250,1300,,,,,,1979–1980,Riksantikvaren,172,TP,,C36206,"Brendalsmo, Jan. 1983. Innberetning over de arkeologiske utgravingene i Baglergaten 3, Tønsberg, 1979–80. Riksantikvaren."
"MULTIPOLYGON (((580237.738373726 6570895.37290405,580237.659670619 6570895.32398049,580238.32313793 6570894.25666351,580232.902900265 6570891.06259489,580232.531237182 6570891.69329588,580232.721201934 6570891.86674195,580237.882887987 6570894.8871172,580233.998549649 6570901.52527749,580229.997148212 6570899.18384609,580234.076168881 6570901.5875547,580237.738373726 6570895.37290405)))",305,NØ,Baglergaten 3,K1,,31,Sivile konstruksjoner,Bygning,5.71,0,0,1,0,0,0,"5",1250,1300,,,,,,1979–1980,Riksantikvaren,172,TP,,C36206,"Brendalsmo, Jan. 1983. Innberetning over de arkeologiske utgravingene i Baglergaten 3, Tønsberg, 1979–80. Riksantikvaren."
"MULTIPOLYGON (((580229.683047984 6570893.90913126,580232.118656866 6570891.50286707,580228.967008719 6570888.31278419,580226.531399838 6570890.71904838,580229.683047984 6570893.90913126)))",306,NØ,Baglergaten 3,K79,,31,Sivile konstruksjoner,Bygning,15.36,0,1,0,0,0,0,2A,1150,1250,,,,,,1979–1980,Riksantikvaren,172,TP,,C36206,"Brendalsmo, Jan. 1983. Innberetning over de arkeologiske utgravingene i Baglergaten 3, Tønsberg, 1979–80. Riksantikvaren."
"MULTIPOLYGON (((580237.659670619 6570895.32398049,580239.638741222 6570896.55421357,580240.788960359 6570894.70386104,580238.809889752 6570893.47362797,580237.659670619 6570895.32398049)))",307,NØ,Baglergaten 3,K90,,31,Sivile konstruksjoner,Bygning,5.08,0,0,1,0,0,0,"3",1200,1250,,,,,,1979–1980,Riksantikvaren,172,TP,,C36206,"Brendalsmo, Jan. 1983. Innberetning over de arkeologiske utgravingene i Baglergaten 3, Tønsberg, 1979–80. Riksantikvaren."
"MULTIPOLYGON (((580240.020111274 6570892.52290434,580241.375429423 6570889.46375766,580236.610235872 6570887.35259596,580235.254917725 6570890.41174264,580240.020111274 6570892.52290434)))",308,NØ,Baglergaten 3,K57,,31,Sivile konstruksjoner,Bygning,17.45,0,0,1,0,0,0,"3",1200,1250,,,,,,1979–1980,Riksantikvaren,172,TP,,C36206,"Brendalsmo, Jan. 1983. Innberetning over de arkeologiske utgravingene i Baglergaten 3, Tønsberg, 1979–80. Riksantikvaren."
"MULTIPOLYGON (((580228.451314239 6570898.27929694,580233.998549649 6570901.52527749,580237.882887987 6570894.8871172,580232.721201933 6570891.86674195,580235.375916936 6570894.29061216,580232.910963371 6570896.99032321,580230.495871803 6570894.78523961,580228.451314239 6570898.27929694)),((580232.335652578 6570891.64113665,580232.251968436 6570891.7841491,580232.366215938 6570891.65902088,580232.335652578 6570891.64113665)))",309,NØ,Baglergaten 3,K5,,31,Sivile konstruksjoner,Bygning,36.1,0,0,1,0,0,0,"4",1250,1300,,,,,,1979–1980,Riksantikvaren,172,TP,,C36206,"Brendalsmo, Jan. 1983. Innberetning over de arkeologiske utgravingene i Baglergaten 3, Tønsberg, 1979–80. Riksantikvaren."
"MULTIPOLYGON (((580328.060347781 6570507.39916076,580324.025109563 6570511.7358823,580324.349783903 6570512.06055664,580328.454595191 6570507.65426204,580328.060347781 6570507.39916076)))",310,SV,Conradisgate 5/7,101/102/100/97/103,,15,Transport,Brygge,2.75,0,0,1,0,0,0,"1",1200,1250,1198,T-7731,,,,"1987",Riksantikvaren,,TZ,,C37268,"Nordmann, Ann-Marie. 1989. Innberetning over de arkeologiske utgravingene i Storgaten 16 og Conradisgate 5/7, Tønsberg 1987 og 1988. Riksantikvaren."
"MULTIPOLYGON (((580330.286694876 6570506.30948409,580319.927128489 6570517.45386611,580320.86890725 6570518.41526526,580331.149992075 6570507.23164245,580330.286694876 6570506.30948409)))",311,SV,Conradisgate 5/7,"13",,15,Transport,Brygge,19.81,0,0,1,1,1,0,"2",1250,1450,,,,,,"1987",Riksantikvaren,,TZ,,C37268,"Nordmann, Ann-Marie. 1989. Innberetning over de arkeologiske utgravingene i Storgaten 16 og Conradisgate 5/7, Tønsberg 1987 og 1988. Riksantikvaren."
"MULTIPOLYGON (((580317.739485496 6570514.30094905,580320.18835491 6570512.30223945,580319.04494897 6570510.85272485,580318.918904221 6570510.70867371,580316.298974076 6570512.52731937,580317.739485496 6570514.30094905)))",312,SV,Conradisgate 5/7,5/6/7/8/9,,31,Sivile konstruksjoner,Bygning,6.87,0,0,0,0,1,0,"3",1450,1500,,,,,,"1987",Riksantikvaren,,TZ,,C37268,"Nordmann, Ann-Marie. 1989. Innberetning over de arkeologiske utgravingene i Storgaten 16 og Conradisgate 5/7, Tønsberg 1987 og 1988. Riksantikvaren."
"MULTIPOLYGON (((580311.575319269 6570504.99453488,580314.217039678 6570503.11510195,580317.529047354 6570499.86880872,580316.582759446 6570498.55451996,580312.193034987 6570502.2082427,580311.864462797 6570501.84024186,580310.353030722 6570503.12824484,580311.575319269 6570504.99453488)))",313,SV,Conradisgate 5/7,3/4/80/16/18,,31,Sivile konstruksjoner,Bygning,15.28,0,0,0,0,1,0,"3",1450,1500,,,,,,"1987",Riksantikvaren,,TZ,,C37268,"Nordmann, Ann-Marie. 1989. Innberetning over de arkeologiske utgravingene i Storgaten 16 og Conradisgate 5/7, Tønsberg 1987 og 1988. Riksantikvaren."
"MULTIPOLYGON (((580324.781363411 6570740.79766493,580362.14073456 6570764.83924323,580374.059713528 6570757.28706409,580399.66234397 6570728.19542046,580400.635546393 6570721.86213458,580354.718842971 6570699.25513556,580324.781363411 6570740.79766493)))",314,SØ,Franciskanerkirken - Gråbrødreklosterets Kirke,"84191",Gråbrødreklosterets kirke,41,Religiøse konstruksjoner,Kirke,2737.12,0,0,1,0,0,0,,1217,1263,,,,,,,Riksantikvaren,,,,,Askeladden
"MULTIPOLYGON (((580128.184 6570623.993,580128.271 6570624.143,580128.362 6570624.085,580128.402 6570624.13899999,580128.505 6570624.06999999,580128.451 6570623.962,580128.351 6570623.859,580128.184 6570623.993)),((580128.153 6570623.785,580128.037000001 6570623.864,580128.146 6570623.97799999,580128.323 6570623.84499999,580128.246000001 6570623.745,580128.153 6570623.785)))",315,SV,Gierløw Meyers gate,ST5262/ST5270,,31,Sivile konstruksjoner,Bygning,0.09,0,1,0,0,0,0,,,,1186,UBA-42891,,,,2019–2020,NIKU,,,1021319,C62683,NIKU Oppdragsrapport 12/2020
"MULTIPOLYGON (((580153.092000001 6570658.61699999,580153.041999999 6570658.678,580153.013700001 6570658.71799999,580153.0042 6570658.756,580153.0058 6570658.8227,580153.0327 6570658.8364,580153.266 6570658.70199999,580153.284500001 6570658.69099999,580153.1803 6570658.5292,580153.157 6570658.544,580153.092000001 6570658.61699999)),((580153.17 6570658.819,580153.211499999 6570658.9099,580153.2554 6570658.9142,580153.3908 6570658.8565,580153.300899999 6570658.7143,580153.266000001 6570658.735,580153.17 6570658.819)))",316,SV,Gierløw Meyers gate,ST6622/ST6629,Gulv eller passasje,31,Sivile konstruksjoner,Bygning,0.07,0,0,1,0,0,0,,,,1299,UBA-42892,,,,2019–2020,NIKU,,,1021319,C62683,NIKU Oppdragsrapport 12/2020
"MULTIPOLYGON (((580192.811021882 6570713.26485228,580192.911 6570713.211,580193.015468879 6570713.1501625,580191.711495966 6570711.29767326,580191.502062458 6570711.44726863,580192.811021882 6570713.26485228)))",317,SV,Gierløw Meyers gate,ST7478/ST7482/ST7486/ST7490/ST7494/ST7498,,31,Sivile konstruksjoner,Bygning,0.55,0,0,0,1,0,0,,,,1357,UBA-42894,,,,2019–2020,NIKU,,,1021319,C62683,NIKU Oppdragsrapport 12/2020
"MULTIPOLYGON (((580153.092000001 6570658.61699999,580153.041999999 6570658.678,580153.013700001 6570658.71799999,580153.0042 6570658.756,580153.0058 6570658.8227,580153.0327 6570658.8364,580153.266 6570658.70199999,580153.284500001 6570658.69099999,580153.1803 6570658.5292,580153.157 6570658.544,580153.092000001 6570658.61699999)),((580153.17 6570658.819,580153.211499999 6570658.9099,580153.2554 6570658.9142,580153.3908 6570658.8565,580153.300899999 6570658.7143,580153.266000001 6570658.735,580153.17 6570658.819)))",318,SV,Gierløw Meyers gate,ST7221/ST7225/ST7229/ST7233,Gulv eller passasje,14,Transport,Passasje,0.07,0,0,0,1,1,0,,,,1400,UBA-42893,,,,2019–2020,NIKU,,,1021319,C62683,NIKU Oppdragsrapport 12/2020
"MULTIPOLYGON (((580153.334 6570654.962,580153.279 6570655.086,580153.273000001 6570655.196,580153.299 6570655.25,580153.365 6570655.254,580153.384 6570655.283,580153.443 6570655.333,580153.551000001 6570655.31099999,580153.714000001 6570655.22499999,580153.840000001 6570655.128,580153.837 6570655.07699999,580153.834 6570655.025,580153.774 6570654.99299999,580153.743 6570654.881,580153.657999999 6570654.898,580153.588 6570654.90699999,580153.334 6570654.962)),((580153.858400001 6570654.8986,580153.9388 6570655.0073,580154.152 6570654.887,580154.066 6570654.785,580153.858400001 6570654.8986)))",319,SV,Gierløw Meyers gate,ST5746/ST5764,,31,Sivile konstruksjoner,Bygning,0.21,0,1,1,0,0,0,,1150,1350,,,,,,2019–2020,NIKU,,,1021319,C62683,NIKU Oppdragsrapport 12/2020
"MULTIPOLYGON (((580154.811141037 6570661.03018974,580154.353201646 6570661.30280979,580154.473623278 6570661.47219485,580154.935055691 6570661.23492616,580154.811141037 6570661.03018974)))",320,SV,"Gierløw Meyers gate, trekkegrøft vest",ST6259/ST6266/ST6271,"Hus 1,  stabbe-fundament",31,Sivile konstruksjoner,Bygning,0.12,1,1,1,0,0,0,"1",1050,1250,1163,UBA-42889,,,,"2019",NIKU,,,1021681,C63687,NIKU Oppdragsrapport 118/2019
"MULTIPOLYGON (((580153.873600001 6570660.7802,580153.983800001 6570660.95439999,580154.1893 6570660.8086,580154.5456 6570660.5841,580154.403 6570660.4225,580154.065000001 6570660.65999999,580153.873600001 6570660.7802)),((580153.4316 6570660.0975,580153.4693 6570660.1513,580153.491 6570660.135,580153.774000001 6570659.913,580153.706 6570659.773,580153.447 6570660.081,580153.4316 6570660.0975)),((580153.513000001 6570660.19,580153.5021 6570660.1994,580153.5987 6570660.35769999,580153.609063724 6570660.3532584,580153.5985 6570660.35789999,580153.66 6570660.4604,580153.7285 6570660.55989999,580153.817019855 6570660.49655991,580153.7286 6570660.5602,580153.8484 6570660.73999999,580154.328 6570660.44399999,580154.361999999 6570660.396,580154.226 6570660.24999999,580154.136176943 6570660.28544039,580154.1909 6570660.26299999,580154.138600001 6570660.1031,580154.099581596 6570660.12489813,580154.134 6570660.105,580153.924 6570659.832,580153.806 6570659.935,580153.513000001 6570660.19)),((580154.5086 6570661.51689999,580154.6585 6570661.4802,580154.3649 6570661.0451,580154.237899999 6570661.1276,580154.5086 6570661.51689999)))",321,SV,"Gierløw Meyers gate, trekkegrøft vest",ST6069/ST6199/ST6204/ST6211/ST6217,"Hus 2,  gulv",31,Sivile konstruksjoner,Bygning,0.65,0,0,1,1,0,0,"2",1250,1400,1303,UBA-42888,,,,"2019",NIKU,,,1021681,C63687,NIKU Oppdragsrapport 118/2019
"MULTIPOLYGON (((580154.823 6570661.4653,580154.948 6570661.439,580154.714 6570661.029,580154.503000001 6570660.68899999,580154.3313 6570660.7345,580154.823 6570661.4653)),((580153.1396 6570661.319,580153.144000001 6570661.32299999,580153.3348 6570661.4352,580153.487000001 6570661.341,580153.415000001 6570661.232,580153.6891 6570661.0891,580153.6128 6570660.9632,580153.333 6570661.18,580153.254 6570661.245,580153.1396 6570661.319)),((580153.318 6570660.954,580153.156 6570661.128,580153.192999999 6570661.208,580153.385 6570661.066,580153.5863 6570660.9206,580153.5152 6570660.8043,580153.318 6570660.954)),((580153.124 6570660.952,580153.029999999 6570661.019,580152.8319 6570661.1458,580152.999500001 6570661.18659999,580153.013800001 6570661.1991,580153.126 6570661.109,580153.377000001 6570660.9,580153.301 6570660.81699999,580153.124 6570660.952)),((580153.079 6570660.808,580152.968 6570660.731,580152.725 6570660.331,580152.592 6570660.165,580152.389 6570659.915,580152.333799999 6570659.8296,580152.1869 6570659.7909,580152.218 6570659.849,580152.359999999 6570660.087,580152.522000001 6570660.34099999,580152.839 6570660.73499999,580153.0224 6570661.0238,580153.1268 6570660.9498,580153.1978 6570660.89559999,580153.079 6570660.808)),((580154.2074 6570661.2924,580154.3375 6570661.5537,580154.450900001 6570661.53969999,580154.559699999 6570661.5174,580154.3385 6570661.2432,580154.0903 6570661.087,580154.2074 6570661.2924)))",322,SV,"Gierløw Meyers gate, trekkegrøft vest",ST6064/ST6119/ST6075/ST6085/ST6092/ST6100,Hus 3,31,Sivile konstruksjoner,Bygning,0.61,0,0,0,1,1,1,"3",1300,1550,,,,,,"2019",NIKU,,,1021681,C63687,NIKU Oppdragsrapport 118/2019
"MULTIPOLYGON (((580157.95 6570660.669,580157.849534557 6570660.62798404,580157.856 6570660.625,580157.947 6570660.581,580158.005 6570660.539,580158.079237703 6570660.47717748,580158.0259 6570660.5218,580158.265 6570660.599,580158.576 6570660.70999999,580158.834 6570660.769,580158.8484 6570660.7721,580158.8814 6570660.75559999,580158.9423 6570660.7253,580159.0479 6570660.56119999,580158.7579 6570660.2005,580158.734 6570660.23,580158.703 6570660.274,580158.585 6570660.318,580158.675 6570660.319,580158.675 6570660.377,580158.695 6570660.418,580158.708 6570660.50799999,580158.857 6570660.696,580158.866675873 6570660.71970589,580158.8569 6570660.6967,580158.7073 6570660.50779999,580158.6948 6570660.4177,580158.291623025 6570660.30031052,580158.298000001 6570660.295,580158.418 6570660.21,580158.324 6570660.153,580158.542 6570660.016,580158.5783 6570659.9913,580158.4685 6570659.89029999,580158.439 6570659.917,580158.380999999 6570659.968,580158.075 6570660.11999999,580158.042275789 6570660.15496176,580157.937900001 6570659.98359999,580157.828300001 6570660.0059,580157.88 6570660.093,580157.924761207 6570660.16493067,580157.862999999 6570660.147,580157.690000001 6570660.10999999,580157.558 6570660.088,580157.431200001 6570660.0429,580157.345515445 6570660.02415931,580157.29 6570660.00699999,580157.1406 6570659.9453,580157.090200001 6570659.94869999,580157.0829 6570659.9516,580157.292999999 6570660.306,580157.447 6570660.511,580157.4682 6570660.556,580157.468000001 6570660.556,580157.466303704 6570660.55804778,580157.461000001 6570660.558,580157.413 6570660.611,580157.420341168 6570660.63247972,580157.414 6570660.677,580157.416 6570660.736,580157.513 6570660.82399999,580157.605 6570661.006,580157.8146 6570660.91849999,580157.6738 6570660.6553,580157.7356 6570660.6085,580157.916 6570660.741,580158.022999999 6570660.805,580158.103 6570660.83899999,580158.16 6570660.798,580158.060000001 6570660.762,580157.95 6570660.669),(580158.0114 6570660.187,580157.956 6570660.17399999,580157.929504579 6570660.16630778,580158.039799196 6570660.1576077,580157.981578319 6570660.21980949,580158.0114 6570660.187),(580157.778393314 6570660.37325523,580157.784211421 6570660.37184569,580157.783999999 6570660.372,580157.778393314 6570660.37325523),(580157.717018199 6570660.38699593,580157.71 6570660.36799999,580157.700883965 6570660.35691776,580157.764534727 6570660.3763579,580157.717018199 6570660.38699593),(580157.6461 6570660.286,580157.648059134 6570660.29269934,580157.636577267 6570660.27874099,580157.6461 6570660.286),(580157.806716973 6570660.61050337,580157.7587 6570660.5909,580157.782961603 6570660.57254236,580157.806716973 6570660.61050337)),((580158.1292 6570660.0468,580158.266 6570660.0136,580158.212 6570659.9252,580158.0667 6570659.9562,580158.1292 6570660.0468)))",323,SV,"Gierløw Meyers gate, trekkegrøft øst",ST6306/ST6337/ ST6483/ST6501/ST6512/ST6518,,31,Sivile konstruksjoner,Bygning,0.96,1,1,1,0,0,0,"1",1050,1250,1121,UBA-42890,,,,"2019",NIKU,,,1021681,C63687,NIKU Oppdragsrapport 118/2019
"MULTIPOLYGON (((580355.811016404 6570741.68609823,580356.891297287 6570742.33105051,580357.914419142 6570740.67664887,580356.978010314 6570740.02677877,580355.811016404 6570741.68609823)),((580345.616671035 6570737.84777848,580346.087318087 6570738.13740744,580346.340743422 6570737.59435315,580345.942503609 6570737.37713144,580345.616671035 6570737.84777848)),((580347.064815808 6570738.78907259,580347.861295433 6570739.3683305,580348.114720768 6570738.82527621,580347.426852001 6570738.31842554,580347.064815808 6570738.78907259)),((580359.518860854 6570746.86247969,580360.930802007 6570747.94858826,580361.365245439 6570747.29692312,580359.989507906 6570746.24701816,580359.518860854 6570746.86247969)),((580357.527661791 6570751.85857915,580358.061359524 6570752.21918709,580359.010811872 6570750.77127226,580358.505159513 6570750.44663801,580357.527661791 6570751.85857915)))",324,SØ,Graabrødregaten 24,S1001,Gråbrødreklosteret,42,Religiøse konstruksjoner,Kloster,5.66,0,0,1,1,1,1,,1217,1536,,,,,,"2023",NIKU,,,1022624,,
"MULTIPOLYGON (((580324.781363411 6570740.79766493,580362.14073456 6570764.83924323,580374.059713528 6570757.28706409,580399.66234397 6570728.19542046,580400.635546393 6570721.86213458,580354.718842971 6570699.25513556,580324.781363411 6570740.79766493)))",325,SØ,Gråbrødreklosteret,"84191",Gråbrødreklosteret,42,Religiøse konstruksjoner,Kloster,2737.12,0,0,1,1,1,1,,1217,1536,,,,,,,Riksantikvaren,,,,,Askeladden
"MULTIPOLYGON (((580519.444359571 6570704.45571196,580524.119563909 6570701.00690775,580524.479016545 6570697.02613406,580524.023001824 6570690.96511038,580523.297397641 6570687.88966704,580520.671269613 6570683.63930426,580517.775552488 6570682.37452178,580512.799585735 6570681.92520668,580505.384954065 6570681.61617577,580504.389105805 6570684.08358442,580502.321176358 6570685.92484212,580500.256087563 6570689.45020742,580501.544611633 6570692.2827118,580501.500529649 6570696.22203125,580507.612061978 6570701.68668172,580512.695390722 6570701.13034474,580513.060939722 6570701.91763955,580514.454637217 6570703.8498418,580517.3940123 6570704.99335419,580519.444359571 6570704.45571196)))",326,SØ,Haugar,"78203",Haugar,43,Religiøse konstruksjoner,Gravplass,423.7,1,0,0,0,0,0,,850,950,,,,,,"1900",Fortidsminneforeningen,,,,,Askeladden
"MULTIPOLYGON (((580301.686923077 6570860.01745568,580301.990160405 6570860.25330695,580302.394476843 6570860.32069302,580302.71456069 6570860.00060917,580302.579788544 6570859.57944622,580302.074392996 6570859.32674844,580301.686923077 6570860.01745568)))",327,SØ,Kammegaten 10,"33",,35,Sivile konstruksjoner,Brønn,0.64,1,1,0,0,0,0,"1",860,1175,926,T-4223,,,,"1981",Riksantikvaren,81,TT,,C35858,"Wienberg, Jes. 1983. Rapport over den arkæologiske udgravning i Kammegaten 10, Tønsberg 1981. Riksantikvaren."
"MULTIPOLYGON (((580301.730133312 6570862.94512975,580301.35933622 6570864.96391393,580301.414269124 6570866.40590262,580302.265334192 6570865.48742645,580302.471727495 6570864.56565038,580302.389328141 6570864.29098587,580302.609059751 6570863.30219363,580301.89493202 6570862.8627304,580301.730133312 6570862.94512975)))",328,SØ,Kammegaten 10,"6",,14,Transport,Passasje,2.74,0,0,0,1,0,0,"5",1350,1400,,,,,,"1981",Riksantikvaren,81,TT,,C35858,"Wienberg, Jes. 1983. Rapport over den arkæologiske udgravning i Kammegaten 10, Tønsberg 1981. Riksantikvaren."
"MULTIPOLYGON (((580304.533984664 6570858.70342726,580304.517138144 6570858.66973423,580303.489500529 6570857.91164092,580303.422114458 6570858.51811556,580304.533984664 6570858.70342726)))",329,SØ,Kammegaten 10,"29",,52,Handel- og næringskonstruksjoner,Jordbruk,0.35,1,1,0,0,0,0,"1",700,1175,,,,,,"1981",Riksantikvaren,81,TT,,C35858,"Wienberg, Jes. 1983. Rapport over den arkæologiske udgravning i Kammegaten 10, Tønsberg 1981. Riksantikvaren."
"MULTIPOLYGON (((580294.586115628 6570865.25672286,580293.609017569 6570864.11115963,580292.497147365 6570865.08825769,580294.586115628 6570865.25672286)))",330,SØ,Kammegaten 10,"9",,54,Handel- og næringskonstruksjoner,Produksjon,1.11,0,0,1,0,0,0,"3",1250,1300,,,,,,"1981",Riksantikvaren,81,TT,,C35858,"Wienberg, Jes. 1983. Rapport over den arkæologiske udgravning i Kammegaten 10, Tønsberg 1981. Riksantikvaren."
"MULTIPOLYGON (((580297.113093368 6570866.57075129,580297.618488916 6570866.90768166,580302.90829565 6570863.30252676,580306.378678413 6570860.10168829,580305.671124644 6570859.49521363,580302.369207066 6570862.6960521,580297.113093368 6570866.57075129)))",331,SØ,Kammegaten 10,10/23/28/30/38/39,,32,Sivile konstruksjoner,Gjerde,8.49,0,0,1,0,0,0,"3",1250,1300,,,,,,"1981",Riksantikvaren,81,TT,,C35858,"Wienberg, Jes. 1983. Rapport over den arkæologiske udgravning i Kammegaten 10, Tønsberg 1981. Riksantikvaren."
"MULTIPOLYGON (((580297.646245301 6570864.29404013,580300.954099532 6570858.88873897,580300.179159692 6570858.41703646,580298.717724232 6570860.62393034,580295.550578799 6570862.69605209,580297.646245301 6570864.29404013)))",332,SØ,Kammegaten 10,11/13/14/20,,54,Handel- og næringskonstruksjoner,Produksjon,9.08,0,0,1,0,0,0,"3",1250,1300,,,,,,"1981",Riksantikvaren,81,TT,,C35858,"Wienberg, Jes. 1983. Rapport over den arkæologiske udgravning i Kammegaten 10, Tønsberg 1981. Riksantikvaren."
"MULTIPOLYGON (((580301.244701971 6570856.94296611,580300.722459906 6570857.66736638,580301.851176629 6570857.66736639,580303.552674973 6570857.22935692,580303.434749347 6570856.62288226,580302.13756744 6570856.89242656,580301.244701971 6570856.94296611)))",333,SØ,Kammegaten 10,22/24,,36,Sivile konstruksjoner,Vannhåndtering,1.75,0,0,0,1,0,0,"4",1300,1350,,,,,,"1981",Riksantikvaren,81,TT,,C35858,"Wienberg, Jes. 1983. Rapport over den arkæologiske udgravning i Kammegaten 10, Tønsberg 1981. Riksantikvaren."
"MULTIPOLYGON (((580305.657835839 6570864.53131731,580308.486880315 6570861.75720575,580306.378678413 6570860.10168829,580305.657835839 6570864.53131731)))",334,SØ,Kammegaten 10,36/37,,31,Sivile konstruksjoner,Bygning,5.27,0,0,0,1,0,0,"5",1350,1400,,,,,,"1981",Riksantikvaren,81,TT,,C35858,"Wienberg, Jes. 1983. Rapport over den arkæologiske udgravning i Kammegaten 10, Tønsberg 1981. Riksantikvaren."
"MULTIPOLYGON (((580302.979856843 6570856.27764871,580302.251995885 6570855.64592035,580300.221626919 6570858.40038317,580301.977331373 6570859.03802707,580302.979856843 6570856.27764871)))",335,SØ,Kammegaten 10,25/27,,31,Sivile konstruksjoner,Bygning,4.39,0,0,0,1,0,0,"5",1350,1400,,,,,,"1981",Riksantikvaren,81,TT,,C35858,"Wienberg, Jes. 1983. Rapport over den arkæologiske udgravning i Kammegaten 10, Tønsberg 1981. Riksantikvaren."
"MULTIPOLYGON (((580269.053114866 6570825.74086723,580274.417465671 6570829.56962143,580278.696661542 6570832.19037296,580280.989819136 6570833.23457866,580281.092192243 6570832.9888832,580278.635237676 6570831.65803281,580269.053114866 6570825.74086723)))",336,SØ,Kammegaten 5/7,"1",,36,Sivile konstruksjoner,Vannhåndtering,4.48,0,0,1,0,0,0,,1200,1300,,,,,,"1977",Riksantikvaren,,,,,"Brendalsmo, Jan. 1986. Innberetning over de arkeologiske utgravingene i kvartalet Øvre Langgate/Torvgaten/Fayes Gate/Kammegaten, Tønsberg, 1976–1982. Riksantikvaren."
"MULTIPOLYGON (((580281.541936974 6570834.6709397,580282.26856136 6570833.6275816,580281.197256176 6570832.81711594,580280.312264939 6570833.84184263,580281.541936974 6570834.6709397)))",337,SØ,Kammegaten 5/7,"2",,14,Transport,Passasje,1.85,0,0,1,0,0,0,,1200,1300,,,,,,"1977",Riksantikvaren,,,,,"Brendalsmo, Jan. 1986. Innberetning over de arkeologiske utgravingene i kvartalet Øvre Langgate/Torvgaten/Fayes Gate/Kammegaten, Tønsberg, 1976–1982. Riksantikvaren."
"MULTIPOLYGON (((580282.026508837 6570834.07175796,580283.251559416 6570834.76123367,580283.436240407 6570834.45958804,580282.229657927 6570833.77011235,580282.026508837 6570834.07175796)))",338,SØ,Kammegaten 5/7,"5",,31,Sivile konstruksjoner,Bygning,0.5,0,0,1,0,0,0,,1200,1300,,,,,,"1977",Riksantikvaren,,,,,"Brendalsmo, Jan. 1986. Innberetning over de arkeologiske utgravingene i kvartalet Øvre Langgate/Torvgaten/Fayes Gate/Kammegaten, Tønsberg, 1976–1982. Riksantikvaren."
"MULTIPOLYGON (((580283.700492274 6570836.19748456,580284.813813639 6570836.98395929,580285.069162575 6570836.54475912,580283.966055168 6570835.78892627,580283.700492274 6570836.19748456)))",339,SØ,Kammegaten 5/7,"3",,35,Sivile konstruksjoner,Brønn,0.67,0,0,1,0,0,0,,1200,1300,,,,,,"1977",Riksantikvaren,,,,,"Brendalsmo, Jan. 1986. Innberetning over de arkeologiske utgravingene i kvartalet Øvre Langgate/Torvgaten/Fayes Gate/Kammegaten, Tønsberg, 1976–1982. Riksantikvaren."
"MULTIPOLYGON (((580289.563303859 6570839.67023011,580291.228178926 6570840.01750466,580291.636737225 6570838.42412729,580289.982076115 6570838.05642483,580289.563303859 6570839.67023011)))",340,SØ,Kammegaten 5/7,"4",,35,Sivile konstruksjoner,Brønn,2.81,0,0,1,0,0,0,,1200,1300,,,,,,"1977",Riksantikvaren,,,,,"Brendalsmo, Jan. 1986. Innberetning over de arkeologiske utgravingene i kvartalet Øvre Langgate/Torvgaten/Fayes Gate/Kammegaten, Tønsberg, 1976–1982. Riksantikvaren."
"MULTIPOLYGON (((580297.032413408 6570820.52291619,580297.277752525 6570820.75073107,580298.355492214 6570819.62041872,580297.882338204 6570819.26117216,580297.032413408 6570820.52291619)))",341,SØ,Kammegaten 7/Torvgaten 6,,,35,Sivile konstruksjoner,Brønn,0.71,0,0,1,0,0,0,,1200,1300,,,,,,"1978",Riksantikvaren,,TO,,C36207,"Brendalsmo, Jan. 1986. Innberetning over de arkeologiske utgravingene i kvartalet Øvre Langgate/Torvgaten/Fayes Gate/Kammegaten, Tønsberg, 1976–1982. Riksantikvaren."
"MULTIPOLYGON (((580037.421197922 6570896.54424727,580036.271285912 6570895.87565138,580034.942599367 6570896.29354341,580034.516442537 6570897.43855922,580034.737833584 6570898.56118173,580035.91440765 6570899.23228553,580037.247919957 6570898.76095186,580037.698330519 6570897.645115,580037.421197922 6570896.54424727)))",342,NV,Lavranshospitalet,224006-1,Bjarne Audunsons Hospital,44,Religiøse konstruksjoner,Hospital,7.82,0,0,0,1,1,1,,1319,1653,,,,,,,,,,,,Askeladden
"MULTIPOLYGON (((580034.444495601 6570876.44906331,580060.05642352 6570878.187001,580059.581160423 6570885.04129985,580066.569488045 6570885.62448141,580067.355137499 6570877.98392799,580072.106172584 6570878.41294151,580072.362642118 6570873.98163008,580074.702246024 6570871.94167961,580075.815094103 6570869.69523914,580075.990712175 6570867.22039432,580075.514669989 6570865.59680266,580073.392547311 6570863.10610567,580072.90401874 6570862.15189481,580073.131011478 6570859.10699644,580036.11241217 6570856.38691201,580034.444495601 6570876.44906331)))",343,NV,Lavranskirken,85705-2,St. Laurentii Kirke,41,Religiøse konstruksjoner,Kirke,821.71,0,1,1,1,1,1,,1100,1809,,,,,,,,,,,,Askeladden
"MULTIPOLYGON (((580060.109400217 6570828.98994978,580050.558509877 6570827.83926898,580044.531375954 6570830.75351674,580038.533800011 6570839.72256329,580035.925120919 6570844.67458608,580030.006012377 6570854.37128976,580021.264611209 6570880.96101023,580056.367800317 6570894.36198787,580061.566095321 6570895.84001099,580066.463686154 6570894.26491521,580071.100145796 6570890.7928696,580087.084559081 6570873.35907462,580087.941181811 6570871.85130608,580090.043599553 6570867.71811399,580072.912818239 6570837.20703408,580066.763729039 6570831.89641903,580060.109400217 6570828.98994978)))",344,NV,Lavranskirkens Kirkegård,85705-3,,43,Religiøse konstruksjoner,Gravplass,3021.11,0,1,1,1,1,1,,1100,1809,,,,,,,,,,,,Askeladden
"MULTIPOLYGON (((580267.132802954 6570705.89438713,580267.088590931 6570705.63956848,580266.922915889 6570705.44100352,580266.680138905 6570705.35185991,580266.425320256 6570705.39607193,580266.226755296 6570705.56174696,580266.137611689 6570705.80452396,580266.181823711 6570706.0593426,580266.34749875 6570706.25790757,580266.590275734 6570706.34705118,580266.845094383 6570706.30283916,580267.043659347 6570706.1371641,580267.132802954 6570705.89438713)))",345,SØ,Mariakirken,84394-2,Mariakirkens kirkegård,43,Religiøse konstruksjoner,Gravplass,0.75,0,1,1,1,1,1,,1120,1825,,,,,,,Riksantikvaren,,,,,Askeladden
"MULTIPOLYGON (((580238.742136042 6570702.52803932,580274.374100339 6570742.36617288,580317.82686328 6570700.03744504,580263.761563693 6570666.56128386,580238.279146452 6570699.87763844,580238.742136042 6570702.52803932)))",346,SØ,Mariakirken,"84394",Kulturminne-område,43,Religiøse konstruksjoner,Gravplass,3054.16,0,1,1,1,1,1,,1120,1866,,,,,,,Riksantikvaren,,,,,Askeladden
"MULTIPOLYGON (((580262.667355769 6570712.01255527,580269.407027779 6570711.81848588,580269.516872383 6570713.93534655,580290.504415347 6570712.61988956,580290.367611711 6570710.80158596,580290.865207444 6570710.84651757,580291.240342513 6570717.80320195,580298.287559947 6570717.53657256,580297.993971322 6570710.78791239,580304.154503008 6570710.34088649,580303.634246991 6570702.76911383,580289.928902359 6570703.43783877,580289.918576673 6570701.32996407,580268.831514945 6570702.6364367,580269.040878835 6570704.76228367,580262.274247936 6570705.25491083,580262.667355769 6570712.01255527)))",347,SØ,Mariakirken,84394-1,Mariakirken,41,Religiøse konstruksjoner,Kirke,437.76,0,1,1,1,1,1,,1120,1866,,,,,,,Riksantikvaren,,,,,Askeladden
"MULTIPOLYGON (((580467.980323008 6570742.21333791,580464.564162665 6570738.92554566,580462.5445601 6570736.99271015,580458.820961658 6570735.38408402,580454.724111269 6570733.89014341,580451.667516942 6570732.54812657,580448.640067102 6570731.18446142,580445.702526206 6570731.94288317,580443.115780286 6570733.72976646,580440.585950723 6570734.44855141,580437.150378267 6570735.83130815,580435.008524259 6570739.14235544,580433.424380442 6570740.52704683,580431.90152909 6570742.77851156,580430.847324495 6570747.23773165,580430.800762291 6570750.79005019,580432.554724468 6570754.30248462,580434.263909455 6570758.59746867,580435.059736008 6570761.9485391,580439.212342133 6570767.08610908,580444.417472059 6570770.63085628,580453.168922612 6570771.05749474,580456.658932896 6570771.32076412,580459.267915887 6570773.05428754,580462.779381471 6570773.92328472,580465.612341486 6570774.05749407,580469.07629754 6570775.0070811,580472.263671043 6570773.8419042,580475.356148842 6570771.51987292,580476.554399484 6570770.6765355,580477.657728313 6570766.67885644,580479.722755204 6570760.27309167,580479.456377911 6570756.16086125,580478.692373102 6570753.63848553,580474.592882129 6570748.95489156,580470.153926053 6570746.38069979,580467.980323008 6570742.21333791)))",348,SØ,Haugar,42097-2,Haugar,43,Religiøse konstruksjoner,Gravplass,1493.83,1,0,0,0,0,0,,850,950,823,Beta-362248,Beta-361405,Beta-361406,Beta-361408,"1994",Riksantikvaren,,,,,"Askeladden; Gansum. 2023. Haugar & Haugating."
"MULTIPOLYGON (((580408.793571165 6570764.21284382,580405.061363997 6570762.75624354,580402.188358543 6570762.76108852,580399.313620121 6570763.93623479,580395.861955904 6570766.57498149,580393.271723858 6570769.50491687,580388.342635873 6570773.74537379,580387.155733049 6570776.36859801,580385.491387535 6570780.04703002,580383.767865342 6570783.85636747,580382.967909315 6570786.04879705,580383.105797513 6570788.46396709,580383.700995274 6570790.74244468,580384.986340026 6570793.26122788,580387.29899312 6570796.22864801,580388.583844043 6570797.76846027,580390.976333463 6570798.76396661,580392.149812783 6570799.50161155,580393.003105273 6570800.84182558,580394.511729942 6570801.79012813,580397.176610219 6570803.03015583,580401.165365562 6570802.25117831,580406.607766498 6570800.28160524,580411.175443879 6570799.0924789,580416.097696115 6570797.10884552,580420.664211545 6570796.15147824,580425.533504955 6570793.73545296,580427.761708278 6570790.13592727,580428.222951614 6570784.25013842,580427.255083977 6570779.49545757,580424.000162638 6570775.88982894,580419.984952171 6570771.80068054,580416.25456834 6570769.17388696,580411.949809579 6570766.54800266,580408.793571165 6570764.21284382)))",349,SØ,Haugar,42097-1,Haugar,43,Religiøse konstruksjoner,Gravplass,1265.84,1,0,0,0,0,0,,850,950,860,Tua-1016,Tua-975,Tua-976,,"1994",Riksantikvaren,,,,,"Askeladden; Gansum. 2023. Haugar & Haugating."
"MULTIPOLYGON (((580240.271276353 6570841.20770915,580241.26833001 6570842.38372116,580242.21425271 6570843.45747124,580242.597734886 6570843.94321533,580242.725562278 6570843.9943463,580242.827824192 6570843.86651891,580242.955651584 6570843.84095343,580242.930086105 6570843.58529865,580241.933032447 6570842.48598307,580241.293895488 6570841.66788777,580240.910413311 6570841.20770916,580240.757020442 6570841.07988175,580240.552496614 6570841.05431628,580240.399103744 6570841.05431628,580240.271276353 6570841.20770915)))",350,NØ,Møllegaten,"669",,31,Sivile konstruksjoner,Bygning,1.67,0,0,1,0,0,0,4A,1200,1250,,,,,,"1982",Riksantikvaren,,TS,,C36403,"Brendalsmo, Jan. 1986. Innberetning over de arkeologiske utgravingene i Baglergaten 2–4, Tønsberg, 1981–81. Riksantikvaren."
"MULTIPOLYGON (((580240.271276353 6570841.20770915,580241.26833001 6570842.38372116,580242.21425271 6570843.45747124,580242.597734886 6570843.94321533,580242.725562278 6570843.9943463,580242.827824192 6570843.86651891,580242.955651584 6570843.84095343,580242.930086105 6570843.58529865,580241.933032447 6570842.48598307,580241.293895488 6570841.66788777,580240.910413311 6570841.20770916,580240.757020442 6570841.07988175,580240.552496614 6570841.05431628,580240.399103744 6570841.05431628,580240.271276353 6570841.20770915)))",351,NØ,Møllegaten,"669",,31,Sivile konstruksjoner,Bygning,1.67,0,0,1,0,0,0,4B,1200,1250,,,,,,"1982",Riksantikvaren,,TS,,C36404,"Brendalsmo, Jan. 1986. Innberetning over de arkeologiske utgravingene i Baglergaten 2–4, Tønsberg, 1981–81. Riksantikvaren."
"MULTIPOLYGON (((580239.934656328 6570849.12361738,580242.785448013 6570847.4359487,580240.436395665 6570844.26586835,580237.790860981 6570845.7938927,580239.934656328 6570849.12361738)))",352,NØ,Møllegaten,688A,,31,Sivile konstruksjoner,Bygning,12.55,0,0,1,0,0,0,"5",1200,1250,,,,,,"1982",Riksantikvaren,,TS,,C36405,"Brendalsmo, Jan. 1986. Innberetning over de arkeologiske utgravingene i Baglergaten 2–4, Tønsberg, 1981–81. Riksantikvaren."
"MULTIPOLYGON (((580240.322363997 6570849.60255038,580240.801297 6570850.30954671,580242.488965679 6570849.16923005,580241.964420009 6570848.50784637,580240.322363997 6570849.60255038)))",353,NØ,Møllegaten,688B,,31,Sivile konstruksjoner,Bygning,1.7,0,0,1,0,0,0,"5",1200,1250,,,,,,"1982",Riksantikvaren,,TS,,C36406,"Brendalsmo, Jan. 1986. Innberetning over de arkeologiske utgravingene i Baglergaten 2–4, Tønsberg, 1981–81. Riksantikvaren."
"MULTIPOLYGON (((580244.131021688 6570847.98330071,580245.134500361 6570847.32191704,580241.303036336 6570841.027369,580239.934656328 6570842.00804133,580244.131021688 6570847.98330071)))",354,NØ,Møllegaten,"662",,14,Transport,Passasje,10.58,0,0,1,0,0,0,"5",1200,1250,,,,,,"1982",Riksantikvaren,,TS,,C36407,"Brendalsmo, Jan. 1986. Innberetning over de arkeologiske utgravingene i Baglergaten 2–4, Tønsberg, 1981–81. Riksantikvaren."
"MULTIPOLYGON (((580240.271276353 6570841.20770915,580241.26833001 6570842.38372116,580242.21425271 6570843.45747124,580242.597734886 6570843.94321533,580242.725562278 6570843.9943463,580242.827824192 6570843.86651891,580242.955651584 6570843.84095343,580242.930086105 6570843.58529865,580241.933032447 6570842.48598307,580241.293895488 6570841.66788777,580240.910413311 6570841.20770916,580240.757020442 6570841.07988175,580240.552496614 6570841.05431628,580240.399103744 6570841.05431628,580240.271276353 6570841.20770915)))",355,NØ,Møllegaten,"669",,36,Sivile konstruksjoner,Vannhåndtering,1.67,0,0,1,0,0,0,"5",1200,1250,,,,,,"1982",Riksantikvaren,,TS,,C36408,"Brendalsmo, Jan. 1986. Innberetning over de arkeologiske utgravingene i Baglergaten 2–4, Tønsberg, 1981–81. Riksantikvaren."
"MULTIPOLYGON (((580241.544853682 6570844.04692493,580242.529284383 6570845.68764275,580243.513715081 6570845.12250662,580242.438133391 6570843.46355858,580241.544853682 6570844.04692493)))",356,NØ,Møllegaten,"654",,14,Transport,Passasje,2.14,0,0,1,0,0,0,8B,1250,1300,,,,,,"1982",Riksantikvaren,,TS,,C36409,"Brendalsmo, Jan. 1986. Innberetning over de arkeologiske utgravingene i Baglergaten 2–4, Tønsberg, 1981–81. Riksantikvaren."
"MULTIPOLYGON (((580248.020294537 6570845.49005734,580248.1594322 6570845.19786824,580248.159432201 6570844.85002409,580248.020294537 6570844.58566254,580246.67065921 6570845.35091968,580247.088072198 6570846.13009059,580247.33851999 6570845.97703916,580247.755932978 6570845.74050514,580248.020294537 6570845.49005734)))",357,NØ,Møllegaten,"661",,35,Sivile konstruksjoner,Brønn,1.22,0,0,0,1,1,0,"10",1350,1450,,,,,,"1982",Riksantikvaren,,TS,,C36410,"Brendalsmo, Jan. 1986. Innberetning over de arkeologiske utgravingene i Baglergaten 2–4, Tønsberg, 1981–81. Riksantikvaren."
"MULTIPOLYGON (((580244.131021688 6570847.98330071,580245.134500361 6570847.32191704,580241.303036336 6570841.027369,580239.934656328 6570842.00804133,580244.131021688 6570847.98330071)))",358,NØ,Møllegaten,"662",,14,Transport,Passasje,10.58,0,0,1,0,0,0,6A,1250,1300,,,,,,"1982",Riksantikvaren,,TS,,C36411,"Brendalsmo, Jan. 1986. Innberetning over de arkeologiske utgravingene i Baglergaten 2–4, Tønsberg, 1981–81. Riksantikvaren."
"MULTIPOLYGON (((580239.825388571 6570848.91209609,580240.864636556 6570850.31941105,580243.311199519 6570848.58733109,580242.466810531 6570847.22331811,580239.825388571 6570848.91209609)))",359,NØ,Møllegaten,"666",,31,Sivile konstruksjoner,Bygning,5.14,0,0,1,0,0,0,6A,1250,1300,,,,,,"1982",Riksantikvaren,,TS,,C36412,"Brendalsmo, Jan. 1986. Innberetning over de arkeologiske utgravingene i Baglergaten 2–4, Tønsberg, 1981–81. Riksantikvaren."
"MULTIPOLYGON (((580245.742336776 6570845.24372534,580247.772315712 6570844.2679896,580246.740503214 6570842.61933268,580244.82267781 6570843.60628376,580245.742336776 6570845.24372534)))",360,NØ,Møllegaten,"660",,31,Sivile konstruksjoner,Bygning,4.2,0,0,1,0,0,0,6A,1250,1300,,,,,,"1982",Riksantikvaren,,TS,,C36413,"Brendalsmo, Jan. 1986. Innberetning over de arkeologiske utgravingene i Baglergaten 2–4, Tønsberg, 1981–81. Riksantikvaren."
"MULTIPOLYGON (((580244.131021688 6570847.98330071,580245.134500361 6570847.32191704,580241.303036336 6570841.027369,580239.934656328 6570842.00804133,580244.131021688 6570847.98330071)))",361,NØ,Møllegaten,"662",,14,Transport,Passasje,10.58,0,0,1,0,0,0,6B,1250,1300,,,,,,"1982",Riksantikvaren,,TS,,C36414,"Brendalsmo, Jan. 1986. Innberetning over de arkeologiske utgravingene i Baglergaten 2–4, Tønsberg, 1981–81. Riksantikvaren."
"MULTIPOLYGON (((580239.825388571 6570848.91209609,580240.864636556 6570850.31941105,580243.311199519 6570848.58733109,580242.466810531 6570847.22331811,580239.825388571 6570848.91209609)))",362,NØ,Møllegaten,"666",,31,Sivile konstruksjoner,Bygning,5.14,0,0,1,0,0,0,6B,1250,1300,,,,,,"1982",Riksantikvaren,,TS,,C36399,"Brendalsmo, Jan. 1986. Innberetning over de arkeologiske utgravingene i Baglergaten 2–4, Tønsberg, 1981–81. Riksantikvaren."
"MULTIPOLYGON (((580245.742336776 6570845.24372534,580247.772315712 6570844.2679896,580246.740503214 6570842.61933268,580244.82267781 6570843.60628376,580245.742336776 6570845.24372534)))",363,NØ,Møllegaten,"660",,31,Sivile konstruksjoner,Bygning,4.2,0,0,1,0,0,0,6B,1250,1300,,,,,,"1982",Riksantikvaren,,TS,,C36400,"Brendalsmo, Jan. 1986. Innberetning over de arkeologiske utgravingene i Baglergaten 2–4, Tønsberg, 1981–81. Riksantikvaren."
"MULTIPOLYGON (((580242.660437899 6570840.18728118,580243.540692661 6570841.50766332,580245.411234031 6570840.40734487,580244.457624705 6570839.05028543,580242.660437899 6570840.18728118)))",364,NØ,Møllegaten,"651",,31,Sivile konstruksjoner,Bygning,3.48,0,0,1,0,0,0,"7",1250,1300,,,,,,"1982",Riksantikvaren,,TS,,C36401,"Brendalsmo, Jan. 1986. Innberetning over de arkeologiske utgravingene i Baglergaten 2–4, Tønsberg, 1981–81. Riksantikvaren."
"MULTIPOLYGON (((580245.961393257 6570845.43213247,580247.88695055 6570844.3684913,580246.694938892 6570842.47961129,580244.696027036 6570843.59826838,580245.961393257 6570845.43213247)))",365,NØ,Møllegaten,"649",,31,Sivile konstruksjoner,Bygning,5,0,0,1,0,0,0,"7",1250,1300,,,,,,"1982",Riksantikvaren,,TS,,C36402,"Brendalsmo, Jan. 1986. Innberetning over de arkeologiske utgravingene i Baglergaten 2–4, Tønsberg, 1981–81. Riksantikvaren."
"MULTIPOLYGON (((580237.213861557 6570844.8636346,580239.634562153 6570848.55428608,580240.899928374 6570847.74738588,580238.680952827 6570843.87334799,580237.213861557 6570844.8636346)))",366,NØ,Møllegaten,"656",,31,Sivile konstruksjoner,Bygning,7.26,0,0,1,0,0,0,"7",1250,1300,,,,,,"1982",Riksantikvaren,,TS,,C36415,"Brendalsmo, Jan. 1986. Innberetning over de arkeologiske utgravingene i Baglergaten 2–4, Tønsberg, 1981–81. Riksantikvaren."
"MULTIPOLYGON (((580239.689578076 6570848.68265656,580240.844912452 6570850.29645696,580242.403696926 6570849.1961385,580241.358394396 6570847.60067675,580239.689578076 6570848.68265656)))",367,NØ,Møllegaten,"658",,31,Sivile konstruksjoner,Bygning,3.79,0,0,1,0,0,0,"7",1250,1300,,,,,,"1982",Riksantikvaren,,TS,,C36416,"Brendalsmo, Jan. 1986. Innberetning over de arkeologiske utgravingene i Baglergaten 2–4, Tønsberg, 1981–81. Riksantikvaren."
"MULTIPOLYGON (((580241.544853682 6570844.04692493,580242.529284383 6570845.68764275,580243.513715081 6570845.12250662,580242.438133391 6570843.46355858,580241.544853682 6570844.04692493)))",368,NØ,Møllegaten,"654",,14,Transport,Passasje,2.14,0,0,1,0,0,0,"7",1250,1300,,,,,,"1982",Riksantikvaren,,TS,,C36417,"Brendalsmo, Jan. 1986. Innberetning over de arkeologiske utgravingene i Baglergaten 2–4, Tønsberg, 1981–81. Riksantikvaren."
"MULTIPOLYGON (((580242.660437899 6570840.18728118,580243.540692661 6570841.50766332,580245.411234031 6570840.40734487,580244.457624705 6570839.05028543,580242.660437899 6570840.18728118)))",369,NØ,Møllegaten,"651",,31,Sivile konstruksjoner,Bygning,3.48,0,0,1,0,0,0,8A,1250,1300,,,,,,"1982",Riksantikvaren,,TS,,C36418,"Brendalsmo, Jan. 1986. Innberetning over de arkeologiske utgravingene i Baglergaten 2–4, Tønsberg, 1981–81. Riksantikvaren."
"MULTIPOLYGON (((580245.961393257 6570845.43213247,580247.88695055 6570844.3684913,580246.694938892 6570842.47961129,580244.696027036 6570843.59826838,580245.961393257 6570845.43213247)))",370,NØ,Møllegaten,"649",,31,Sivile konstruksjoner,Bygning,5,0,0,1,0,0,0,8A,1250,1300,,,,,,"1982",Riksantikvaren,,TS,,C36419,"Brendalsmo, Jan. 1986. Innberetning over de arkeologiske utgravingene i Baglergaten 2–4, Tønsberg, 1981–81. Riksantikvaren."
"MULTIPOLYGON (((580237.213861557 6570844.8636346,580239.634562153 6570848.55428608,580240.899928374 6570847.74738588,580238.680952827 6570843.87334799,580237.213861557 6570844.8636346)))",371,NØ,Møllegaten,"656",,31,Sivile konstruksjoner,Bygning,7.26,0,0,1,0,0,0,8A,1250,1300,,,,,,"1982",Riksantikvaren,,TS,,C36420,"Brendalsmo, Jan. 1986. Innberetning over de arkeologiske utgravingene i Baglergaten 2–4, Tønsberg, 1981–81. Riksantikvaren."
"MULTIPOLYGON (((580239.689578076 6570848.68265656,580240.844912452 6570850.29645696,580242.403696926 6570849.1961385,580241.358394396 6570847.60067675,580239.689578076 6570848.68265656)))",372,NØ,Møllegaten,"658",,31,Sivile konstruksjoner,Bygning,3.79,0,0,1,0,0,0,8A,1250,1300,,,,,,"1982",Riksantikvaren,,TS,,C36421,"Brendalsmo, Jan. 1986. Innberetning over de arkeologiske utgravingene i Baglergaten 2–4, Tønsberg, 1981–81. Riksantikvaren."
"MULTIPOLYGON (((580241.544853682 6570844.04692493,580242.529284383 6570845.68764275,580243.513715081 6570845.12250662,580242.438133391 6570843.46355858,580241.544853682 6570844.04692493)))",373,NØ,Møllegaten,"654",,14,Transport,Passasje,2.14,0,0,1,0,0,0,8A,1250,1300,,,,,,"1982",Riksantikvaren,,TS,,C36422,"Brendalsmo, Jan. 1986. Innberetning over de arkeologiske utgravingene i Baglergaten 2–4, Tønsberg, 1981–81. Riksantikvaren."
"MULTIPOLYGON (((580242.660437899 6570840.18728118,580243.540692661 6570841.50766332,580245.411234031 6570840.40734487,580244.457624705 6570839.05028543,580242.660437899 6570840.18728118)))",374,NØ,Møllegaten,"651",,31,Sivile konstruksjoner,Bygning,3.48,0,0,1,0,0,0,8B,1250,1300,,,,,,"1982",Riksantikvaren,,TS,,C36423,"Brendalsmo, Jan. 1986. Innberetning over de arkeologiske utgravingene i Baglergaten 2–4, Tønsberg, 1981–81. Riksantikvaren."
"MULTIPOLYGON (((580245.961393257 6570845.43213247,580247.88695055 6570844.3684913,580246.694938892 6570842.47961129,580244.696027036 6570843.59826838,580245.961393257 6570845.43213247)))",375,NØ,Møllegaten,"649",,31,Sivile konstruksjoner,Bygning,5,0,0,1,0,0,0,8B,1250,1300,,,,,,"1982",Riksantikvaren,,TS,,C36424,"Brendalsmo, Jan. 1986. Innberetning over de arkeologiske utgravingene i Baglergaten 2–4, Tønsberg, 1981–81. Riksantikvaren."
"MULTIPOLYGON (((580237.213861557 6570844.8636346,580239.634562153 6570848.55428608,580240.899928374 6570847.74738588,580238.680952827 6570843.87334799,580237.213861557 6570844.8636346)))",376,NØ,Møllegaten,"656",,31,Sivile konstruksjoner,Bygning,7.26,0,0,1,0,0,0,8B,1250,1300,,,,,,"1982",Riksantikvaren,,TS,,C36425,"Brendalsmo, Jan. 1986. Innberetning over de arkeologiske utgravingene i Baglergaten 2–4, Tønsberg, 1981–81. Riksantikvaren."
"MULTIPOLYGON (((580239.689578076 6570848.68265656,580240.844912452 6570850.29645696,580242.403696926 6570849.1961385,580241.358394396 6570847.60067675,580239.689578076 6570848.68265656)))",377,NØ,Møllegaten,"658",,31,Sivile konstruksjoner,Bygning,3.79,0,0,1,0,0,0,8B,1250,1300,,,,,,"1982",Riksantikvaren,,TS,,C36426,"Brendalsmo, Jan. 1986. Innberetning over de arkeologiske utgravingene i Baglergaten 2–4, Tønsberg, 1981–81. Riksantikvaren."
"MULTIPOLYGON (((580244.263577646 6570847.91105268,580245.001007258 6570847.41015709,580243.373096604 6570844.82219657,580242.232167772 6570845.42048852,580244.263577646 6570847.91105268)))",378,NØ,Møllegaten,"647",,31,Sivile konstruksjoner,Bygning,3.39,0,0,0,1,1,0,"10",1350,1450,,,,,,"1982",Riksantikvaren,,TS,,C36427,"Brendalsmo, Jan. 1986. Innberetning over de arkeologiske utgravingene i Baglergaten 2–4, Tønsberg, 1981–81. Riksantikvaren."
"MULTIPOLYGON (((580292.318 6570492.93969999,580292.649 6570493.0038,580292.3798 6570492.5704,580292.318 6570492.93969999)),((580291.696700001 6570493.58509999,580291.4422 6570493.56349999,580291.6216 6570493.88419999,580291.8805 6570493.7824,580291.696700001 6570493.58509999)))",379,SV,Nedre Langgate 19,"ST400181, ST400222, ST400225",Brygge eller fortøyningsverk,15,Transport,Brygge,0.14,1,1,0,0,0,0,"1",1050,1200,1102,FTMC-BC99-12,,,,"2022",NIKU,,,1022233,C65295,NIKU Rapport 269/2023
"MULTIPOLYGON (((580289.179 6570494.714,580288.833 6570494.10899999,580288.511 6570494.34099999,580288.512 6570494.346,580287.988 6570494.078,580287.1535 6570493.6085,580286.793 6570492.745,580285.841 6570491.566,580285.05 6570490.899,580284.554 6570490.698,580283.94 6570490.882,580283.680000001 6570491.647,580284.195 6570491.374,580284.653 6570492.35,580285.158 6570493.042,580285.694999999 6570493.638,580285.761 6570493.746,580286.049000001 6570493.98899999,580286.529 6570494.173,580286.647 6570494.11899999,580287.045 6570494.488,580287.271000001 6570494.33899999,580287.681 6570494.353,580287.795000001 6570494.41299999,580287.932 6570494.551,580288.175 6570494.694,580288.583 6570494.676,580288.61 6570494.679,580288.765 6570494.766,580289.179 6570494.714)))",380,SV,Nedre Langgate 19,SL3148,Kalksteinslag,54,Handel- og næringskonstruksjoner,Produksjon,6.38,0,0,1,0,0,0,3B,1200,1250,1228,FTMC-BC99-15,FTMC-BC99-16,FTMC-BC99-9,,"2022",NIKU,,,1022233,C65295,NIKU Rapport 269/2023
"MULTIPOLYGON (((580283.5256 6570491.65829999,580285.51 6570494.1719,580286.608 6570494.8466,580288.1823 6570495.1905,580289.3994 6570495.045,580289.2009 6570493.81469999,580288.9628 6570494.0263,580287.7722 6570494.1851,580287.123899999 6570493.7088,580286.8726 6570492.9812,580285.549699999 6570491.4202,580284.6369 6570490.3619,580283.5256 6570491.65829999)))",381,SV,Nedre Langgate 19,SL3006,Beiteområde i strandsonen,53,Handel- og næringskonstruksjoner,Husdyrhold,9.92,0,0,1,1,1,0,"5",1300,1375,1237,FTMC-BC99-17,FTMC-BC99-13,,,"2022",NIKU,,,1022233,C65295,NIKU Rapport 269/2023
"MULTIPOLYGON (((580292.318 6570492.93969999,580292.649 6570493.0038,580292.3798 6570492.5704,580292.318 6570492.93969999)),((580291.696700001 6570493.58509999,580291.4422 6570493.56349999,580291.6216 6570493.88419999,580291.8805 6570493.7824,580291.696700001 6570493.58509999)))",382,SV,Nedre Langgate 19,ST400223/ST400224,Brygge- eller havnekonstruksjon,15,Transport,Brygge,0.14,0,0,0,1,0,0,,,,1348,FTMC-BC99-19,,,,"2022",NIKU,,,1022233,C65295,NIKU Rapport 269/2023
"MULTIPOLYGON (((580285.485 6570491.045,580285.614 6570490.87,580285.057 6570490.489,580284.743 6570490.17699999,580284.254291162 6570491.10205602,580284.172647064 6570491.14960795,580284.1713 6570491.1484,580284.132999999 6570491.122,580284.091554568 6570491.19683861,580283.82 6570491.35499999,580283.915 6570491.34899999,580283.963113316 6570491.42876681,580283.783 6570491.754,580284.258999999 6570492.277,580284.463360305 6570492.18468552,580284.706 6570492.542,580285.798 6570493.96299999,580286.131 6570494.254,580286.613 6570494.866,580287.406 6570495.061,580288.189 6570495.177,580288.910999999 6570495.095,580288.739000001 6570494.40299999,580289.029 6570494.468,580289.198000001 6570494.386,580289.246 6570494.144,580288.61 6570494.357,580287.868 6570494.287,580286.918 6570493.609,580286.835999999 6570493.056,580286.442999999 6570492.606,580285.769000001 6570491.778,580285.357297882 6570491.16152083,580285.485 6570491.045)),((580289.741600001 6570491.2234,580290.149299999 6570491.1553,580290.4431 6570490.68739999,580290.498100001 6570490.68329999,580290.711600001 6570490.4855,580290.7494 6570490.1832,580290.6954 6570489.9514,580290.359000001 6570490.20409999,580290.1622 6570490.3972,580290.027599999 6570490.8212,580289.7989 6570490.843,580289.729599999 6570491.0969,580289.6948 6570491.22999999,580289.69 6570491.2484,580289.741600001 6570491.2234)))",383,SV,Nedre Langgate 19,SL3202/SL3523/SL400240,"Brygge-, strand- eller havnekonstruksjon",15,Transport,Brygge,8.42,1,1,0,0,0,0,1–2,1050,1200,,,,,,"2022",NIKU,,,1022233,C65295,NIKU Rapport 269/2023
"MULTIPOLYGON (((580224.537136981 6570543.57044175,580221.251649542 6570540.98344376,580220.139240408 6570542.32868271,580223.243637989 6570545.01916062,580224.537136981 6570543.57044175)))",384,SV,Nedre Langgate 25/27,B,,14,Transport,Passasje,7.64,0,0,0,0,0,0,"1",1700,1800,,,,,,"1978",Riksantikvaren,100,TN,,C35011,
"MULTIPOLYGON (((580221.251649542 6570540.98344376,580224.537136981 6570543.57044175,580227.848494403 6570546.26091964,580232.117041076 6570541.75954316,580225.494326237 6570535.86118774,580221.251649542 6570540.98344376)))",385,SV,Nedre Langgate 25/27,A,,31,Sivile konstruksjoner,Bygning,55.48,0,0,0,0,0,0,"1",1700,1800,,,,,,"1978",Riksantikvaren,100,TN,,C35011,
"MULTIPOLYGON (((580227.538054644 6570534.74877862,580232.660310653 6570538.68101556,580233.514019988 6570537.43925652,580228.624593798 6570533.68810944,580227.538054644 6570534.74877862)))",386,SV,Nedre Langgate 25/27,D,,14,Transport,Passasje,9.5,0,0,0,0,1,0,"2",1400,1500,,,,,,"1978",Riksantikvaren,100,TN,,C35011,
"MULTIPOLYGON (((580227.538054644 6570534.74877862,580225.739803991 6570536.07981638,580223.14015807 6570539.19841515,580228.1071942 6570543.23413201,580232.29875705 6570538.40345925,580227.538054644 6570534.74877862)))",387,SV,Nedre Langgate 25/27,E,,31,Sivile konstruksjoner,Bygning,40.18,0,0,0,0,1,0,"2",1400,1500,,,,,,"1978",Riksantikvaren,100,TN,,C35011,
"MULTIPOLYGON (((580228.1071942 6570543.23413201,580227.407496083 6570542.66562729,580225.549774741 6570544.88432526,580227.670084878 6570546.4655735,580229.558583082 6570544.45755341,580228.1071942 6570543.23413201)))",388,SV,Nedre Langgate 25/27,F,,31,Sivile konstruksjoner,Bygning,7.69,0,0,0,0,1,0,"2",1400,1500,,,,,,"1978",Riksantikvaren,100,TN,,C35011,
"MULTIPOLYGON (((580224.050780381 6570544.11516114,580222.638840487 6570542.78198385,580221.237279549 6570544.29135718,580222.674777946 6570545.72885556,580224.050780381 6570544.11516114)))",389,SV,Nedre Langgate 25/27,G,,31,Sivile konstruksjoner,Bygning,4.15,0,0,0,0,1,0,"2",1400,1500,,,,,,"1978",Riksantikvaren,100,TN,,C35011,
"MULTIPOLYGON (((580215.545259156 6570547.52748951,580214.301349779 6570548.94525824,580216.439628647 6570550.93978727,580217.776767534 6570549.60763814,580215.545259156 6570547.52748951)))",390,SV,Nedre Langgate 25/27,I,,14,Transport,Passasje,5.64,0,0,0,0,1,0,"2",1400,1500,,,,,,"1978",Riksantikvaren,100,TN,,C35011,
"MULTIPOLYGON (((580216.439628647 6570550.93978727,580214.301349779 6570548.94525824,580211.264634414 6570552.12572344,580213.60056931 6570554.31790849,580216.439628647 6570550.93978727)))",391,SV,Nedre Langgate 25/27,J,,31,Sivile konstruksjoner,Bygning,13.49,0,0,0,0,1,0,"2",1400,1500,,,,,,"1978",Riksantikvaren,100,TN,,C35011,
"MULTIPOLYGON (((580217.877127044 6570549.07103935,580219.458375281 6570547.27416634,580218.056814345 6570545.99838652,580216.511503567 6570547.79525951,580217.877127044 6570549.07103935)))",392,SV,Nedre Langgate 25/27,H,,31,Sivile konstruksjoner,Bygning,4.48,0,0,0,0,1,0,"2",1400,1500,,,,,,"1978",Riksantikvaren,100,TN,,C35011,
"MULTIPOLYGON (((580227.538054644 6570534.74877862,580232.660310653 6570538.68101556,580233.514019988 6570537.43925652,580228.624593798 6570533.68810944,580227.538054644 6570534.74877862)))",393,SV,Nedre Langgate 25/27,K,,14,Transport,Passasje,9.5,0,0,0,1,0,0,"3",1350,1400,,,,,,"1978",Riksantikvaren,100,TN,,C35011,
"MULTIPOLYGON (((580227.538054644 6570534.74877862,580225.494326237 6570535.86118774,580222.379139157 6570539.62220629,580228.763641699 6570544.41641427,580231.472527971 6570541.18552367,580232.660310653 6570538.68101556,580227.538054644 6570534.74877862)))",394,SV,Nedre Langgate 25/27,L,,31,Sivile konstruksjoner,Bygning,53.89,0,0,0,1,0,0,"3",1350,1400,,,,,,"1978",Riksantikvaren,100,TN,,C35011,
"MULTIPOLYGON (((580222.379139157 6570539.62220629,580216.557332268 6570546.39712214,580219.656210454 6570548.92876666,580225.896238458 6570542.263243,580222.379139157 6570539.62220629)))",395,SV,Nedre Langgate 25/27,M,,31,Sivile konstruksjoner,Bygning,37.85,0,0,0,1,0,0,"3",1350,1400,,,,,,"1978",Riksantikvaren,100,TN,,C35011,
"MULTIPOLYGON (((580215.119002982 6570548.00356784,580217.426059646 6570549.9570373,580218.919687263 6570548.32706024,580216.557332268 6570546.39712214,580215.119002982 6570548.00356784)))",396,SV,Nedre Langgate 25/27,N,,14,Transport,Passasje,6.63,0,0,0,1,0,0,"3",1350,1400,,,,,,"1978",Riksantikvaren,100,TN,,C35011,
"MULTIPOLYGON (((580217.426059646 6570549.9570373,580215.119002982 6570548.00356784,580211.264634414 6570552.12572344,580213.60056931 6570554.31790849,580217.426059646 6570549.9570373)))",397,SV,Nedre Langgate 25/27,O,,31,Sivile konstruksjoner,Bygning,17.82,0,0,0,1,0,0,"3",1350,1400,,,,,,"1978",Riksantikvaren,100,TN,,C35011,
"MULTIPOLYGON (((580211.264634414 6570552.12572344,580213.60056931 6570554.31790849,580222.253841238 6570545.30791885,580222.674777946 6570545.72885556,580225.067696152 6570543.14828203,580225.655315158 6570543.67789549,580226.440738604 6570542.6721154,580222.379139157 6570539.62220629,580211.264634414 6570552.12572344)))",398,SV,Nedre Langgate 25/27,P/Q,,15,Transport,Brygge,63.34,0,0,1,1,0,0,"4",1275,1350,,,,,,"1978",Riksantikvaren,100,TN,,C35011,
"MULTIPOLYGON (((580225.478426056 6570541.9495021,580229.156494994 6570537.84585966,580226.444789336 6570535.55799696,580225.739803991 6570536.07981638,580222.651521279 6570539.82674165,580225.478426056 6570541.9495021)))",399,SV,Nedre Langgate 25/27,R,,31,Sivile konstruksjoner,Bygning,20.36,0,0,1,1,0,0,"4",1275,1350,,,,,,"1978",Riksantikvaren,100,TN,,C35011,
"MULTIPOLYGON (((580214.965244439 6570548.17529816,580217.241802666 6570550.21902657,580219.233791113 6570547.94246834,580216.957232887 6570545.95047989,580214.965244439 6570548.17529816)))",400,SV,Nedre Langgate 25/27,C,,14,Transport,Passasje,9.15,0,0,0,0,0,0,"1",1700,1800,,,,,,"1978",Riksantikvaren,100,TN,,C35011,
"MULTIPOLYGON (((580058.592197407 6570686.68312497,580061.807537192 6570683.5933844,580060.275226825 6570681.80987561,580060.777623667 6570681.28235893,580059.961980584 6570680.46550386,580058.340998986 6570681.96059467,580059.220193458 6570682.91514866,580056.793668503 6570685.04030953,580058.592197407 6570686.68312497)))",401,NV,Nedre Langgate 40,"2",,15,Transport,Brygge,13.52,0,0,1,1,0,0,"1",1275,1325,,,,,,"1999",NIKU,500,,22453,C52521,"McLees, Chris mfl. 1999. Arkeologiske undersøkelser i Nedre Langgate 40, Tønsberg, 1999. NIKU."
"MULTIPOLYGON (((580061.890470882 6570686.08284038,580060.423128221 6570684.58929518,580059.060595752 6570685.68980216,580060.670461743 6570687.18766491,580061.890470882 6570686.08284038)))",402,NV,Nedre Langgate 40,"6",,31,Sivile konstruksjoner,Bygning,3.63,0,0,1,1,0,0,"2",1275,1325,,,,,,"1999",NIKU,500,,22453,C52521,"McLees, Chris mfl. 1999. Arkeologiske undersøkelser i Nedre Langgate 40, Tønsberg, 1999. NIKU."
"MULTIPOLYGON (((580060.593037632 6570678.0461957,580064.723657598 6570673.66202337,580056.906917338 6570666.11190761,580052.859959525 6570669.96485555,580056.36993766 6570673.61176718,580060.593037632 6570678.0461957)))",403,NV,Nedre Langgate 40,"9",,31,Sivile konstruksjoner,Bygning,63.94,0,0,1,1,0,0,"2",1275,1325,,,,,,"1999",NIKU,500,,22453,C52521,"McLees, Chris mfl. 1999. Arkeologiske undersøkelser i Nedre Langgate 40, Tønsberg, 1999. NIKU."
"MULTIPOLYGON (((580062.287573508 6570685.05399708,580064.929920602 6570682.56834747,580056.266130949 6570673.50391069,580053.448941517 6570675.86890373,580062.287573508 6570685.05399708)))",404,NV,Nedre Langgate 40,"16",,14,Transport,Passasje,46.16,0,0,1,1,0,0,"2",1275,1325,,,,,,"1999",NIKU,500,,22453,C52521,"McLees, Chris mfl. 1999. Arkeologiske undersøkelser i Nedre Langgate 40, Tønsberg, 1999. NIKU."
"MULTIPOLYGON (((580062.354377865 6570679.87370169,580064.929920602 6570682.56834747,580068.673299296 6570679.01959729,580066.233621472 6570676.44732827,580062.354377865 6570679.87370169)))",405,NV,Nedre Langgate 40,"13",,31,Sivile konstruksjoner,Bygning,18.79,0,0,1,1,0,0,"2",1275,1325,,,,,,"1999",NIKU,500,,22453,C52521,"McLees, Chris mfl. 1999. Arkeologiske undersøkelser i Nedre Langgate 40, Tønsberg, 1999. NIKU."
"MULTIPOLYGON (((580062.700801873 6570671.62698977,580066.400635162 6570668.61965947,580062.789565059 6570665.15148734,580059.255740852 6570668.38061411,580062.700801873 6570671.62698977)))",406,NV,Nedre Langgate 40,"12",,31,Sivile konstruksjoner,Bygning,23.16,0,0,1,1,0,0,"2",1275,1325,,,,,,"1999",NIKU,500,,22453,C52521,"McLees, Chris mfl. 1999. Arkeologiske undersøkelser i Nedre Langgate 40, Tønsberg, 1999. NIKU."
"MULTIPOLYGON (((580070.315756806 6570680.87927393,580067.498011667 6570677.73566712,580064.795276533 6570680.3617289,580067.593853338 6570683.50533573,580070.315756806 6570680.87927393)))",407,NV,Nedre Langgate 40,"23",,31,Sivile konstruksjoner,Bygning,15.91,0,0,0,1,0,0,"3",1300,1350,,,,,,"1999",NIKU,500,,22453,C52521,"McLees, Chris mfl. 1999. Arkeologiske undersøkelser i Nedre Langgate 40, Tønsberg, 1999. NIKU."
"MULTIPOLYGON (((580063.577546922 6570685.82480937,580065.823287096 6570683.53292648,580050.755108561 6570667.77788881,580048.214432186 6570670.35308515,580053.616862559 6570675.60203738,580060.09363988 6570682.4164666,580063.577546922 6570685.82480937)))",408,NV,Nedre Langgate 40,"24",,14,Transport,Passasje,73.8,0,0,0,1,0,0,"3",1300,1350,,,,,,"1999",NIKU,500,,22453,C52521,"McLees, Chris mfl. 1999. Arkeologiske undersøkelser i Nedre Langgate 40, Tønsberg, 1999. NIKU."
"MULTIPOLYGON (((580053.616862559 6570675.60203738,580049.964082932 6570678.70229571,580056.962685914 6570685.20976867,580060.09363988 6570682.4164666,580053.616862559 6570675.60203738)))",409,NV,Nedre Langgate 40,"18",,31,Sivile konstruksjoner,Bygning,42.47,0,0,0,1,0,0,"3",1300,1350,,,,,,"1999",NIKU,500,,22453,C52521,"McLees, Chris mfl. 1999. Arkeologiske undersøkelser i Nedre Langgate 40, Tønsberg, 1999. NIKU."
"MULTIPOLYGON (((580060.442560415 6570677.9471094,580064.214117815 6570674.60252076,580056.718443986 6570666.75103963,580053.11031428 6570670.24045287,580060.442560415 6570677.9471094)))",410,NV,Nedre Langgate 40,"20",,31,Sivile konstruksjoner,Bygning,54.07,0,0,0,1,0,0,"3",1300,1350,,,,,,"1999",NIKU,500,,22453,C52521,"McLees, Chris mfl. 1999. Arkeologiske undersøkelser i Nedre Langgate 40, Tønsberg, 1999. NIKU."
"MULTIPOLYGON (((580059.863942493 6570669.23856961,580055.75526605 6570672.97378246,580059.986572917 6570677.41149454,580064.046824797 6570673.73895166,580059.863942493 6570669.23856961)))",411,NV,Nedre Langgate 40,"33",,31,Sivile konstruksjoner,Bygning,33.86,0,0,0,1,0,0,"4",1350,1400,,,,,,"1999",NIKU,500,,22453,C52521,"McLees, Chris mfl. 1999. Arkeologiske undersøkelser i Nedre Langgate 40, Tønsberg, 1999. NIKU."
"MULTIPOLYGON (((580061.033959591 6570678.50997325,580058.254881005 6570675.59532984,580052.628523608 6570669.71147061,580052.395096219 6570669.46151365,580050.104327587 6570671.79309582,580053.074248461 6570674.7997272,580058.078359992 6570680.16726583,580058.554354792 6570680.64305669,580061.033959591 6570678.50997325)))",412,NV,Nedre Langgate 40,"31",,14,Transport,Passasje,40.09,0,0,0,1,0,0,"4",1350,1400,,,,,,"1999",NIKU,500,,22453,C52521,"McLees, Chris mfl. 1999. Arkeologiske undersøkelser i Nedre Langgate 40, Tønsberg, 1999. NIKU."
"MULTIPOLYGON (((580055.003207654 6570683.46606561,580058.078359992 6570680.16726583,580053.074248461 6570674.7997272,580049.495889375 6570678.60173373,580055.003207654 6570683.46606561)))",413,NV,Nedre Langgate 40,"29",,31,Sivile konstruksjoner,Bygning,35.7,0,0,0,1,0,0,"4",1350,1400,,,,,,"1999",NIKU,500,,22453,C52521,"McLees, Chris mfl. 1999. Arkeologiske undersøkelser i Nedre Langgate 40, Tønsberg, 1999. NIKU."
"MULTIPOLYGON (((580055.196462147 6570672.39693614,580059.325185515 6570668.13398205,580054.394774772 6570663.172575,580050.26554252 6570667.15958513,580055.196462147 6570672.39693614)))",414,NV,Nedre Langgate 40,"32",,31,Sivile konstruksjoner,Bygning,41.42,0,0,0,1,0,0,"4",1350,1400,,,,,,"1999",NIKU,500,,22453,C52521,"McLees, Chris mfl. 1999. Arkeologiske undersøkelser i Nedre Langgate 40, Tønsberg, 1999. NIKU."
"MULTIPOLYGON (((580063.00676357 6570672.47871378,580066.789435303 6570668.99189347,580058.360790772 6570660.95507796,580055.334050068 6570664.1177553,580063.00676357 6570672.47871378)))",415,NV,Nedre Langgate 40,"34",,31,Sivile konstruksjoner,Bygning,54.72,0,0,0,1,0,0,"4",1350,1400,,,,,,"1999",NIKU,500,,22453,C52521,"McLees, Chris mfl. 1999. Arkeologiske undersøkelser i Nedre Langgate 40, Tønsberg, 1999. NIKU."
"MULTIPOLYGON (((580059.321925363 6570678.4293965,580062.678776131 6570675.4574076,580059.454079004 6570672.24813476,580056.306635955 6570675.21366311,580059.321925363 6570678.4293965)))",416,NV,Nedre Langgate 40,"39",,31,Sivile konstruksjoner,Bygning,19.72,0,0,0,0,1,1,"5",1400,1600,,,,,,"1999",NIKU,500,,22453,C52521,"McLees, Chris mfl. 1999. Arkeologiske undersøkelser i Nedre Langgate 40, Tønsberg, 1999. NIKU."
"MULTIPOLYGON (((580057.436037805 6570685.53258689,580060.409480539 6570682.80161272,580054.322747179 6570676.25766029,580050.577520994 6570679.65666561,580057.436037805 6570685.53258689)))",417,NV,Nedre Langgate 40,"8",,31,Sivile konstruksjoner,Bygning,40.73,0,0,1,1,0,0,"2",1275,1325,,,,,,"1999",NIKU,500,,22453,C52521,"McLees, Chris mfl. 1999. Arkeologiske undersøkelser i Nedre Langgate 40, Tønsberg, 1999. NIKU."
"MULTIPOLYGON (((580055.612307339 6570677.34739097,580058.304261338 6570679.66661288,580059.961980584 6570680.46550386,580060.777623667 6570681.28235893,580062.28007032 6570682.60705494,580069.481422211 6570675.79604222,580067.130093628 6570673.2977556,580065.27842237 6570672.91566471,580061.990167582 6570672.99884989,580056.989989111 6570676.35448276,580055.612307339 6570677.34739097)))",418,NV,Nedre Langgate 40,"3",,15,Transport,Brygge,73.72,0,0,1,1,0,0,"1",1275,1325,,,,,,"1999",NIKU,500,,22453,C52521,"McLees, Chris mfl. 1999. Arkeologiske undersøkelser i Nedre Langgate 40, Tønsberg, 1999. NIKU."
"MULTIPOLYGON (((580065.669490235 6570676.52174852,580066.13903803 6570676.17304124,580066.635234679 6570676.62939727,580066.910424978 6570676.47895767,580064.086228666 6570673.89011105,580063.636924707 6570674.33941501,580065.669490235 6570676.52174852)))",419,NV,Nedre Langgate 40,"10",,36,Sivile konstruksjoner,Vannhåndtering,2.51,0,0,1,1,0,0,"2",1275,1325,,,,,,"1999",NIKU,500,,22453,C52521,"McLees, Chris mfl. 1999. Arkeologiske undersøkelser i Nedre Langgate 40, Tønsberg, 1999. NIKU."
"MULTIPOLYGON (((580070.866330667 6570680.48572861,580072.625600104 6570678.68692503,580070.312852641 6570675.99860319,580068.395446626 6570677.73810556,580070.866330667 6570680.48572861)))",420,NV,Nedre Langgate 40,"26",,31,Sivile konstruksjoner,Bygning,9.23,0,0,0,1,0,0,"3",1300,1350,,,,,,"1999",NIKU,500,,22453,C52521,"McLees, Chris mfl. 1999. Arkeologiske undersøkelser i Nedre Langgate 40, Tønsberg, 1999. NIKU."
"MULTIPOLYGON (((580049.53520399 6570678.32741061,580050.865825818 6570676.93976214,580048.375662112 6570674.69671391,580047.0260314 6570675.97030909,580049.53520399 6570678.32741061)))",421,NV,Nedre Langgate 40,"19",,31,Sivile konstruksjoner,Bygning,6.41,0,0,0,1,0,0,"3",1300,1350,,,,,,"1999",NIKU,500,,22453,C52521,"McLees, Chris mfl. 1999. Arkeologiske undersøkelser i Nedre Langgate 40, Tønsberg, 1999. NIKU."
"MULTIPOLYGON (((580050.638801652 6570679.3240958,580053.504313796 6570676.60330649,580047.715400374 6570671.65378551,580045.081444768 6570674.22985199,580050.638801652 6570679.3240958)))",422,NV,Nedre Langgate 40,"47",,14,Transport,Passasje,28.85,0,0,0,0,0,0,"6",1600,1800,,,,,,"1999",NIKU,500,,22453,C52521,"McLees, Chris mfl. 1999. Arkeologiske undersøkelser i Nedre Langgate 40, Tønsberg, 1999. NIKU."
"MULTIPOLYGON (((580053.699507813 6570682.27576882,580056.031339479 6570679.7617628,580052.169243283 6570676.42797222,580049.741770086 6570678.77802132,580053.699507813 6570682.27576882)))",423,NV,Nedre Langgate 40,"37",,31,Sivile konstruksjoner,Bygning,17.65,0,0,0,0,1,1,"5",1400,1600,,,,,,"1999",NIKU,500,,22453,C52521,"McLees, Chris mfl. 1999. Arkeologiske undersøkelser i Nedre Langgate 40, Tønsberg, 1999. NIKU."
"MULTIPOLYGON (((580062.832621545 6570689.10330527,580064.602531368 6570687.4390617,580062.859038109 6570685.58990218,580061.06271172 6570687.04281323,580062.832621545 6570689.10330527)))",424,NV,Nedre Langgate 40,"1",,15,Transport,Brygge,6.23,0,0,1,1,0,0,"1",1275,1325,,,,,,"1999",NIKU,500,,22453,C52521,"McLees, Chris mfl. 1999. Arkeologiske undersøkelser i Nedre Langgate 40, Tønsberg, 1999. NIKU."
"MULTIPOLYGON (((580069.232695692 6570678.57831672,580073.059737673 6570675.3457667,580068.303802007 6570670.5062306,580064.723657598 6570673.66202337,580069.232695692 6570678.57831672)))",425,NV,Nedre Langgate 40,"11",,31,Sivile konstruksjoner,Bygning,32.88,0,0,1,1,0,0,"2",1275,1325,,,,,,"1999",NIKU,500,,22453,C52521,"McLees, Chris mfl. 1999. Arkeologiske undersøkelser i Nedre Langgate 40, Tønsberg, 1999. NIKU."
"MULTIPOLYGON (((580065.247032964 6570674.0821851,580068.86187579 6570670.93078366,580062.281008081 6570664.47350032,580059.160502734 6570667.74848613,580065.247032964 6570674.0821851)))",426,NV,Nedre Langgate 40,"25",,31,Sivile konstruksjoner,Bygning,41.92,0,0,0,1,0,0,"3",1300,1350,,,,,,"1999",NIKU,500,,22453,C52521,"McLees, Chris mfl. 1999. Arkeologiske undersøkelser i Nedre Langgate 40, Tønsberg, 1999. NIKU."
"MULTIPOLYGON (((580069.177076322 6570672.30752212,580067.570919951 6570673.66803106,580068.3456542 6570674.53724508,580070.310833759 6570672.79881702,580069.177076322 6570672.30752212)))",427,NV,Nedre Langgate 40,"35",,36,Sivile konstruksjoner,Vannhåndtering,2.7,0,0,0,1,0,0,"4",1350,1400,,,,,,"1999",NIKU,500,,22453,C52521,"McLees, Chris mfl. 1999. Arkeologiske undersøkelser i Nedre Langgate 40, Tønsberg, 1999. NIKU."
"MULTIPOLYGON (((580069.505316086 6570677.18797598,580072.346287793 6570674.51814715,580068.683830292 6570670.71877535,580065.87708716 6570673.52551848,580069.505316086 6570677.18797598)))",428,NV,Nedre Langgate 40,"41",,31,Sivile konstruksjoner,Bygning,20.53,0,0,0,0,1,1,"5",1400,1600,,,,,,"1999",NIKU,500,,22453,C52521,"McLees, Chris mfl. 1999. Arkeologiske undersøkelser i Nedre Langgate 40, Tønsberg, 1999. NIKU."
"MULTIPOLYGON (((580056.847411297 6570682.18960794,580058.120972249 6570681.14760352,580057.51313634 6570680.42398934,580056.21063082 6570681.58177203,580056.847411297 6570682.18960794)))",429,NV,Nedre Langgate 40,"45",,35,Sivile konstruksjoner,Brønn,1.54,0,0,0,0,0,0,"6",1600,1800,,,,,,"1999",NIKU,500,,22453,C52521,"McLees, Chris mfl. 1999. Arkeologiske undersøkelser i Nedre Langgate 40, Tønsberg, 1999. NIKU."
"MULTIPOLYGON (((580062.300201096 6570671.2578754,580065.594701418 6570667.80934649,580058.808886469 6570661.33158872,580055.796771889 6570664.58330332,580062.300201096 6570671.2578754)))",430,NV,Nedre Langgate 40,"40",,31,Sivile konstruksjoner,Bygning,43.02,0,0,0,0,1,1,"5",1400,1600,,,,,,"1999",NIKU,500,,22453,C52521,"McLees, Chris mfl. 1999. Arkeologiske undersøkelser i Nedre Langgate 40, Tønsberg, 1999. NIKU."
"MULTIPOLYGON (((580053.632549883 6570673.96971923,580059.195543498 6570668.74731707,580052.156653617 6570661.32999225,580046.820720966 6570667.42279478,580053.632549883 6570673.96971923)))",431,NV,Nedre Langgate 40,"38",,31,Sivile konstruksjoner,Bygning,77.28,0,0,0,0,1,1,"5",1400,1600,,,,,,"1999",NIKU,500,,22453,C52521,"McLees, Chris mfl. 1999. Arkeologiske undersøkelser i Nedre Langgate 40, Tønsberg, 1999. NIKU."
"MULTIPOLYGON (((580061.091408794 6570666.30212845,580061.785990207 6570665.6892625,580059.089380016 6570662.95179458,580056.229338906 6570660.66376169,580055.575615224 6570661.44005855,580057.904505842 6570663.31951415,580061.091408794 6570666.30212845)))",432,NV,Nedre Langgate 40,"43",,36,Sivile konstruksjoner,Vannhåndtering,7.53,0,0,0,0,0,0,"6",1600,1800,,,,,,"1999",NIKU,500,,22453,C52521,"McLees, Chris mfl. 1999. Arkeologiske undersøkelser i Nedre Langgate 40, Tønsberg, 1999. NIKU."
"MULTIPOLYGON (((580065.58575911 6570678.06915473,580066.852348746 6570675.00482496,580067.955507459 6570675.86283731,580068.241511571 6570675.08654043,580066.688917825 6570673.94252399,580065.871763222 6570673.37051577,580065.626616841 6570672.38993024,580064.482600397 6570671.28677153,580065.46318592 6570668.71273453,580064.972893158 6570668.63101907,580064.237454016 6570670.71476331,580063.788018984 6570670.83733649,580063.542872604 6570671.08248287,580063.542872603 6570671.32762926,580063.828876715 6570671.65449109,580064.196596286 6570671.69534883,580065.054608619 6570672.55336116,580065.177181809 6570673.45223123,580066.239482793 6570674.47367448,580064.850319969 6570677.61971969,580065.58575911 6570678.06915473)))",433,NV,Nedre Langgate 40,"44",,36,Sivile konstruksjoner,Vannhåndtering,8.16,0,0,0,0,0,0,"6",1600,1800,,,,,,"1999",NIKU,500,,22453,C52521,"McLees, Chris mfl. 1999. Arkeologiske undersøkelser i Nedre Langgate 40, Tønsberg, 1999. NIKU."
"MULTIPOLYGON (((580129.383665661 6570650.81229795,580130.762390496 6570652.62640957,580132.903042211 6570650.59460455,580133.120735605 6570650.77601572,580133.24772342 6570650.66716902,580133.338429001 6570650.77601572,580134.680871602 6570649.81453655,580134.082214766 6570648.72606957,580134.372472626 6570648.47209395,580134.172920348 6570648.27254167,580133.955226953 6570648.43581172,580133.610545745 6570648.00042492,580133.719392442 6570647.94600158,580133.592404628 6570647.7464493,580133.519840163 6570647.7464493,580133.24772342 6570647.4017681,580132.830477745 6570647.63760261,580133.084453374 6570648.05484828,580129.383665661 6570650.81229795)))",434,SV,Nedre Langgate 41,"1",,15,Transport,Brygge,11.32,0,1,0,0,0,0,"1",1150,1200,,,,,,"1981",Riksantikvaren,90,TU,,C35299,"Hodkinson, Brian. 1981. A Report from the Excavations at Nedre Langgt. 41, Tønsberg, 1/9–27/10 1981 (Project TU9/17). Riksantikvaren."
"MULTIPOLYGON (((580135.007411694 6570649.10249774,580136.821523318 6570647.8326196,580136.549406574 6570647.3790917,580136.150302017 6570646.78043487,580135.932608622 6570646.50831812,580135.678632995 6570646.30876583,580134.118496999 6570647.21582165,580132.649066584 6570644.98446436,580132.304385376 6570645.22029887,580133.773815791 6570647.4879384,580133.592404629 6570647.65120844,580133.737533559 6570647.86890183,580133.955226953 6570647.88704296,580134.045932533 6570647.79633737,580135.007411694 6570649.10249774)))",435,SV,Nedre Langgate 41,"3",,15,Transport,Brygge,5.76,0,1,0,0,0,0,"1",1150,1200,,,,,,"1981",Riksantikvaren,90,TU,,C35299,"Hodkinson, Brian. 1981. A Report from the Excavations at Nedre Langgt. 41, Tønsberg, 1/9–27/10 1981 (Project TU9/17). Riksantikvaren."
"MULTIPOLYGON (((580135.225105089 6570653.27948976,580136.04145532 6570654.36795673,580136.94851113 6570655.4564237,580137.946272525 6570654.67635571,580136.56754769 6570652.49942176,580136.658253272 6570652.4449984,580136.603829922 6570652.37243394,580136.494983225 6570652.42685729,580136.42241876 6570652.33615171,580136.241007598 6570652.40871618,580136.349854295 6570652.59012734,580135.225105089 6570653.27948976)))",436,SV,Nedre Langgate 41,"32",,31,Sivile konstruksjoner,Bygning,3.89,0,1,0,0,0,0,"1",1150,1200,,,,,,"1981",Riksantikvaren,90,TU,,C35299,"Hodkinson, Brian. 1981. A Report from the Excavations at Nedre Langgt. 41, Tønsberg, 1/9–27/10 1981 (Project TU9/17). Riksantikvaren."
"MULTIPOLYGON (((580134.989270578 6570650.93928576,580134.707082408 6570651.10433575,580135.947717974 6570652.83659799,580136.152151118 6570652.71130025,580135.389755648 6570651.4229166,580134.989270578 6570650.93928576)))",437,SV,Nedre Langgate 41,33 (forlengelse av 1),,15,Transport,Brygge,0.67,0,1,0,0,0,0,"1",1150,1200,,,,,,"1981",Riksantikvaren,90,TU,,C35299,"Hodkinson, Brian. 1981. A Report from the Excavations at Nedre Langgt. 41, Tønsberg, 1/9–27/10 1981 (Project TU9/17). Riksantikvaren."
"MULTIPOLYGON (((580130.762390496 6570652.62640957,580131.214217803 6570652.24429587,580131.586697874 6570651.88561135,580132.059195742 6570651.41656238,580132.68344475 6570650.74402891,580132.873133675 6570650.62504222,580133.049027042 6570650.79403781,580133.162840397 6570650.70781557,580133.321489316 6570650.91474895,580134.183599572 6570650.34301973,580133.922000594 6570649.9362477,580133.686274044 6570649.28368761,580133.740307393 6570649.24371744,580134.173432942 6570649.69439107,580134.467526469 6570650.14764343,580134.604476227 6570650.05597545,580134.525785407 6570649.6715575,580134.816584086 6570649.49809864,580134.709447731 6570649.3144363,580134.454361168 6570649.46238652,580134.020714014 6570648.76344934,580134.352326545 6570648.48540499,580134.204376338 6570648.27113228,580133.857458615 6570648.46499806,580133.59216859 6570648.01094398,580133.678898021 6570647.93951975,580133.55135474 6570647.7354505,580133.469727041 6570647.77116262,580133.245250867 6570647.36812585,580133.067052434 6570647.46382501,580132.170358221 6570645.95333493,580132.602374852 6570645.60584329,580132.511588747 6570645.4367933,580132.065163309 6570645.68505047,580130.630162807 6570643.64883223,580126.91721609 6570647.55995606,580129.383665661 6570650.81229795,580130.762390496 6570652.62640957)))",438,SV,Nedre Langgate 41,"1",,15,Transport,Brygge,34.59,0,0,1,0,0,0,"2",1200,1300,,,,,,"1981",Riksantikvaren,90,TU,,C35299,"Hodkinson, Brian. 1981. A Report from the Excavations at Nedre Langgt. 41, Tønsberg, 1/9–27/10 1981 (Project TU9/17). Riksantikvaren."
"MULTIPOLYGON (((580136.540480412 6570647.37515243,580136.270514722 6570646.92269299,580135.958082201 6570646.55418284,580135.789849306 6570646.45003867,580134.900618284 6570645.28442504,580134.684318846 6570645.21232523,580134.21166452 6570644.68359327,580134.235697791 6570644.61149345,580134.660285576 6570644.20893616,580135.341228249 6570643.7683262,580136.438747618 6570642.93517281,580136.679080325 6570642.67881793,580136.647035965 6570642.33434104,580135.365261521 6570640.23543538,580134.443986138 6570640.0591914,580133.106134061 6570641.19075791,580131.816348526 6570642.41645472,580130.630162807 6570643.64883223,580131.666872726 6570644.72524684,580131.581472123 6570644.94835592,580131.807535442 6570645.18025444,580132.025142107 6570645.07563586,580132.334806715 6570645.53510179,580132.511588747 6570645.4367933,580132.602374852 6570645.60584329,580132.669592616 6570645.64894572,580132.937416204 6570646.1845929,580133.05040428 6570646.32059706,580133.008556843 6570646.37499873,580133.163392356 6570646.5842359,580133.196870305 6570646.72233244,580133.234532996 6570646.75999514,580133.309858381 6570646.72651719,580133.724147994 6570647.31656602,580133.632083634 6570647.38770667,580133.749256455 6570647.5341727,580133.594420943 6570647.68900821,580133.77854966 6570647.94846231,580133.996156325 6570647.83128948,580134.456478117 6570648.40459936,580134.481586579 6570648.39622986,580134.385337477 6570648.14932999,580134.506695041 6570648.07818935,580134.623867859 6570648.20373167,580134.820550807 6570648.47992474,580135.619836827 6570648.0154182,580135.343643752 6570647.50906424,580135.134406575 6570647.23287116,580135.092559138 6570647.09895937,580135.167884523 6570647.06129668,580135.753748621 6570647.89406064,580136.540480412 6570647.37515243)))",439,SV,Nedre Langgate 41,"3",,15,Transport,Brygge,25.66,0,0,1,0,0,0,"2",1200,1300,,,,,,"1981",Riksantikvaren,90,TU,,C35299,"Hodkinson, Brian. 1981. A Report from the Excavations at Nedre Langgt. 41, Tønsberg, 1/9–27/10 1981 (Project TU9/17). Riksantikvaren."
"MULTIPOLYGON (((580139.185381595 6570651.69584488,580138.774676139 6570651.18888034,580138.167174319 6570650.28190579,580137.8420325 6570649.70007306,580137.405657954 6570648.82732397,580136.540480412 6570647.37515243,580135.753748621 6570647.89406064,580135.167884523 6570647.06129668,580135.092559138 6570647.09895937,580135.619836827 6570648.0154182,580134.820550807 6570648.47992474,580134.623867859 6570648.20373167,580134.506695041 6570648.07818935,580134.385337477 6570648.14932999,580134.481586579 6570648.39622986,580135.711497949 6570650.40383397,580135.668716131 6570650.43805943,580135.73716704 6570650.58351761,580135.822730677 6570650.54929215,580136.815268862 6570651.96964852,580136.772487043 6570652.00387398,580136.823825226 6570652.08943761,580136.875163406 6570652.07232489,580137.251643408 6570652.54292488,580137.379988863 6570652.54292489,580137.39710159 6570652.59426307,580137.499777954 6570652.61993216,580137.5596725 6570652.66271398,580137.636679772 6570652.63704489,580137.679461591 6570652.71405216,580139.185381595 6570651.69584488)))",440,SV,Nedre Langgate 41,31/14,,31,Sivile konstruksjoner,Bygning,11.22,0,0,1,0,0,0,"2",1200,1300,,,,,,"1981",Riksantikvaren,90,TU,,C35299,"Hodkinson, Brian. 1981. A Report from the Excavations at Nedre Langgt. 41, Tønsberg, 1/9–27/10 1981 (Project TU9/17). Riksantikvaren."
"MULTIPOLYGON (((580138.517985229 6570654.29911853,580140.118561632 6570652.93221633,580139.185381595 6570651.69584488,580138.194986295 6570652.36548716,580137.658396135 6570652.7454422,580137.600638881 6570652.64905852,580137.5596725 6570652.66271398,580137.485092874 6570652.69540394,580137.551116136 6570652.83598034,580137.456996136 6570652.87876216,580137.534003409 6570653.0327767,580137.670905227 6570652.9643258,580138.517985229 6570654.29911853)))",441,SV,Nedre Langgate 41,"30",,31,Sivile konstruksjoner,Bygning,3.41,0,0,1,0,0,0,"2",1200,1300,,,,,,"1981",Riksantikvaren,90,TU,,C35299,"Hodkinson, Brian. 1981. A Report from the Excavations at Nedre Langgt. 41, Tønsberg, 1/9–27/10 1981 (Project TU9/17). Riksantikvaren."
"MULTIPOLYGON (((580134.467526469 6570650.14764343,580134.173432942 6570649.69439107,580133.740307393 6570649.24371744,580133.686274044 6570649.28368761,580133.922000594 6570649.9362477,580134.183599572 6570650.34301973,580134.383775913 6570650.60756522,580133.500706616 6570651.14598835,580133.666801154 6570651.34807004,580134.54710221 6570650.86362763,580134.973411526 6570651.48371391,580135.222553335 6570651.29547343,580134.815621714 6570650.70860606,580134.893132499 6570650.63386352,580134.926351406 6570650.54251152,580134.904205468 6570650.47053722,580134.862681834 6570650.42070886,580134.807316987 6570650.41517238,580134.688282568 6570650.47607371,580134.467526469 6570650.14764343)),((580135.194870911 6570651.72662718,580135.502145808 6570652.14740001,580134.771329838 6570652.60969647,580134.948497345 6570652.87821598,580135.994892941 6570652.21383782,580135.828798402 6570651.97300074,580135.745751132 6570652.01729262,580135.432939751 6570651.54115493,580135.194870911 6570651.72662718)))",442,SV,Nedre Langgate 41,"33",,15,Transport,Brygge,1.62,0,0,1,0,0,0,"2",1200,1300,,,,,,"1981",Riksantikvaren,90,TU,,C35299,"Hodkinson, Brian. 1981. A Report from the Excavations at Nedre Langgt. 41, Tønsberg, 1/9–27/10 1981 (Project TU9/17). Riksantikvaren."
"MULTIPOLYGON (((580134.290076596 6570651.99717932,580134.522180477 6570652.28233553,580135.194870911 6570651.72662718,580135.432939751 6570651.54115493,580135.487069473 6570651.49318232,580135.828798402 6570651.97300074,580135.994892941 6570652.21383782,580136.654220422 6570653.09718595,580135.500332553 6570653.70728758,580135.715857585 6570653.97254916,580136.873061226 6570653.39892098,580137.854529071 6570654.85122814,580138.023633328 6570654.72191312,580136.992428937 6570653.23147461,580136.243064975 6570652.17125724,580135.815330678 6570651.55783984,580135.414122539 6570651.01736936,580135.12565057 6570650.71231855,580135.026177478 6570650.81842319,580135.324596756 6570651.20968402,580135.222553335 6570651.29547343,580134.973411526 6570651.48371391,580134.290076596 6570651.99717932)))",443,SV,Nedre Langgate 41,"29",,31,Sivile konstruksjoner,Bygning,1.91,0,0,1,0,0,0,"2",1200,1300,,,,,,"1981",Riksantikvaren,90,TU,,C35299,"Hodkinson, Brian. 1981. A Report from the Excavations at Nedre Langgt. 41, Tønsberg, 1/9–27/10 1981 (Project TU9/17). Riksantikvaren."
"MULTIPOLYGON (((580135.226782973 6570653.35871479,580135.334526941 6570653.50168275,580135.703342832 6570653.23439483,580136.363250008 6570652.7073521,580136.255162091 6570652.56253898,580135.226782973 6570653.35871479)))",444,SV,Nedre Langgate 41,"32",,31,Sivile konstruksjoner,Bygning,0.24,0,0,1,0,0,0,"2",1200,1300,,,,,,"1981",Riksantikvaren,90,TU,,C35299,"Hodkinson, Brian. 1981. A Report from the Excavations at Nedre Langgt. 41, Tønsberg, 1/9–27/10 1981 (Project TU9/17). Riksantikvaren."
"MULTIPOLYGON (((580135.298143636 6570653.37686104,580135.270181285 6570653.32511561,580134.948497345 6570652.87821598,580134.771329838 6570652.60969647,580134.522180477 6570652.28233553,580134.290076596 6570651.99717932,580134.083678764 6570651.71858068,580134.001523786 6570651.78644785,580134.398010848 6570652.31152531,580134.68376729 6570652.66157695,580135.055250662 6570653.13307508,580135.267293865 6570653.41246963,580135.298143636 6570653.37686104)))",445,SV,Nedre Langgate 41,"25",,31,Sivile konstruksjoner,Bygning,0.19,0,0,1,0,0,0,"2",1200,1300,,,,,,"1981",Riksantikvaren,90,TU,,C35299,"Hodkinson, Brian. 1981. A Report from the Excavations at Nedre Langgt. 41, Tønsberg, 1/9–27/10 1981 (Project TU9/17). Riksantikvaren."
"MULTIPOLYGON (((580140.040817181 6570652.94065286,580139.130383878 6570651.69087623,580138.021310581 6570650.16796961,580137.35917727 6570649.00923631,580135.703843991 6570650.2672896,580138.600677229 6570654.19042948,580140.040817181 6570652.94065286)))",446,SV,Nedre Langgate 41,"30,23,26,28",,31,Sivile konstruksjoner,Bygning,9.33,0,0,1,0,0,0,"3",1250,1300,,,,,,"1981",Riksantikvaren,90,TU,,C35299,"Hodkinson, Brian. 1981. A Report from the Excavations at Nedre Langgt. 41, Tønsberg, 1/9–27/10 1981 (Project TU9/17). Riksantikvaren."
"MULTIPOLYGON (((580136.937067284 6570648.38848634,580136.730150624 6570648.05741968,580134.983774015 6570649.29891963,580135.198967341 6570649.62170963,580136.937067284 6570648.38848634)))",447,SV,Nedre Langgate 41,"27",,31,Sivile konstruksjoner,Bygning,0.83,0,0,1,0,0,0,"3",1250,1300,,,,,,"1981",Riksantikvaren,90,TU,,C35299,"Hodkinson, Brian. 1981. A Report from the Excavations at Nedre Langgt. 41, Tønsberg, 1/9–27/10 1981 (Project TU9/17). Riksantikvaren."
"MULTIPOLYGON (((580138.070970581 6570654.52149613,580135.604523995 6570651.6743229,580134.32991737 6570652.75028952,580136.995003948 6570655.49814276,580138.070970581 6570654.52149613)))",448,SV,Nedre Langgate 41,"10,13",,31,Sivile konstruksjoner,Bygning,5.92,0,0,0,1,1,0,"5",1350,1450,,,,,,"1981",Riksantikvaren,90,TU,,C35299,"Hodkinson, Brian. 1981. A Report from the Excavations at Nedre Langgt. 41, Tønsberg, 1/9–27/10 1981 (Project TU9/17). Riksantikvaren."
"MULTIPOLYGON (((580138.931743884 6570653.82625615,580140.090477181 6570652.89926952,580138.054417247 6570650.31694961,580137.061217279 6570649.12510965,580135.604523995 6570649.98588294,580136.481850633 6570651.39291623,580138.931743884 6570653.82625615)))",449,SV,Nedre Langgate 41,"9,11,12",,31,Sivile konstruksjoner,Bygning,8.55,0,0,0,0,1,0,"5",1350,1450,,,,,,"1981",Riksantikvaren,90,TU,,C35299,"Hodkinson, Brian. 1981. A Report from the Excavations at Nedre Langgt. 41, Tønsberg, 1/9–27/10 1981 (Project TU9/17). Riksantikvaren."
"MULTIPOLYGON (((580138.070970581 6570654.52149613,580135.604523995 6570651.6743229,580134.32991737 6570652.75028952,580136.995003948 6570655.49814276,580138.070970581 6570654.52149613)))",450,SV,Nedre Langgate 41,"6",,31,Sivile konstruksjoner,Bygning,5.92,0,0,0,0,0,0,"6",1537,,,,,,,"1981",Riksantikvaren,90,TU,,C35299,"Hodkinson, Brian. 1981. A Report from the Excavations at Nedre Langgt. 41, Tønsberg, 1/9–27/10 1981 (Project TU9/17). Riksantikvaren."
"MULTIPOLYGON (((580138.931743884 6570653.82625615,580140.090477181 6570652.89926952,580138.054417247 6570650.31694961,580137.061217279 6570649.12510965,580135.604523995 6570649.98588294,580136.481850633 6570651.39291623,580138.931743884 6570653.82625615)))",451,SV,Nedre Langgate 41,"4,6,7",,31,Sivile konstruksjoner,Bygning,8.55,0,0,0,0,0,0,"6",1537,,,,,,,"1981",Riksantikvaren,90,TU,,C35299,"Hodkinson, Brian. 1981. A Report from the Excavations at Nedre Langgt. 41, Tønsberg, 1/9–27/10 1981 (Project TU9/17). Riksantikvaren."
"MULTIPOLYGON (((580138.91269506 6570653.89256726,580140.054134907 6570652.91633581,580137.75623627 6570649.58212994,580136.284379624 6570650.75360768,580138.91269506 6570653.89256726)))",452,SV,Nedre Langgate 41,"4",,31,Sivile konstruksjoner,Bygning,6.88,0,0,0,0,0,0,"7",1537,,,,,,,"1981",Riksantikvaren,90,TU,,C35299,"Hodkinson, Brian. 1981. A Report from the Excavations at Nedre Langgt. 41, Tønsberg, 1/9–27/10 1981 (Project TU9/17). Riksantikvaren."
"MULTIPOLYGON (((580138.612316153 6570654.14788933,580140.039115961 6570652.94637369,580138.332130156 6570650.40960313,580136.749966932 6570651.6247065,580138.612316153 6570654.14788933)))",453,SV,Nedre Langgate 41,"2",,31,Sivile konstruksjoner,Bygning,5.97,0,0,0,0,0,0,"8",1537,,,,,,,"1981",Riksantikvaren,90,TU,,C35299,"Hodkinson, Brian. 1981. A Report from the Excavations at Nedre Langgt. 41, Tønsberg, 1/9–27/10 1981 (Project TU9/17). Riksantikvaren."
"MULTIPOLYGON (((580105.949372503 6570701.28653003,580104.164520398 6570698.59185358,580102.326887193 6570699.80903254,580103.107096953 6570701.22075886,580104.111739299 6570702.50370899,580104.357140197 6570702.87876234,580105.949372503 6570701.28653003)))",454,NV,Nedre Langgate 45,"64",,15,Transport,Brygge,7.83,1,1,0,0,0,0,"2",1075,1125,,,,,,1972–1973,Riksantikvaren,514,TG,,"C33543, C33968",RA sakarkiv. RAKV-S-6224-D-De-De07-0007-0055-0001.
"MULTIPOLYGON (((580101.134775174 6570697.75362415,580102.190439661 6570696.92291846,580099.725402754 6570693.79033863,580098.669738267 6570694.62104435,580101.134775174 6570697.75362415)))",455,NV,Nedre Langgate 45,"66",,15,Transport,Brygge,5.36,1,1,0,0,0,0,"2",1075,1125,,,,,,1972–1973,Riksantikvaren,514,TG,,"C33543, C33968",RA sakarkiv. RAKV-S-6224-D-De-De07-0007-0055-0001.
"MULTIPOLYGON (((580098.669738267 6570694.62104435,580100.183861141 6570693.42527368,580098.508760261 6570691.30420764,580096.994637388 6570692.4999783,580098.669738267 6570694.62104435)))",456,NV,Nedre Langgate 45,K67/1067,,15,Transport,Brygge,5.22,1,1,0,0,0,0,"2",1075,1125,,,,,,1972–1973,Riksantikvaren,514,TG,,"C33543, C33968",RA sakarkiv. RAKV-S-6224-D-De-De07-0007-0055-0001.
"MULTIPOLYGON (((580106.641920783 6570701.21172366,580108.682054784 6570699.89793425,580103.71872897 6570691.9655414,580101.296921343 6570689.01538351,580098.508760261 6570691.30420764,580106.641920783 6570701.21172366)))",457,NV,Nedre Langgate 45,"1063",,15,Transport,Brygge,41.38,1,1,0,0,0,0,"2",1075,1125,,,,,,1972–1973,Riksantikvaren,514,TG,,"C33543, C33968",RA sakarkiv. RAKV-S-6224-D-De-De07-0007-0055-0001.
"MULTIPOLYGON (((580104.201876849 6570692.73770888,580101.46302928 6570694.90298914,580104.344537341 6570698.54778814,580106.713931146 6570696.75247837,580104.201876849 6570692.73770888)))",458,NV,Nedre Langgate 45,1065/1073,,31,Sivile konstruksjoner,Bygning,15.13,1,1,0,0,0,0,"2",1075,1125,,,,,,1972–1973,Riksantikvaren,514,TG,,"C33543, C33968",RA sakarkiv. RAKV-S-6224-D-De-De07-0007-0055-0001.
"MULTIPOLYGON (((580108.68074615 6570704.01790368,580105.949372503 6570701.28653003,580104.357140197 6570702.87876234,580106.798749065 6570705.62901869,580108.68074615 6570704.01790368)))",459,NV,Nedre Langgate 45,"62",,15,Transport,Brygge,8.91,1,0,0,0,0,0,"1",0,1075,,,,,,1972–1973,Riksantikvaren,514,TG,,"C33543, C33968",RA sakarkiv. RAKV-S-6224-D-De-De07-0007-0055-0001.
"MULTIPOLYGON (((580106.641920783 6570701.21172366,580108.877447244 6570703.83145911,580110.581155322 6570702.67164456,580108.682054784 6570699.89793425,580106.641920783 6570701.21172366)))",460,NV,Nedre Langgate 45,"1069",,15,Transport,Brygge,7.61,1,1,0,0,0,0,"2",1075,1125,,,,,,1972–1973,Riksantikvaren,514,TG,,"C33543, C33968",RA sakarkiv. RAKV-S-6224-D-De-De07-0007-0055-0001.
"MULTIPOLYGON (((580098.264693004 6570693.74689363,580100.081529383 6570696.41465338,580101.807504936 6570695.23920451,580099.990668557 6570692.57144475,580098.264693004 6570693.74689363)))",461,NV,Nedre Langgate 45,1057A,,31,Sivile konstruksjoner,Bygning,6.74,0,1,0,0,0,0,"3",1100,1200,,,,,,1972–1973,Riksantikvaren,514,TG,,"C33543, C33968",RA sakarkiv. RAKV-S-6224-D-De-De07-0007-0055-0001.
"MULTIPOLYGON (((580104.662705827 6570703.81260449,580104.810664649 6570704.01118082,580105.569498728 6570703.44577503,580105.421539906 6570703.24719871,580104.662705827 6570703.81260449)))",462,NV,Nedre Langgate 45,"58",,32,Sivile konstruksjoner,Gjerde,0.23,0,1,0,0,0,0,"3",1100,1200,,,,,,1972–1973,Riksantikvaren,514,TG,,"C33543, C33968",RA sakarkiv. RAKV-S-6224-D-De-De07-0007-0055-0001.
"MULTIPOLYGON (((580104.616034053 6570703.72511691,580106.577964505 6570702.09047556,580103.921008193 6570698.01206913,580101.916690129 6570699.60775165,580104.616034053 6570703.72511691)))",463,NV,Nedre Langgate 45,1058B,,31,Sivile konstruksjoner,Bygning,12.46,0,1,0,0,0,0,"3",1100,1200,,,,,,1972–1973,Riksantikvaren,514,TG,,"C33543, C33968",RA sakarkiv. RAKV-S-6224-D-De-De07-0007-0055-0001.
"MULTIPOLYGON (((580108.688891849 6570704.18035652,580109.310376612 6570703.84017539,580106.844063397 6570700.77854519,580104.502047134 6570697.58771158,580103.963864046 6570697.94941377,580105.072569196 6570699.77970596,580106.654346997 6570701.70423038,580107.091307529 6570702.435007,580108.688891849 6570704.18035652)))",464,NV,Nedre Langgate 45,"1025",,14,Transport,Passasje,6.02,0,1,0,0,0,0,"3",1100,1200,,,,,,1972–1973,Riksantikvaren,514,TG,,"C33543, C33968",RA sakarkiv. RAKV-S-6224-D-De-De07-0007-0055-0001.
"MULTIPOLYGON (((580109.310376612 6570703.84017539,580111.564782945 6570702.04287382,580108.803040687 6570698.57874218,580106.548634354 6570700.37604375,580109.310376612 6570703.84017539)))",465,NV,Nedre Langgate 45,1060A,,31,Sivile konstruksjoner,Bygning,12.78,0,1,0,0,0,0,"3",1100,1200,,,,,,1972–1973,Riksantikvaren,514,TG,,"C33543, C33968",RA sakarkiv. RAKV-S-6224-D-De-De07-0007-0055-0001.
"MULTIPOLYGON (((580105.134570518 6570698.87376698,580109.339326554 6570695.66526656,580106.609825717 6570692.0147422,580102.367389499 6570695.59246491,580105.134570518 6570698.87376698)))",466,NV,Nedre Langgate 45,"54",,31,Sivile konstruksjoner,Bygning,23.98,0,1,0,0,0,0,"3",1100,1200,,,,,,1972–1973,Riksantikvaren,514,TG,,"C33543, C33968",RA sakarkiv. RAKV-S-6224-D-De-De07-0007-0055-0001.
"MULTIPOLYGON (((580097.841465847 6570691.4878091,580096.869253985 6570692.33375968,580097.940269426 6570693.69736768,580099.078997047 6570692.91004644,580097.841465847 6570691.4878091)))",467,NV,Nedre Langgate 45,"57",,31,Sivile konstruksjoner,Bygning,2.41,0,1,0,0,0,0,"3",1100,1200,,,,,,1972–1973,Riksantikvaren,514,TG,,"C33543, C33968",RA sakarkiv. RAKV-S-6224-D-De-De07-0007-0055-0001.
"MULTIPOLYGON (((580102.229246204 6570695.45556336,580104.770826516 6570693.3903502,580101.67182257 6570689.57652238,580098.739503175 6570691.16086761,580102.229246204 6570695.45556336)))",468,NV,Nedre Langgate 45,"55",,31,Sivile konstruksjoner,Bygning,17.12,0,1,0,0,0,0,"3",1100,1200,,,,,,1972–1973,Riksantikvaren,514,TG,,"C33543, C33968",RA sakarkiv. RAKV-S-6224-D-De-De07-0007-0055-0001.
"MULTIPOLYGON (((580106.548634354 6570700.37604375,580108.803040687 6570698.57874218,580108.76253706 6570697.97242453,580110.139690282 6570696.93069179,580109.339326554 6570695.66526656,580105.364995947 6570698.76341908,580106.548634354 6570700.37604375)))",469,NV,Nedre Langgate 45,1060B,,31,Sivile konstruksjoner,Bygning,8.91,0,1,0,0,0,0,"3",1100,1200,,,,,,1972–1973,Riksantikvaren,514,TG,,"C33543, C33968",RA sakarkiv. RAKV-S-6224-D-De-De07-0007-0055-0001.
"MULTIPOLYGON (((580110.139690282 6570696.93069179,580110.800724551 6570696.26768668,580110.901592362 6570696.07715859,580110.621404 6570695.43832912,580110.733479345 6570695.24780103,580110.800724551 6570695.04606542,580110.783176863 6570694.90665149,580110.27787023 6570694.10711568,580109.04706702 6570692.29034159,580106.983555104 6570690.18796472,580105.170561083 6570687.82512825,580104.947651982 6570688.03317674,580106.463433868 6570690.11366168,580106.180894061 6570690.23156479,580106.99841571 6570691.688886,580106.609825717 6570692.0147422,580110.139690282 6570696.93069179)))",470,NV,Nedre Langgate 45,"1075",,14,Transport,Passasje,12.13,0,1,0,0,0,0,"3",1100,1200,,,,,,1972–1973,Riksantikvaren,514,TG,,"C33543, C33968",RA sakarkiv. RAKV-S-6224-D-De-De07-0007-0055-0001.
"MULTIPOLYGON (((580105.376588694 6570692.70481947,580106.827844783 6570691.54958874,580104.31557108 6570688.71047752,580102.976659042 6570689.85880593,580105.376588694 6570692.70481947)))",471,NV,Nedre Langgate 45,1055A,,31,Sivile konstruksjoner,Bygning,6.8,0,1,0,0,0,0,"3",1100,1200,,,,,,1972–1973,Riksantikvaren,514,TG,,"C33543, C33968",RA sakarkiv. RAKV-S-6224-D-De-De07-0007-0055-0001.
"MULTIPOLYGON (((580099.117610103 6570695.26426361,580100.276693826 6570694.40471838,580098.03445313 6570691.38109079,580096.875369407 6570692.24063602,580099.117610103 6570695.26426361)))",472,NV,Nedre Langgate 45,"53",,31,Sivile konstruksjoner,Bygning,5.44,0,0,1,0,0,0,"4",1200,1300,,,,,,1972–1973,Riksantikvaren,514,TG,,"C33543, C33968",RA sakarkiv. RAKV-S-6224-D-De-De07-0007-0055-0001.
"MULTIPOLYGON (((580103.290841425 6570701.71664482,580105.334677148 6570700.27393725,580100.285200658 6570694.52314458,580099.20316998 6570695.3446864,580103.290841425 6570701.71664482)))",473,NV,Nedre Langgate 45,"48",,31,Sivile konstruksjoner,Bygning,14.66,0,0,1,0,0,0,"4",1200,1300,,,,,,1972–1973,Riksantikvaren,514,TG,,"C33543, C33968",RA sakarkiv. RAKV-S-6224-D-De-De07-0007-0055-0001.
"MULTIPOLYGON (((580108.932204254 6570704.56656644,580105.70693813 6570700.57282536,580103.541235968 6570702.29607224,580106.149393411 6570706.27816975,580108.932204254 6570704.56656644)))",474,NV,Nedre Langgate 45,"49",,31,Sivile konstruksjoner,Bygning,14.89,0,0,1,0,0,0,"4",1200,1300,,,,,,1972–1973,Riksantikvaren,514,TG,,"C33543, C33968",RA sakarkiv. RAKV-S-6224-D-De-De07-0007-0055-0001.
"MULTIPOLYGON (((580108.974109169 6570704.62807677,580109.958382242 6570703.95462678,580104.267774555 6570697.78895714,580101.300449714 6570694.4126642,580098.486375859 6570690.96382196,580097.913988059 6570691.44399797,580108.974109169 6570704.62807677)))",475,NV,Nedre Langgate 45,"25",,14,Transport,Passasje,14.73,0,0,1,0,0,0,"4",1200,1300,,,,,,1972–1973,Riksantikvaren,514,TG,,"C33543, C33968",RA sakarkiv. RAKV-S-6224-D-De-De07-0007-0055-0001.
"MULTIPOLYGON (((580113.223400973 6570699.08365311,580108.770977452 6570703.06824952,580109.980875148 6570704.391071,580114.562354423 6570700.85816973,580113.223400973 6570699.08365311)))",476,NV,Nedre Langgate 45,"40",,31,Sivile konstruksjoner,Bygning,11.79,0,0,0,1,0,0,"5",1300,1400,,,,,,1972–1973,Riksantikvaren,514,TG,,"C33543, C33968",RA sakarkiv. RAKV-S-6224-D-De-De07-0007-0055-0001.
"MULTIPOLYGON (((580109.958382242 6570703.95462678,580114.361503311 6570700.59654096,580108.93854787 6570694.16229736,580104.267774555 6570697.78895714,580109.958382242 6570703.95462678)))",477,NV,Nedre Langgate 45,"46",,31,Sivile konstruksjoner,Bygning,48.02,0,0,1,0,0,0,"4",1200,1300,,,,,,1972–1973,Riksantikvaren,514,TG,,"C33543, C33968",RA sakarkiv. RAKV-S-6224-D-De-De07-0007-0055-0001.
"MULTIPOLYGON (((580113.246936686 6570699.27412677,580113.636675352 6570698.9490215,580110.826872839 6570695.60192822,580110.800724551 6570695.04606542,580109.7042251 6570693.17294315,580108.199386251 6570690.88337239,580108.014743448 6570690.97569379,580107.663741928 6570690.48987734,580104.622034946 6570687.38341649,580104.072469932 6570687.79132563,580113.246936686 6570699.27412677)))",478,NV,Nedre Langgate 45,"50",,14,Transport,Passasje,11.96,0,0,1,0,0,0,"4",1200,1300,,,,,,1972–1973,Riksantikvaren,514,TG,,"C33543, C33968",RA sakarkiv. RAKV-S-6224-D-De-De07-0007-0055-0001.
"MULTIPOLYGON (((580105.340252515 6570704.85977002,580107.495265508 6570703.01401574,580102.477855601 6570697.15593181,580100.05195431 6570699.59072072,580103.381030203 6570703.92480065,580104.312850891 6570703.26266533,580105.340252515 6570704.85977002)))",479,NV,Nedre Langgate 45,"39",,31,Sivile konstruksjoner,Bygning,25.39,0,0,0,1,0,0,"5",1300,1400,,,,,,1972–1973,Riksantikvaren,514,TG,,"C33543, C33968",RA sakarkiv. RAKV-S-6224-D-De-De07-0007-0055-0001.
"MULTIPOLYGON (((580107.495265508 6570703.01401574,580105.340252515 6570704.85977002,580106.424315016 6570706.64471894,580109.260960941 6570704.82398807,580107.495265508 6570703.01401574)))",480,NV,Nedre Langgate 45,"44",,31,Sivile konstruksjoner,Bygning,7.1,0,0,0,1,0,0,"5",1300,1400,,,,,,1972–1973,Riksantikvaren,514,TG,,"C33543, C33968",RA sakarkiv. RAKV-S-6224-D-De-De07-0007-0055-0001.
"MULTIPOLYGON (((580097.960662391 6570691.49963553,580095.103551251 6570693.70287571,580097.243831653 6570696.1598362,580099.811202684 6570693.89937357,580097.960662391 6570691.49963553)))",481,NV,Nedre Langgate 45,"42",,31,Sivile konstruksjoner,Bygning,11.05,0,0,0,1,0,0,"5",1300,1400,,,,,,1972–1973,Riksantikvaren,514,TG,,"C33543, C33968",RA sakarkiv. RAKV-S-6224-D-De-De07-0007-0055-0001.
"MULTIPOLYGON (((580097.243831653 6570696.1598362,580099.02873573 6570698.24675777,580101.563592849 6570695.97909125,580099.811202684 6570693.89937357,580097.243831653 6570696.1598362)))",482,NV,Nedre Langgate 45,"43",,14,Transport,Passasje,9.33,0,0,0,1,0,0,"5",1300,1400,,,,,,1972–1973,Riksantikvaren,514,TG,,"C33543, C33968",RA sakarkiv. RAKV-S-6224-D-De-De07-0007-0055-0001.
"MULTIPOLYGON (((580109.260960941 6570704.82398807,580109.94645271 6570704.38984152,580106.358075575 6570700.1266587,580102.792704644 6570695.3634947,580099.337648139 6570690.61552412,580097.960662391 6570691.49963553,580099.811202684 6570693.89937357,580101.631272604 6570695.9526269,580105.515336995 6570700.93921012,580109.260960941 6570704.82398807)))",483,NV,Nedre Langgate 45,"25",,14,Transport,Passasje,21.66,0,0,0,1,0,0,"5",1300,1400,,,,,,1972–1973,Riksantikvaren,514,TG,,"C33543, C33968",RA sakarkiv. RAKV-S-6224-D-De-De07-0007-0055-0001.
"MULTIPOLYGON (((580102.965934774 6570695.59492183,580106.916092151 6570692.44127141,580103.610570215 6570688.70363853,580102.290314795 6570689.8955498,580101.919376919 6570689.52114522,580099.80285241 6570691.25481214,580102.965934774 6570695.59492183)))",484,NV,Nedre Langgate 45,"45",,31,Sivile konstruksjoner,Bygning,25.04,0,0,0,1,0,0,"5",1300,1400,,,,,,1972–1973,Riksantikvaren,514,TG,,"C33543, C33968",RA sakarkiv. RAKV-S-6224-D-De-De07-0007-0055-0001.
"MULTIPOLYGON (((580114.184659808 6570699.15039931,580114.266278844 6570698.989313,580113.057571556 6570697.43071676,580111.008600649 6570694.99739813,580110.51073708 6570695.50553265,580109.33835976 6570693.96889554,580110.019124969 6570693.33675643,580109.631939813 6570693.06296307,580108.199386251 6570690.88337239,580107.295006548 6570689.71195443,580106.436188212 6570688.85313608,580104.866989277 6570687.01886977,580104.177814069 6570687.47478567,580104.495894934 6570687.84588002,580103.610570215 6570688.70363853,580106.916092151 6570692.44127141,580107.168373881 6570692.76176292,580107.721073812 6570692.35793359,580108.037801212 6570692.6441296,580109.159031741 6570693.98819692,580111.086343786 6570696.39356487,580113.122176081 6570698.84888366,580113.624702168 6570698.48993646,580114.184659808 6570699.15039931)))",485,NV,Nedre Langgate 45,"41",,14,Transport,Passasje,17.9,0,0,0,1,0,0,"5",1300,1400,,,,,,1972–1973,Riksantikvaren,514,TG,,"C33543, C33968",RA sakarkiv. RAKV-S-6224-D-De-De07-0007-0055-0001.
"MULTIPOLYGON (((580103.943224134 6570704.49910968,580106.914029942 6570702.47551731,580100.444267825 6570694.70430442,580097.977053412 6570697.0171239,580103.943224134 6570704.49910968)))",486,NV,Nedre Langgate 45,30/31,,31,Sivile konstruksjoner,Bygning,34.24,0,0,0,0,1,1,"6",1400,1536,,,,,,1972–1973,Riksantikvaren,514,TG,,"C33543, C33968",RA sakarkiv. RAKV-S-6224-D-De-De07-0007-0055-0001.
"MULTIPOLYGON (((580096.713213497 6570695.55070674,580099.372091223 6570693.18211159,580097.913988059 6570691.44399797,580095.103551251 6570693.70287571,580096.713213497 6570695.55070674)))",487,NV,Nedre Langgate 45,"36",,31,Sivile konstruksjoner,Bygning,8.46,0,0,0,0,1,1,"6",1400,1536,,,,,,1972–1973,Riksantikvaren,514,TG,,"C33543, C33968",RA sakarkiv. RAKV-S-6224-D-De-De07-0007-0055-0001.
"MULTIPOLYGON (((580107.684058869 6570701.94656001,580112.805835897 6570698.53777764,580107.606976504 6570692.50710075,580103.11270334 6570696.52278999,580107.684058869 6570701.94656001)))",488,NV,Nedre Langgate 45,,,31,Sivile konstruksjoner,Bygning,45.7,0,0,0,0,1,1,"6",1400,1536,,,,,,1972–1973,Riksantikvaren,514,TG,,"C33543, C33968",RA sakarkiv. RAKV-S-6224-D-De-De07-0007-0055-0001.
"MULTIPOLYGON (((580108.269647753 6570702.39770808,580112.860165012 6570698.80385652,580108.037801212 6570692.6441296,580103.447283954 6570696.23798117,580108.269647753 6570702.39770808)))",489,NV,Nedre Langgate 45,37/38,,31,Sivile konstruksjoner,Bygning,45.64,0,0,0,1,0,0,"5",1300,1400,,,,,,1972–1973,Riksantikvaren,514,TG,,"C33543, C33968",RA sakarkiv. RAKV-S-6224-D-De-De07-0007-0055-0001.
"MULTIPOLYGON (((580104.991255925 6570704.98218601,580106.178938813 6570706.71503482,580109.260960941 6570704.82398807,580107.495265508 6570703.01401574,580104.991255925 6570704.98218601)))",490,NV,Nedre Langgate 45,1031A,,31,Sivile konstruksjoner,Bygning,7.8,0,0,0,0,1,1,"6",1400,1536,,,,,,1972–1973,Riksantikvaren,514,TG,,"C33543, C33968",RA sakarkiv. RAKV-S-6224-D-De-De07-0007-0055-0001.
"MULTIPOLYGON (((580097.854091352 6570691.5180458,580099.615035695 6570692.95952679,580099.84099758 6570692.47643586,580098.602103108 6570691.05833024,580097.854091352 6570691.5180458)),((580105.549507021 6570700.45141073,580105.761898968 6570700.32647428,580104.837369315 6570698.9646671,580104.974799399 6570698.68980693,580103.637979494 6570697.61535355,580104.437572708 6570698.97716075,580104.325129913 6570699.0771099,580105.549507021 6570700.45141073)))",491,NV,Nedre Langgate 45,1025A,,36,Sivile konstruksjoner,Vannhåndtering,2.58,0,0,0,0,1,1,"6",1400,1536,,,,,,1972–1973,Riksantikvaren,514,TG,,"C33543, C33968",RA sakarkiv. RAKV-S-6224-D-De-De07-0007-0055-0001.
"MULTIPOLYGON (((580098.602103108 6570691.05833024,580103.202109648 6570696.15075472,580107.895243082 6570691.67929354,580104.306553802 6570687.33645942,580098.602103108 6570691.05833024)))",492,NV,Nedre Langgate 45,"29",,31,Sivile konstruksjoner,Bygning,41.33,0,0,0,0,1,1,"6",1400,1537,,,,,,1972–1973,Riksantikvaren,514,TG,,"C33543, C33968",RA sakarkiv. RAKV-S-6224-D-De-De07-0007-0055-0001.
"MULTIPOLYGON (((580104.306553802 6570687.33645942,580107.895243082 6570691.67929354,580112.690091173 6570697.60604526,580113.072116489 6570697.30042501,580112.930221371 6570697.10395485,580112.94113638 6570696.98388975,580112.788326254 6570696.80924961,580112.624601119 6570696.6891845,580112.439045965 6570696.65643948,580112.308065857 6570696.65643948,580112.209830776 6570696.5582044,580112.144340722 6570696.3289892,580111.991530596 6570695.96879391,580111.631335298 6570695.31389337,580111.249309982 6570694.85546299,580110.976434757 6570694.60441778,580110.550749405 6570693.84036715,580110.190554107 6570693.39285178,580109.546568575 6570692.73795124,580109.05539317 6570692.17037077,580108.586047781 6570691.48272519,580108.441423911 6570691.28079754,580107.557308182 6570689.98191145,580106.607702395 6570688.84675052,580106.705937477 6570688.66119537,580106.149272017 6570688.25734004,580105.865481781 6570687.90805975,580105.679926629 6570687.66792955,580105.341561349 6570687.43871436,580105.243326268 6570687.35685179,580104.959536033 6570686.87659139,580104.306553802 6570687.33645942)))",493,NV,Nedre Langgate 45,"35",,14,Transport,Passasje,9,0,0,0,0,1,1,"6",1400,1536,,,,,,1972–1973,Riksantikvaren,514,TG,,"C33543, C33968",RA sakarkiv. RAKV-S-6224-D-De-De07-0007-0055-0001.
"MULTIPOLYGON (((580110.104262222 6570704.19829206,580115.159387905 6570700.7814769,580113.454748874 6570698.63563719,580108.203302497 6570702.22064018,580110.104262222 6570704.19829206)))",494,NV,Nedre Langgate 45,1035A,,31,Sivile konstruksjoner,Bygning,16.95,0,0,0,0,1,1,"6",1400,1536,,,,,,1972–1973,Riksantikvaren,514,TG,,"C33543, C33968",RA sakarkiv. RAKV-S-6224-D-De-De07-0007-0055-0001.
"MULTIPOLYGON (((580100.717928659 6570695.03301459,580098.246449745 6570697.35496531,580101.006000523 6570700.81563054,580102.167610109 6570699.92138356,580103.477693765 6570702.11350373,580105.485777575 6570700.75995914,580100.717928659 6570695.03301459)))",495,NV,Nedre Langgate 45,14/20,,31,Sivile konstruksjoner,Bygning,21.57,0,0,0,0,0,1,"7",1500,1625,,,,,,1972–1973,Riksantikvaren,514,TG,,"C33543, C33968",RA sakarkiv. RAKV-S-6224-D-De-De07-0007-0055-0001.
"MULTIPOLYGON (((580099.497136763 6570695.56389485,580100.520700265 6570694.85914621,580097.517128678 6570691.70455706,580096.980177333 6570692.04015165,580097.258268355 6570692.48509729,580097.604232442 6570693.03863981,580097.877610058 6570693.47604401,580098.372894884 6570693.86914217,580098.949573739 6570694.32684122,580099.094423255 6570694.55711107,580098.992037642 6570694.62151598,580099.497136763 6570695.56389485)))",496,NV,Nedre Langgate 45,"21",,31,Sivile konstruksjoner,Bygning,3.88,0,0,0,0,0,1,"7",1500,1625,,,,,,1972–1973,Riksantikvaren,514,TG,,"C33543, C33968",RA sakarkiv. RAKV-S-6224-D-De-De07-0007-0055-0001.
"MULTIPOLYGON (((580106.544623171 6570696.06728673,580103.978098998 6570692.10443092,580103.642504408 6570691.51714039,580103.35440936 6570691.01297405,580103.020879967 6570690.42929761,580102.618166458 6570689.72454896,580101.970505404 6570689.1052769,580101.644942144 6570689.03658005,580100.537479995 6570689.75810843,580101.477144849 6570690.68099355,580099.597815141 6570692.00659219,580104.614954274 6570697.59424213,580106.544623171 6570696.06728673)))",497,NV,Nedre Langgate 45,"12",,31,Sivile konstruksjoner,Bygning,24.58,0,0,0,0,0,1,"7",1500,1625,,,,,,1972–1973,Riksantikvaren,514,TG,,"C33543, C33968",RA sakarkiv. RAKV-S-6224-D-De-De07-0007-0055-0001.
"MULTIPOLYGON (((580106.544623171 6570696.06728673,580104.614954274 6570697.59424213,580108.52468002 6570702.53510433,580110.240117208 6570701.34870661,580106.544623171 6570696.06728673)))",498,NV,Nedre Langgate 45,"13",,31,Sivile konstruksjoner,Bygning,14.48,0,0,0,0,0,1,"7",1500,1625,,,,,,1972–1973,Riksantikvaren,514,TG,,"C33543, C33968",RA sakarkiv. RAKV-S-6224-D-De-De07-0007-0055-0001.
"MULTIPOLYGON (((580098.647732315 6570691.01255045,580097.517128678 6570691.70455706,580100.551655421 6570694.83337453,580100.71789136 6570695.03304563,580103.411069407 6570698.26790478,580104.911938158 6570700.07064449,580105.535497925 6570700.71158259,580105.848389402 6570701.0331655,580107.737339062 6570702.97458599,580108.52468002 6570702.53510433,580104.614954274 6570697.59424213,580099.619794599 6570691.98461273,580098.647732315 6570691.01255045)))",499,NV,Nedre Langgate 45,"25",,14,Transport,Passasje,18.76,0,0,0,0,0,1,"7",1500,1625,,,,,,1972–1973,Riksantikvaren,514,TG,,"C33543, C33968",RA sakarkiv. RAKV-S-6224-D-De-De07-0007-0055-0001.
"MULTIPOLYGON (((580104.267774555 6570697.78895714,580109.159031741 6570693.98819692,580104.266470354 6570688.11149949,580102.290314795 6570689.8955498,580101.53405075 6570689.13221786,580098.952867493 6570690.96602491,580104.267774555 6570697.78895714)))",500,NV,Nedre Langgate 45,"47",,31,Sivile konstruksjoner,Bygning,49.17,0,0,1,0,0,0,"4",1200,1300,,,,,,1972–1973,Riksantikvaren,514,TG,,"C33543, C33968",RA sakarkiv. RAKV-S-6224-D-De-De07-0007-0055-0001.
"MULTIPOLYGON (((580108.430148311 6570704.37383085,580106.820175267 6570702.6408754,580104.810664649 6570704.01118082,580106.047930616 6570705.99372351,580108.430148311 6570704.37383085)))",501,NV,Nedre Langgate 45,1058A,,31,Sivile konstruksjoner,Bygning,6.21,0,1,0,0,0,0,"3",1100,1200,,,,,,1972–1973,Riksantikvaren,514,TG,,"C33543, C33968",RA sakarkiv. RAKV-S-6224-D-De-De07-0007-0055-0001.
"MULTIPOLYGON (((580109.260960941 6570704.82398807,580110.104262222 6570704.19829206,580108.203302497 6570702.22064018,580107.684058869 6570701.94656001,580103.11270334 6570696.52278999,580098.602103108 6570691.05833024,580097.913988059 6570691.44399797,580099.372091223 6570693.18211159,580100.444267825 6570694.70430442,580106.914029942 6570702.47551731,580107.495265508 6570703.01401574,580109.260960941 6570704.82398807)))",502,NV,Nedre Langgate 45,"25",,14,Transport,Passasje,15.85,0,0,0,0,1,1,"6",1400,1536,,,,,,1972–1973,Riksantikvaren,514,TG,,"C33543, C33968",RA sakarkiv. RAKV-S-6224-D-De-De07-0007-0055-0001.
"MULTIPOLYGON (((580096.744183276 6570689.1029075,580097.658285406 6570688.02121998,580098.282921862 6570687.2137631,580098.99896853 6570686.54342154,580099.60836995 6570686.02543033,580100.248241442 6570685.37032381,580100.263476477 6570685.1113282,580099.867365554 6570684.33434139,580099.456019594 6570683.74017501,580098.831383141 6570682.97842323,580098.541917465 6570682.55184224,580098.450507252 6570682.20143642,580097.932516045 6570681.66821018,580097.551640159 6570681.28733429,580097.216469377 6570680.76934308,580092.90495433 6570683.55735458,580093.60702376 6570684.72157045,580093.110115183 6570685.04074092,580093.09268119 6570685.44045047,580093.282102349 6570685.47656712,580093.450586014 6570685.44907587,580093.818808949 6570685.07738659,580093.896177892 6570685.17160956,580093.510131164 6570685.52048982,580093.667043474 6570685.70867855,580094.171397928 6570685.52188961,580094.869406728 6570686.46491973,580094.470113859 6570686.67182041,580094.626865915 6570686.85981696,580094.995246688 6570686.65851967,580095.895486402 6570687.91933927,580095.789006436 6570688.02581923,580095.934206391 6570688.20973916,580096.06004635 6570688.15165919,580096.744183276 6570689.1029075)))",503,NV,Nedre Langgate 45B,"22",,15,Transport,Brygge,32.46,0,1,0,0,0,0,"1",1100,1200,,,,,,1972–1973,Riksantikvaren,514,TG,,"C33543, C33968",RA sakarkiv. RAKV-S-6224-D-De-De07-0007-0055-0001.
"MULTIPOLYGON (((580093.813575079 6570689.46876013,580095.539114987 6570687.98122572,580092.132661201 6570683.92025681,580091.775652945 6570684.18801299,580091.150888496 6570684.50039523,580090.570750078 6570685.05078296,580091.820278979 6570686.59781873,580092.23678861 6570687.32671059,580092.370666707 6570687.6985942,580092.430168083 6570687.906849,580093.813575079 6570689.46876013)))",504,NV,Nedre Langgate 45B,1026A,,31,Sivile konstruksjoner,Bygning,11.53,0,0,1,0,0,0,"2",1200,1300,,,,,,1972–1973,Riksantikvaren,514,TG,,"C33543, C33968",RA sakarkiv. RAKV-S-6224-D-De-De07-0007-0055-0001.
"MULTIPOLYGON (((580096.652773063 6570689.28953669,580095.837406421 6570688.34525913,580095.934206391 6570688.20973916,580095.789006436 6570688.02581923,580095.663166476 6570688.1226192,580094.626865915 6570686.85981696,580094.470113859 6570686.67182041,580094.440037649 6570686.61565669,580094.72427858 6570686.39988256,580094.649587532 6570686.27539749,580094.429663892 6570686.19033268,580094.207000686 6570686.35626238,580093.769673485 6570685.83176522,580093.510131164 6570685.52048982,580093.408537888 6570685.39864652,580093.110115183 6570685.04074092,580092.143202554 6570683.88109908,580091.884206951 6570684.12485965,580091.183395317 6570684.47526547,580090.573993899 6570685.03896177,580092.706898868 6570687.5832127,580092.371728086 6570687.82697328,580093.54482582 6570689.19812648,580094.29134256 6570689.94464322,580094.961684121 6570690.56927967,580096.652773063 6570689.28953669)))",505,NV,Nedre Langgate 45B,"26",,15,Transport,Brygge,15.18,0,1,0,0,0,0,"1",1100,1200,,,,,,1972–1973,Riksantikvaren,514,TG,,"C33543, C33968",RA sakarkiv. RAKV-S-6224-D-De-De07-0007-0055-0001.
"MULTIPOLYGON (((580092.143202554 6570683.88109908,580096.652773063 6570689.28953669,580096.744183276 6570689.1029075,580096.06004635 6570688.15165919,580095.895486402 6570687.91933927,580094.995246688 6570686.65851967,580094.869406728 6570686.46491973,580094.171397928 6570685.52188961,580092.90495433 6570683.55735458,580092.143202554 6570683.88109908)))",506,NV,Nedre Langgate 45B,"28",,14,Transport,Passasje,3.16,0,1,0,0,0,0,"1",1100,1200,,,,,,1972–1973,Riksantikvaren,514,TG,,"C33543, C33968",RA sakarkiv. RAKV-S-6224-D-De-De07-0007-0055-0001.
"MULTIPOLYGON (((580098.779292439 6570686.74321965,580099.035609054 6570686.51131414,580096.96066503 6570684.1800535,580096.8386095 6570683.88712023,580096.863020605 6570683.52095364,580097.03389835 6570683.25243147,580097.351242729 6570682.93508709,580098.4253314 6570682.19054835,580098.120192574 6570681.82438176,580096.704348416 6570682.9594982,580096.472442907 6570683.374487,580096.472442907 6570683.85050357,580096.631115097 6570684.14343685,580098.779292439 6570686.74321965)))",507,NV,Nedre Langgate 45B,"18",,32,Sivile konstruksjoner,Gjerde,2.11,0,0,1,0,0,0,"2",1200,1300,,,,,,1972–1973,Riksantikvaren,514,TG,,"C33543, C33968",RA sakarkiv. RAKV-S-6224-D-De-De07-0007-0055-0001.
"MULTIPOLYGON (((580096.892771294 6570688.66549156,580097.041524734 6570688.14485452,580097.10102611 6570688.0816343,580097.963796065 6570687.51637123,580098.752189298 6570687.11473694,580098.871192051 6570686.9659835,580098.960444115 6570686.6982273,580099.019945491 6570686.51972317,580099.629834597 6570686.02883682,580100.254599046 6570685.35944635,580100.254599047 6570685.12144083,580100.090970263 6570684.7346819,580099.451330469 6570683.70828316,580099.005070147 6570683.20252146,580098.588560514 6570682.62238304,580098.514183794 6570682.29512548,580097.547286432 6570681.2241007,580094.081331271 6570684.15826232,580093.724323015 6570683.74175268,580093.530943542 6570683.74175268,580093.352439413 6570683.66737596,580093.188810629 6570683.74175268,580093.11443391 6570683.90538146,580096.892771294 6570688.66549156)))",508,NV,Nedre Langgate 45B,1022A,,31,Sivile konstruksjoner,Bygning,26.06,0,0,1,0,0,0,"2",1200,1300,,,,,,1972–1973,Riksantikvaren,514,TG,,"C33543, C33968",RA sakarkiv. RAKV-S-6224-D-De-De07-0007-0055-0001.
"MULTIPOLYGON (((580096.652773063 6570689.28953669,580096.892771294 6570688.66549156,580096.204068003 6570687.79783387,580095.180569884 6570686.50838742,580093.463544163 6570684.34520541,580093.318681243 6570684.16270094,580093.11443391 6570683.90538146,580092.90495433 6570683.55735458,580092.143202554 6570683.88109908,580096.652773063 6570689.28953669)))",509,NV,Nedre Langgate 45B,"28",,14,Transport,Passasje,4.49,0,0,1,0,0,0,"2",1200,1300,,,,,,1972–1973,Riksantikvaren,514,TG,,"C33543, C33968",RA sakarkiv. RAKV-S-6224-D-De-De07-0007-0055-0001.
"MULTIPOLYGON (((580097.547286432 6570681.2241007,580094.081331271 6570684.15826232,580093.724323015 6570683.74175268,580093.530943542 6570683.74175268,580093.352439413 6570683.66737596,580093.188810629 6570683.74175268,580093.11443391 6570683.90538146,580096.892771294 6570688.66549156,580097.152190689 6570689.05632621,580097.380979684 6570688.98669477,580097.490400507 6570688.91706335,580097.68934746 6570688.83748457,580097.729136851 6570688.65843231,580097.669452765 6570688.44953801,580098.335925053 6570687.91238124,580098.624398133 6570687.54432938,580098.99896853 6570686.54342154,580100.046868837 6570685.30617617,580100.263476477 6570685.1113282,580100.365183962 6570684.89833491,580098.853187128 6570682.70494478,580097.547286432 6570681.2241007)))",510,NV,Nedre Langgate 45B,"5",,31,Sivile konstruksjoner,Bygning,27.55,0,0,1,0,0,0,"3",1250,1350,,,,,,1972–1973,Riksantikvaren,514,TG,,"C33543, C33968",RA sakarkiv. RAKV-S-6224-D-De-De07-0007-0055-0001.
"MULTIPOLYGON (((580096.49403529 6570689.40966257,580091.753226161 6570683.74966047,580090.348437223 6570684.99514345,580090.362919584 6570685.09651996,580090.817089193 6570685.35577423,580092.353906702 6570687.16214348,580092.231144047 6570687.94954493,580092.071838085 6570688.23919213,580092.057355725 6570688.51435697,580092.680097213 6570689.06468666,580093.027673857 6570689.31088678,580093.071120937 6570689.52812219,580093.346285781 6570689.80328703,580094.186262672 6570690.10741659,580095.272439686 6570691.03428764,580095.663463411 6570690.78808751,580095.706910491 6570690.29568727,580096.49403529 6570689.40966257)))",511,NV,Nedre Langgate 45B,7/7B/7C,,31,Sivile konstruksjoner,Bygning,16.46,0,0,1,1,0,0,"3",1250,1350,,,,,,1972–1973,Riksantikvaren,514,TG,,"C33543, C33968",RA sakarkiv. RAKV-S-6224-D-De-De07-0007-0055-0001.
"MULTIPOLYGON (((580096.49403529 6570689.40966257,580096.605307364 6570689.23260992,580096.697188154 6570689.17404824,580096.829104309 6570689.08587507,580096.957567976 6570689.04183039,580097.152190689 6570689.05632621,580092.90495433 6570683.55735458,580092.467577936 6570683.03266331,580092.248660639 6570683.30919042,580091.753226161 6570683.74966047,580096.49403529 6570689.40966257)))",512,NV,Nedre Langgate 45B,"28",,14,Transport,Passasje,6.54,0,0,1,1,0,0,"3",1250,1350,,,,,,1972–1973,Riksantikvaren,514,TG,,"C33543, C33968",RA sakarkiv. RAKV-S-6224-D-De-De07-0007-0055-0001.
"MULTIPOLYGON (((579955.051559528 6570889.50691288,579963.872217301 6570890.4976774,579965.295272787 6570882.54676667,579962.86559235 6570882.23549143,579966.112332636 6570868.74509462,579958.607686768 6570867.49146218,579955.051559528 6570889.50691288)))",513,NV,Nedre Langgate 55,42098-1,Kongsgården,22,Administrative og militære konstruksjoner,Kongsgård,171.67,0,0,1,1,1,1,,1254,1750,,,,,,"1960",Riksantikvaren,,,,,
"MULTIPOLYGON (((580249.068207765 6570495.23880876,580248.549714907 6570495.93730882,580248.570433035 6570496.31615458,580248.068758385 6570497.06718669,580247.962839045 6570497.01900982,580247.123482129 6570498.20898418,580244.626660923 6570501.59828616,580244.039028665 6570502.61775078,580245.073394179 6570503.77890237,580250.40505483 6570496.49701777,580249.068207765 6570495.23880876)))",514,SV,Nedre Langgate K25–26,,,15,Transport,Brygge,14.76,0,0,1,1,0,0,"1",1250,1350,,,,,,"1976",Riksantikvaren,450,TL,,C34986,TL10PY-4
"MULTIPOLYGON (((580244.997670234 6570503.85054623,580243.967085139 6570502.70671002,580242.653372273 6570504.26957533,580242.61939694 6570504.47342733,580241.452910516 6570506.22881952,580239.323789663 6570508.84492013,580239.189228659 6570508.98540926,580240.334555812 6570509.9689374,580242.055972672 6570507.88511699,580242.27114978 6570507.477413,580242.973306657 6570506.41285256,580244.015216862 6570505.11895865,580243.969916418 6570504.81318066,580244.997670234 6570503.85054623)))",515,SV,Nedre Langgate K25–26,,,15,Transport,Brygge,11.39,0,0,1,1,0,0,"1",1250,1350,,,,,,"1976",Riksantikvaren,450,TL,,C34986,TL20PL-2
"MULTIPOLYGON (((580240.312512242 6570509.99921381,580239.158504413 6570509.01272325,580238.851389425 6570509.3012252,580236.413082558 6570512.63295748,580237.688075079 6570513.51707639,580238.888615483 6570512.01872751,580239.195730471 6570511.63716041,580239.782040901 6570510.70650892,580240.312512242 6570509.99921381)))",516,SV,Nedre Langgate K25–26,,,15,Transport,Brygge,7.15,0,0,1,1,0,0,"1",1250,1350,,,,,,"1976",Riksantikvaren,450,TL,,C34986,TL20PL-1
"MULTIPOLYGON (((580225.48841262 6570527.56297077,580226.997822203 6570526.20567224,580227.360548535 6570525.60892892,580229.794325226 6570522.54330635,580228.214710547 6570521.10410187,580227.114830697 6570522.54330635,580226.927617104 6570522.84752845,580226.553189922 6570523.17515223,580226.272369534 6570523.66658791,580225.207592233 6570524.9653822,580224.493840416 6570525.42171532,580223.815191146 6570526.42798838,580223.315326888 6570527.19975806,580223.429483122 6570527.54222676,580223.895621076 6570528.14154698,580223.743412763 6570528.35083342,580223.838542959 6570528.50304173,580224.16198562 6570528.91210156,580224.504454321 6570528.57914589,580224.980105295 6570528.95015364,580225.341600032 6570528.55060683,580224.932540196 6570528.15106001,580225.48841262 6570527.56297077)))",517,SV,Nedre Langgate K26–27,,,15,Transport,Brygge,17.4,0,0,0,1,1,1,"2",1350,1600,,,,,,"1976",Riksantikvaren,450,TL,,C34986,TL162PL
"MULTIPOLYGON (((580224.675688671 6570529.28310932,580224.16198562 6570528.91210156,580223.743412763 6570528.35083342,580223.039449323 6570527.65638299,580221.954965104 6570529.32116141,580223.410457082 6570530.69103621,580224.675688671 6570529.28310932)))",518,SV,Nedre Langgate K26–27,,,14,Transport,Passasje,4.08,0,0,0,1,1,1,"2",1350,1600,,,,,,"1976",Riksantikvaren,450,TL,,C34986,TL163PL
"MULTIPOLYGON (((580223.410457082 6570530.69103621,580221.954965104 6570529.32116141,580217.936393773 6570534.69403144,580219.475157251 6570535.78242512,580220.422810369 6570534.66588333,580221.736388946 6570532.79872521,580223.410457082 6570530.69103621)))",519,SV,Nedre Langgate K26–27,,,15,Transport,Brygge,12.77,0,0,0,1,1,1,"2",1350,1600,,,,,,"1976",Riksantikvaren,450,TL,,C34986,TL163PL/TL164PL
"MULTIPOLYGON (((580219.475157251 6570535.78242512,580217.936393773 6570534.69403144,580217.443457346 6570535.62143704,580215.556235705 6570538.21409736,580211.613957983 6570543.81455377,580211.310535045 6570544.20173132,580212.517015505 6570545.03313425,580213.345117638 6570543.84647243,580213.737825866 6570543.41961566,580214.062237011 6570543.03544457,580214.267128261 6570542.53175358,580214.668373624 6570542.24149097,580215.159258909 6570541.63322007,580215.901989688 6570540.56607816,580215.978823907 6570540.3611869,580217.01181729 6570538.9610967,580219.475157251 6570535.78242512)))",520,SV,Nedre Langgate K26–27,,,15,Transport,Brygge,18.56,0,0,0,1,1,1,"2",1350,1600,,,,,,"1976",Riksantikvaren,450,TL,,C34986,TL164PL/TL165PL
"MULTIPOLYGON (((580212.517015505 6570545.03313425,580211.310535045 6570544.20173132,580210.987311158 6570545.01466501,580210.391218462 6570545.58144167,580207.53779113 6570549.69545847,580208.55990337 6570550.3566116,580208.848717745 6570549.86150123,580209.224176429 6570549.31687985,580209.389213214 6570549.06107284,580209.777049659 6570548.52470329,580209.791490376 6570548.46590893,580210.014290037 6570548.20185008,580210.282474812 6570547.80576179,580210.439259758 6570547.58708805,580210.96118859 6570547.00842783,580211.171610491 6570546.76912448,580211.408850869 6570546.3885084,580211.50787294 6570546.26473081,580211.677035645 6570546.12032363,580212.517015505 6570545.03313425)))",521,SV,Nedre Langgate K26–27,,,15,Transport,Brygge,8.2,0,0,0,1,1,1,"2",1350,1600,,,,,,"1976",Riksantikvaren,450,TL,,C34986,TL166PL
"MULTIPOLYGON (((580219.475157251 6570535.78242512,580222.428415239 6570531.98549739,580223.510270156 6570530.88019503,580221.87201037 6570529.57830798,580220.171459339 6570531.84570935,580218.091979475 6570534.58562464,580219.475157251 6570535.78242512)))",522,SV,Nedre Langgate K26–27,,,15,Transport,Brygge,11.93,0,0,1,1,0,0,"1",1250,1350,,,,,,"1976",Riksantikvaren,450,TL,,C34986,TL145PL/TL146PL
"MULTIPOLYGON (((580217.479061156 6570535.5544524,580215.921499643 6570537.82108744,580214.950001578 6570539.26912603,580214.13044397 6570540.50306669,580214.029150334 6570540.75169654,580213.270626365 6570541.46106684,580211.800690321 6570543.89179928,580212.979379914 6570544.64689729,580214.925445545 6570542.06544431,580215.787976211 6570541.04636893,580216.404946546 6570540.07026661,580217.071856263 6570539.04949173,580217.155610681 6570538.96573731,580217.270773006 6570538.79822846,580217.569148119 6570538.4422722,580217.71571835 6570538.17007034,580218.235523955 6570537.3820367,580218.84141245 6570536.60020366,580217.479061156 6570535.5544524)))",523,SV,Nedre Langgate K26–27,,,15,Transport,Brygge,16.29,0,0,1,1,0,0,"1",1250,1350,,,,,,"1976",Riksantikvaren,450,TL,,C34986,TL146PL/TL147PL
"MULTIPOLYGON (((580225.136237471 6570528.97574752,580223.21293733 6570527.28585759,580221.775130427 6570529.47991358,580223.530375217 6570530.88037485,580224.35197916 6570530.00275245,580225.136237471 6570528.97574752)))",524,SV,Nedre Langgate K26–27,,,14,Transport,Passasje,6.2,0,0,1,1,0,0,"1",1250,1350,,,,,,"1976",Riksantikvaren,450,TL,,C34986,TL145PL
"MULTIPOLYGON (((580212.517015505 6570545.03313425,580211.310535045 6570544.20173132,580210.628928861 6570545.51067526,580209.899624372 6570546.59078444,580210.686124237 6570547.31339048,580211.468192645 6570546.42228897,580211.824190925 6570545.99872898,580212.180189206 6570545.62454101,580212.823610624 6570544.78421616,580212.73993584 6570544.71369171,580212.517015505 6570545.03313425)))",525,SV,Nedre Langgate K26–27,,,15,Transport,Brygge,3.69,0,0,1,1,0,0,"1",1250,1350,,,,,,"1976",Riksantikvaren,450,TL,,C34986,TL148PL
"MULTIPOLYGON (((580208.56014245 6570548.22145196,580201.186221875 6570558.89556677,580202.760683498 6570559.94766834,580208.55990337 6570550.3566116,580209.544022099 6570548.84697543,580208.56014245 6570548.22145196)))",526,SV,Nedre Langgate K26–27,,,15,Transport,Brygge,19.54,0,0,1,1,0,0,"1",1250,1350,,,,,,"1976",Riksantikvaren,450,TL,,C34986,"Lindh, Jan. 1992. Arkeologi i Tønsberg: Søndre bydel.  Side 52."
"MULTIPOLYGON (((580195.876759401 6570565.85780085,580195.207901413 6570566.69483796,580195.384846731 6570567.39610887,580195.975930877 6570568.24742537,580194.293550205 6570570.79176527,580193.065836574 6570570.81773444,580189.447472567 6570576.68833934,580191.357330801 6570577.94070539,580198.214034953 6570567.45213969,580195.876759401 6570565.85780085)))",527,SV,Nedre Langgate K26–27,,,15,Transport,Brygge,27.21,0,0,1,1,0,0,"1",1250,1350,,,,,,"1976",Riksantikvaren,450,TL,,C34986,"Lindh, Jan. 1992. Arkeologi i Tønsberg: Søndre bydel.  Side 52."
"MULTIPOLYGON (((580169.232730116 6570601.53223294,580170.698466829 6570602.90208033,580175.109375442 6570598.09391597,580177.862768708 6570594.87477459,580177.753180915 6570594.55970969,580176.616207577 6570593.31314856,580172.675231153 6570597.59114343,580172.2131963 6570598.04935032,580171.464728992 6570598.84030702,580169.232730116 6570601.53223294)))",528,SV,Nedre Langgate K27–28,3 (øvre),,31,Sivile konstruksjoner,Bygning,22.93,0,1,1,0,0,0,Eldre/2,1175,1325,,,,,,"1976",Riksantikvaren,450,TL,,C34986,"Lindh, Jan. 1992. Arkeologi i Tønsberg: Søndre bydel.  Side 52."
"MULTIPOLYGON (((580169.232730116 6570601.53223294,580170.698466829 6570602.90208033,580175.109375442 6570598.09391597,580177.862768708 6570594.87477459,580177.753180915 6570594.55970969,580176.616207577 6570593.31314856,580172.675231153 6570597.59114343,580172.284579328 6570597.97433298,580172.103284385 6570598.16485816,580171.464728992 6570598.84030702,580169.232730116 6570601.53223294)))",529,SV,Nedre Langgate K27–28,3 (nedre),,15,Transport,Brygge,22.93,0,1,1,0,0,0,Eldre/3,1175,1325,,,,,,"1976",Riksantikvaren,450,TL,,C34986,"Lindh, Jan. 1992. Arkeologi i Tønsberg: Søndre bydel.  Side 52."
"MULTIPOLYGON (((580169.232730116 6570601.53223294,580170.698466829 6570602.90208033,580175.109375442 6570598.09391597,580177.862768708 6570594.87477459,580177.753180915 6570594.55970969,580176.616207577 6570593.31314856,580174.10612585 6570596.03788365,580173.465651855 6570596.73312873,580171.492978318 6570598.80623662,580169.232730116 6570601.53223294)))",530,SV,Nedre Langgate K27–28,"2",,31,Sivile konstruksjoner,Bygning,22.95,0,0,0,1,1,1,Yngre/1,1325,1600,,,,,,"1976",Riksantikvaren,450,TL,,C34986,"Lindh, Jan. 1992. Arkeologi i Tønsberg: Søndre bydel.  Side 52."
"MULTIPOLYGON (((580187.0080817 6570584.81881578,580186.869308246 6570584.6106556,580187.11216179 6570584.26372197,580187.434562786 6570583.81134575,580189.388697808 6570581.58930513,580189.86147241 6570580.80134746,580189.404456962 6570580.18674047,580189.183828814 6570580.18674047,580188.978959819 6570580.02914894,580188.222520456 6570580.56496015,580185.729677651 6570583.60206695,580187.0080817 6570584.81881578)))",531,SV,Nedre Langgate K27–28,6A/6B/6C,,31,Sivile konstruksjoner,Bygning,7.25,0,0,0,1,1,1,Yngre/1,1325,1600,,,,,,"1976",Riksantikvaren,450,TL,,C34986,"Lindh, Jan. 1992. Arkeologi i Tønsberg: Søndre bydel.  Side 52."
"MULTIPOLYGON (((580186.471912179 6570582.69777988,580186.779855233 6570583.01881693,580189.600629208 6570580.45055832,580189.404456962 6570580.18674047,580189.183828814 6570580.18674047,580188.978959819 6570580.02914894,580188.222520456 6570580.56496015,580186.471912179 6570582.69777988)))",532,SV,Nedre Langgate K27–28,"8",,31,Sivile konstruksjoner,Bygning,2.57,0,0,0,1,1,1,Yngre/2,1325,1600,,,,,,"1976",Riksantikvaren,450,TL,,C34986,"Lindh, Jan. 1992. Arkeologi i Tønsberg: Søndre bydel.  Side 52."
"MULTIPOLYGON (((580186.471912179 6570582.69777988,580186.985120784 6570583.80686408,580187.842010961 6570583.34803775,580189.388697808 6570581.58930513,580189.86147241 6570580.80134746,580189.600629208 6570580.45055832,580189.404456962 6570580.18674047,580189.183828814 6570580.18674047,580188.978959819 6570580.02914894,580188.222520456 6570580.56496015,580186.471912179 6570582.69777988)))",533,SV,Nedre Langgate K27–28,"10",,15,Transport,Brygge,5.75,0,1,1,0,0,0,Eldre/3,1175,1325,,,,,,"1976",Riksantikvaren,450,TL,,C34986,"Lindh, Jan. 1992. Arkeologi i Tønsberg: Søndre bydel.  Side 52."
"MULTIPOLYGON (((580183.764252224 6570588.61773906,580187.0080817 6570584.81881578,580186.869308246 6570584.6106556,580187.11216179 6570584.26372197,580186.140747615 6570583.13618766,580182.497944461 6570587.2646979,580180.607726338 6570589.39748181,580181.740673209 6570590.81043457,580183.764252224 6570588.61773906)))",534,SV,Nedre Langgate K27–28,"5",,15,Transport,Brygge,15.04,0,1,1,0,0,0,Eldre/3,1175,1325,,,,,,"1976",Riksantikvaren,450,TL,,C34986,"Lindh, Jan. 1992. Arkeologi i Tønsberg: Søndre bydel.  Side 52."
"MULTIPOLYGON (((580182.497944461 6570587.2646979,580183.764252224 6570588.61773906,580187.0080817 6570584.81881578,580186.869308246 6570584.6106556,580187.11216179 6570584.26372197,580186.140747615 6570583.13618766,580182.497944461 6570587.2646979)))",535,SV,Nedre Langgate K27–28,4A,,31,Sivile konstruksjoner,Bygning,9.74,0,0,0,1,1,1,Yngre/2,1325,1600,,,,,,"1976",Riksantikvaren,450,TL,,C34986,"Lindh, Jan. 1992. Arkeologi i Tønsberg: Søndre bydel.  Side 52."
"MULTIPOLYGON (((580182.081624101 6570590.3003672,580183.640771192 6570588.72416315,580182.37162371 6570587.34925337,580180.832663019 6570588.98201938,580182.081624101 6570590.3003672)))",536,SV,Nedre Langgate K27–28,4B,,14,Transport,Passasje,4.11,0,0,0,1,1,1,Yngre/2,1325,1600,,,,,,"1976",Riksantikvaren,450,TL,,C34986,"Lindh, Jan. 1992. Arkeologi i Tønsberg: Søndre bydel.  Side 52."
"MULTIPOLYGON (((580129.25658017 6570632.60762004,580129.566647417 6570632.42439848,580130.116312082 6570631.6774183,580130.116312082 6570631.49419675,580129.933090528 6570631.08547173,580130.045842253 6570630.67674673,580130.172687945 6570629.91567258,580128.509599985 6570631.22641139,580128.439130154 6570631.63513641,580129.25658017 6570632.60762004)))",537,SV,Nedre Langgate K29–30,"7",,31,Sivile konstruksjoner,Bygning,2.49,0,0,0,1,1,1,Yngre (øvre)/1,1325,1600,,,,,,"1976",Riksantikvaren,450,TL,,C34986,"Lindh, Jan. 1992. Arkeologi i Tønsberg: Søndre bydel.  Side 52."
"MULTIPOLYGON (((580139.226960737 6570623.30060827,580138.948079026 6570622.92876599,580138.669197316 6570623.06820684,580138.041713467 6570622.7196047,580137.274788763 6570623.11468712,580136.879706339 6570622.97524626,580136.298702774 6570623.67245055,580135.833899924 6570624.50909568,580135.322616787 6570625.0668591,580134.671892796 6570625.48518167,580134.393011086 6570625.69434295,580134.183849802 6570625.97322466,580133.695806808 6570626.36830708,580133.277484242 6570626.83310993,580134.300050515 6570628.1810382,580135.4388175 6570627.0887515,580136.019821064 6570626.74014936,580136.461383773 6570626.1591458,580139.110760025 6570624.16049353,580139.226960738 6570623.78865126,580139.226960737 6570623.30060827)))",538,SV,Nedre Langgate K29–30,"45717",,31,Sivile konstruksjoner,Bygning,12.15,0,0,0,1,1,1,Yngre (øvre) + Yngre (nedre)/1,1325,1600,,,,,,"1976",Riksantikvaren,450,TL,,C34986,"Lindh, Jan. 1992. Arkeologi i Tønsberg: Søndre bydel.  Side 52."
"MULTIPOLYGON (((580141.397831644 6570621.23311956,580144.629754982 6570618.12444753,580143.794384968 6570617.28907752,580140.672018352 6570620.32927659,580141.397831644 6570621.23311956)))",539,SV,Nedre Langgate K29–30,"6",,31,Sivile konstruksjoner,Bygning,5.17,0,0,0,1,1,1,Yngre (øvre)/1,1325,1600,,,,,,"1976",Riksantikvaren,450,TL,,C34986,"Lindh, Jan. 1992. Arkeologi i Tønsberg: Søndre bydel.  Side 52."
"MULTIPOLYGON (((580144.629754982 6570618.12444753,580149.018871213 6570613.81749884,580147.854831028 6570613.55730163,580147.375520364 6570613.1464639,580147.101628554 6570613.7353313,580145.239164257 6570615.50193347,580144.650296868 6570616.47424939,580143.794384968 6570617.28907752,580144.629754982 6570618.12444753)))",540,SV,Nedre Langgate K29–30,8/9/12/22,,31,Sivile konstruksjoner,Bygning,7.79,0,0,0,1,1,1,Yngre (nedre)/1–2,1325,1600,,,,,,"1976",Riksantikvaren,450,TL,,C34986,"Lindh, Jan. 1992. Arkeologi i Tønsberg: Søndre bydel.  Side 52."
"MULTIPOLYGON (((580149.018871213 6570613.81749884,580149.439932144 6570613.45541983,580148.383839322 6570612.24234025,580147.784435288 6570612.69902904,580149.018871213 6570613.81749884)))",541,SV,Nedre Langgate K29–30,"13",,36,Sivile konstruksjoner,Vannhåndtering,1.06,0,0,0,1,1,1,Yngre (øvre)/1,1325,1600,,,,,,"1976",Riksantikvaren,450,TL,,C34986,"Lindh, Jan. 1992. Arkeologi i Tønsberg: Søndre bydel.  Side 52."
"MULTIPOLYGON (((580124.828687956 6570637.18539739,580127.269118664 6570635.20165547,580127.254847139 6570635.07321175,580126.769615303 6570635.25874157,580125.128389974 6570636.42900657,580124.657429661 6570636.00086084,580124.357727644 6570636.20066219,580124.828687956 6570637.18539739)))",542,SV,Nedre Langgate K29–30,"14",,31,Sivile konstruksjoner,Bygning,1.34,0,0,0,1,1,1,Yngre (øvre)/1,1325,1600,,,,,,"1976",Riksantikvaren,450,TL,,C34986,"Lindh, Jan. 1992. Arkeologi i Tønsberg: Søndre bydel.  Side 52."
"MULTIPOLYGON (((580139.226960737 6570623.30060827,580139.883611242 6570622.63814463,580139.188256545 6570621.63171019,580138.456304232 6570622.25386965,580139.226960737 6570623.30060827)))",543,SV,Nedre Langgate K29–30,"16",,36,Sivile konstruksjoner,Vannhåndtering,1.18,0,0,0,1,1,1,Yngre (øvre)/2,1325,1600,,,,,,"1976",Riksantikvaren,450,TL,,C34986,"Lindh, Jan. 1992. Arkeologi i Tønsberg: Søndre bydel.  Side 52."
"MULTIPOLYGON (((580149.018871213 6570613.81749884,580149.439932144 6570613.45541983,580148.383839322 6570612.24234025,580147.784435288 6570612.69902904,580149.018871213 6570613.81749884)))",544,SV,Nedre Langgate K29–30,"17",,36,Sivile konstruksjoner,Vannhåndtering,1.06,0,0,0,1,1,1,Yngre (nedre)/2,1325,1600,,,,,,"1976",Riksantikvaren,450,TL,,C34986,"Lindh, Jan. 1992. Arkeologi i Tønsberg: Søndre bydel.  Side 52."
"MULTIPOLYGON (((580150.755844384 6570611.92858587,580152.100508805 6570610.56339222,580152.418711837 6570610.06042613,580152.100508805 6570610.16307228,580151.864422685 6570610.07069075,580151.207487395 6570609.41375547,580149.985998342 6570610.40942301,580149.544619945 6570610.94318294,580149.862822975 6570611.36403211,580149.729382995 6570611.53853054,580150.119438324 6570611.8875274,580150.252878304 6570611.8054105,580150.755844384 6570611.92858587)))",545,SV,Nedre Langgate K29–30,"18",,31,Sivile konstruksjoner,Bygning,3.72,0,0,0,1,1,1,Yngre (nedre)/2,1325,1600,,,,,,"1976",Riksantikvaren,450,TL,,C34986,"Lindh, Jan. 1992. Arkeologi i Tønsberg: Søndre bydel.  Side 52."
"MULTIPOLYGON (((580143.465350607 6570617.14725146,580144.231416862 6570618.09717361,580148.643958488 6570613.95530872,580148.767272456 6570613.67587234,580147.678819117 6570612.67416655,580147.016442736 6570613.16814215,580146.54492057 6570613.76315822,580146.331612923 6570614.17854679,580144.670058616 6570616.09831562,580143.917868491 6570616.65965154,580143.465350607 6570617.14725146)))",546,SV,Nedre Langgate K29–30,8/19/22,,31,Sivile konstruksjoner,Bygning,8.57,0,0,0,1,1,1,Yngre (nedre)/2,1325,1600,,,,,,"1976",Riksantikvaren,450,TL,,C34986,"Lindh, Jan. 1992. Arkeologi i Tønsberg: Søndre bydel.  Side 52."
"MULTIPOLYGON (((580123.765909178 6570635.30161724,580124.203751191 6570635.63841879,580128.638304912 6570632.92155297,580127.504406367 6570631.73152083,580127.313552154 6570632.203043,580126.718536086 6570632.55107125,580123.765909178 6570635.30161724)))",547,SV,Nedre Langgate K29–30,21/47,,31,Sivile konstruksjoner,Bygning,5.36,0,0,0,1,1,1,Yngre (nedre)/2–3,1325,1600,,,,,,"1976",Riksantikvaren,450,TL,,C34986,"Lindh, Jan. 1992. Arkeologi i Tønsberg: Søndre bydel.  Side 52."
"MULTIPOLYGON (((580127.972424302 6570631.29007853,580128.828386875 6570632.45730021,580129.460631956 6570631.26089799,580129.022923823 6570630.49247705,580127.972424302 6570631.29007853)))",548,SV,Nedre Langgate K29–30,"24",,31,Sivile konstruksjoner,Bygning,1.46,0,0,0,1,1,1,Yngre (nedre)/2–3,1325,1600,,,,,,"1976",Riksantikvaren,450,TL,,C34986,"Lindh, Jan. 1992. Arkeologi i Tønsberg: Søndre bydel.  Side 52."
"MULTIPOLYGON (((580137.430055356 6570622.52395524,580136.695565056 6570623.09172075,580137.637334829 6570624.29934897,580138.394355506 6570623.65498018,580137.430055356 6570622.52395524)))",549,SV,Nedre Langgate K29–30,"26",,35,Sivile konstruksjoner,Brønn,1.45,0,0,0,1,1,1,Yngre (nedre)/3,1325,1600,,,,,,"1976",Riksantikvaren,450,TL,,C34986,"Lindh, Jan. 1992. Arkeologi i Tønsberg: Søndre bydel.  Side 52."
"MULTIPOLYGON (((580149.222601654 6570613.20578346,580149.760090058 6570612.796072,580148.789298852 6570611.63585812,580148.256547581 6570612.13309265,580149.222601654 6570613.20578346)))",550,SV,Nedre Langgate K29–30,"27",,36,Sivile konstruksjoner,Vannhåndtering,1.04,0,0,0,1,1,1,Yngre (nedre)/3,1325,1600,,,,,,"1976",Riksantikvaren,450,TL,,C34986,"Lindh, Jan. 1992. Arkeologi i Tønsberg: Søndre bydel.  Side 52."
"MULTIPOLYGON (((580143.299001032 6570618.9611881,580143.737040967 6570618.57050384,580143.026705938 6570617.68258505,580142.718894093 6570618.03775257,580143.299001032 6570618.9611881)))",551,SV,Nedre Langgate K29–30,"28",,36,Sivile konstruksjoner,Vannhåndtering,0.58,0,1,1,1,0,0,Eldre (øvre)/3,1175,1325,,,,,,"1976",Riksantikvaren,450,TL,,C34986,"Lindh, Jan. 1992. Arkeologi i Tønsberg: Søndre bydel.  Side 52."
"MULTIPOLYGON (((580137.770367012 6570622.32604763,580137.580162427 6570622.41787053,580138.524626569 6570623.50006903,580138.701713596 6570623.29674689,580137.770367012 6570622.32604763)))",552,SV,Nedre Langgate K29–30,"42",,32,Sivile konstruksjoner,Gjerde,0.33,0,0,0,1,1,1,Yngre (nedre)/2,1325,1600,,,,,,"1976",Riksantikvaren,450,TL,,C34986,"Lindh, Jan. 1992. Arkeologi i Tønsberg: Søndre bydel.  Side 52."
"MULTIPOLYGON (((580138.701713596 6570623.29674689,580138.859124288 6570623.13277741,580138.137658623 6570622.02434381,580137.901542588 6570622.2407835,580138.701713596 6570623.29674689)))",553,SV,Nedre Langgate K29–30,"16",,36,Sivile konstruksjoner,Vannhåndtering,0.36,0,0,0,1,1,1,Yngre (nedre)/2,1325,1600,,,,,,"1976",Riksantikvaren,450,TL,,C34986,"Lindh, Jan. 1992. Arkeologi i Tønsberg: Søndre bydel.  Side 52."
"MULTIPOLYGON (((580138.20324641 6570621.9653148,580138.969121568 6570623.00235282,580139.263827962 6570622.69551146,580138.490681035 6570621.72037119,580138.20324641 6570621.9653148)))",554,SV,Nedre Langgate K29–30,"31",,32,Sivile konstruksjoner,Gjerde,0.51,0,0,0,1,1,1,Yngre (nedre)/2,1325,1600,,,,,,"1976",Riksantikvaren,450,TL,,C34986,"Lindh, Jan. 1992. Arkeologi i Tønsberg: Søndre bydel.  Side 52."
"MULTIPOLYGON (((580138.588607527 6570624.09871082,580140.636988067 6570621.47407271,580144.863783246 6570617.6382927,580148.767272456 6570613.67587234,580147.772547838 6570612.76042528,580147.375520364 6570613.1464639,580147.01104256 6570613.73748612,580142.718894093 6570618.03775257,580137.703283884 6570622.7174373,580138.588607527 6570624.09871082)))",555,SV,Nedre Langgate K29–30,"29",,15,Transport,Brygge,17.6,0,1,1,1,0,0,Eldre (øvre)/4,1175,1325,,,,,,"1976",Riksantikvaren,450,TL,,C34986,"Lindh, Jan. 1992. Arkeologi i Tønsberg: Søndre bydel.  Side 52."
"MULTIPOLYGON (((580124.102903091 6570637.35078704,580128.793291096 6570633.31318501,580127.504406367 6570631.73152083,580122.966571976 6570635.85179707,580124.102903091 6570637.35078704)))",556,SV,Nedre Langgate K29–30,"32",,15,Transport,Brygge,12.06,0,1,1,0,0,0,Eldre (øvre)/4,1175,1325,,,,,,"1976",Riksantikvaren,450,TL,,C34986,"Lindh, Jan. 1992. Arkeologi i Tønsberg: Søndre bydel.  Side 52."
"MULTIPOLYGON (((580138.340169971 6570624.49608902,580137.274788763 6570623.11468712,580133.277484242 6570626.83310993,580134.08305653 6570628.21114765,580138.340169971 6570624.49608902)))",557,SV,Nedre Langgate K29–30,"36",,15,Transport,Brygge,9.18,0,1,1,1,0,0,Eldre (nedre)/4,1175,1325,,,,,,"1976",Riksantikvaren,450,TL,,C34986,"Lindh, Jan. 1992. Arkeologi i Tønsberg: Søndre bydel.  Side 52."
"MULTIPOLYGON (((580137.287480362 6570625.21430098,580138.014614931 6570624.60300571,580136.824856391 6570623.04106621,580136.032474852 6570623.68296398,580137.287480362 6570625.21430098)))",558,SV,Nedre Langgate K29–30,"40",,14,Transport,Passasje,1.94,0,0,0,1,1,1,Yngre (nedre)/3,1325,1600,,,,,,"1976",Riksantikvaren,450,TL,,C34986,"Lindh, Jan. 1992. Arkeologi i Tønsberg: Søndre bydel.  Side 52."
"MULTIPOLYGON (((580124.157439441 6570637.51165692,580129.128330139 6570633.02768413,580127.9056252 6570633.02768413,580123.404339762 6570636.68065038,580124.157439441 6570637.51165692)))",559,SV,Nedre Langgate K29–30,"43",,31,Sivile konstruksjoner,Bygning,5.99,0,0,0,1,1,1,Yngre (nedre)/2–3,1325,1600,,,,,,"1976",Riksantikvaren,450,TL,,C34986,"Lindh, Jan. 1992. Arkeologi i Tønsberg: Søndre bydel.  Side 52."
"MULTIPOLYGON (((580133.164674218 6570628.89873537,580136.789052653 6570625.84970383,580135.748001821 6570624.01135882,580132.082469412 6570627.53725189,580133.164674218 6570628.89873537)))",560,SV,Nedre Langgate K29–30,"25",,31,Sivile konstruksjoner,Bygning,9.33,0,0,0,1,1,1,Yngre (nedre)/1–3,1325,1600,,,,,,"1976",Riksantikvaren,450,TL,,C34986,"Lindh, Jan. 1992. Arkeologi i Tønsberg: Søndre bydel.  Side 52."
"MULTIPOLYGON (((580133.164674218 6570628.89873537,580132.082469412 6570627.53725189,580130.249703208 6570629.35256319,580131.366817846 6570630.38240325,580133.164674218 6570628.89873537)))",561,SV,Nedre Langgate K29–30,"30",,31,Sivile konstruksjoner,Bygning,3.99,0,0,0,1,1,1,Yngre (nedre)/2–3,1325,1600,,,,,,"1976",Riksantikvaren,450,TL,,C34986,"Lindh, Jan. 1992. Arkeologi i Tønsberg: Søndre bydel.  Side 52."
"MULTIPOLYGON (((580124.61531084 6570636.73924524,580123.658389685 6570635.22363839,580122.654150669 6570636.00419803,580123.850257798 6570637.468819,580124.61531084 6570636.73924524)))",562,SV,Nedre Langgate K29–30,"50",,15,Transport,Brygge,2.13,0,1,1,0,0,0,Eldre (nedre)/4,1175,1325,,,,,,"1976",Riksantikvaren,450,TL,,C34986,"Lindh, Jan. 1992. Arkeologi i Tønsberg: Søndre bydel.  Side 52."
"MULTIPOLYGON (((580138.516315291 6570624.38642181,580145.402907244 6570617.36576926,580144.584572087 6570616.39023039,580137.462760653 6570623.01785312,580138.516315291 6570624.38642181)))",563,SV,Nedre Langgate K29–30,"22",,15,Transport,Brygge,14.61,0,0,0,1,1,1,Yngre (nedre)/4,1325,1600,,,,,,"1976",Riksantikvaren,450,TL,,C34986,"Lindh, Jan. 1992. Arkeologi i Tønsberg: Søndre bydel.  Side 52."
"MULTIPOLYGON (((580152.983338754 6570609.52348209,580152.024129641 6570608.85121587,580151.819170429 6570609.09716693,580151.59781448 6570609.01518325,580129.230914858 6570630.65791747,580129.76735379 6570631.65758509,580130.928887308 6570631.12700805,580138.687592096 6570624.21181079,580144.828322005 6570620.44803595,580149.018871213 6570613.81749884,580152.983338754 6570609.52348209)))",564,SV,Nedre Langgate K29–30,"29",,15,Transport,Brygge,66.75,0,1,1,1,0,0,Eldre (nedre) + Eldre (øvre)/4,1175,1325,,,,,,"1976",Riksantikvaren,450,TL,,C34986,"Lindh, Jan. 1992. Arkeologi i Tønsberg: Søndre bydel.  Side 52."
"MULTIPOLYGON (((580137.01698423 6570625.44665388,580138.588607527 6570624.09871082,580137.703283884 6570622.7174373,580136.018480082 6570624.0901109,580137.01698423 6570625.44665388)))",565,SV,Nedre Langgate K29–30,"35",,14,Transport,Passasje,3.51,0,1,1,1,0,0,Eldre (øvre)/4,1175,1325,,,,,,"1976",Riksantikvaren,450,TL,,C34986,"Lindh, Jan. 1992. Arkeologi i Tønsberg: Søndre bydel.  Side 52."
"MULTIPOLYGON (((580128.966864082 6570633.17333397,580130.928887308 6570631.12700805,580129.76735379 6570631.65758509,580129.230914858 6570630.65791747,580128.649906732 6570631.11583066,580128.75610287 6570631.41741911,580128.711958968 6570631.67124655,580128.182232128 6570632.07957765,580128.966864082 6570633.17333397)))",566,SV,Nedre Langgate K29–30,"34",,14,Transport,Passasje,2.6,0,1,1,0,0,0,Eldre (øvre)/4,1175,1325,,,,,,"1976",Riksantikvaren,450,TL,,C34986,"Lindh, Jan. 1992. Arkeologi i Tønsberg: Søndre bydel.  Side 52."
"MULTIPOLYGON (((580128.966864082 6570633.17333397,580128.182232128 6570632.07957765,580125.309967556 6570633.86323586,580122.966571976 6570635.85179707,580124.102903091 6570637.35078704,580127.26139761 6570634.86433782,580128.966864082 6570633.17333397)))",567,SV,Nedre Langgate K29–30,"32",,15,Transport,Brygge,11.67,0,1,1,0,0,0,Eldre (øvre)/4,1175,1325,,,,,,"1976",Riksantikvaren,450,TL,,C34986,"Lindh, Jan. 1992. Arkeologi i Tønsberg: Søndre bydel.  Side 52."
"MULTIPOLYGON (((580125.239502078 6570636.34977882,580130.785873057 6570631.19233555,580130.033542335 6570629.62418839,580129.20623593 6570630.39706674,580128.8604265 6570630.94991252,580128.75610287 6570631.41741911,580127.626643903 6570632.42459444,580125.309967556 6570633.86323586,580124.003055821 6570634.91068741,580125.239502078 6570636.34977882)))",568,SV,Nedre Langgate K29–30,"32",,15,Transport,Brygge,12.03,0,1,1,0,0,0,Eldre (nedre)/4,1175,1325,,,,,,"1976",Riksantikvaren,450,TL,,C34986,"Lindh, Jan. 1992. Arkeologi i Tønsberg: Søndre bydel.  Side 52."
"MULTIPOLYGON (((580124.707606573 6570637.01538079,580123.619034524 6570635.51289379,580122.683751943 6570636.31143915,580123.963612318 6570637.74991469,580124.707606573 6570637.01538079)))",569,SV,Nedre Langgate K29–30,"50",,15,Transport,Brygge,2.14,0,1,1,0,0,0,Eldre (nedre)/4,1175,1325,,,,,,"1976",Riksantikvaren,450,TL,,C34986,"Lindh, Jan. 1992. Arkeologi i Tønsberg: Søndre bydel.  Side 52."
"MULTIPOLYGON (((580139.226960737 6570623.30060827,580139.883611242 6570622.63814463,580139.188256545 6570621.63171019,580138.456304232 6570622.25386965,580139.226960737 6570623.30060827)))",570,SV,Nedre Langgate K29–30,"15",,36,Sivile konstruksjoner,Vannhåndtering,1.18,0,0,0,1,1,1,Yngre (øvre)/1,1325,1600,,,,,,"1976",Riksantikvaren,450,TL,,C34986,"Lindh, Jan. 1992. Arkeologi i Tønsberg: Søndre bydel.  Side 52."
"MULTIPOLYGON (((580150.220488574 6570612.36831596,580151.578084442 6570611.09379253,580152.983338754 6570609.52348209,580152.024129641 6570608.85121587,580151.819170429 6570609.09716693,580151.59781448 6570609.01518325,580149.609619932 6570611.02915065,580150.252878304 6570611.8054105,580150.007330994 6570612.04857958,580150.220488574 6570612.36831596)))",571,SV,Nedre Langgate K29–30,"33",,15,Transport,Brygge,4.85,0,1,1,1,0,0,Eldre (nedre)/4,1175,1325,,,,,,"1976",Riksantikvaren,450,TL,,C34986,"Lindh, Jan. 1992. Arkeologi i Tønsberg: Søndre bydel.  Side 52."
"MULTIPOLYGON (((580119.301818243 6570642.31079752,580124.653540533 6570636.87678472,580123.559260536 6570635.30068799,580118.07734951 6570640.88477696,580119.301818243 6570642.31079752)))",572,SV,Nedre Langgate K30–31,"31",,15,Transport,Brygge,14.53,0,0,1,0,0,0,Eldre (nedre),1200,1300,,,,,,"1976",Riksantikvaren,450,TL,,C34986,"Lindh, Jan. 1992. Arkeologi i Tønsberg: Søndre bydel.  Side 52."
"MULTIPOLYGON (((580119.301818243 6570642.31079752,580118.07734951 6570640.88477696,580117.542089067 6570641.38835884,580118.819311856 6570642.82168663,580119.301818243 6570642.31079752)))",573,SV,Nedre Langgate K30–31,"30",,36,Sivile konstruksjoner,Vannhåndtering,1.36,0,0,0,1,1,1,Yngre (nedre),1300,1500,,,,,,"1976",Riksantikvaren,450,TL,,C34986,"Lindh, Jan. 1992. Arkeologi i Tønsberg: Søndre bydel.  Side 52."
"MULTIPOLYGON (((580117.769150895 6570643.87184759,580118.819311856 6570642.82168663,580117.542089067 6570641.38835884,580116.80413812 6570642.11211842,580117.017008585 6570642.32498887,580116.619650384 6570642.65139025,580117.769150895 6570643.87184759)))",574,SV,Nedre Langgate K30–31,"35",,14,Transport,Passasje,2.77,0,0,1,0,0,0,Eldre (nedre),1200,1300,,,,,,"1976",Riksantikvaren,450,TL,,C34986,"Lindh, Jan. 1992. Arkeologi i Tønsberg: Søndre bydel.  Side 52."
"MULTIPOLYGON (((580113.540197879 6570648.09111789,580117.769150895 6570643.87184759,580116.619650384 6570642.65139025,580112.468446922 6570646.83243363,580113.540197879 6570648.09111789)))",575,SV,Nedre Langgate K30–31,"37",,15,Transport,Brygge,9.87,0,0,1,0,0,0,Eldre (nedre),1200,1300,,,,,,"1976",Riksantikvaren,450,TL,,C34986,"Lindh, Jan. 1992. Arkeologi i Tønsberg: Søndre bydel.  Side 52."
"MULTIPOLYGON (((580112.95075258 6570648.55941761,580113.540197879 6570648.09111789,580112.468446922 6570646.83243363,580111.957181747 6570647.26546488,580112.95075258 6570648.55941761)))",576,SV,Nedre Langgate K30–31,"36",,36,Sivile konstruksjoner,Vannhåndtering,1.17,0,0,1,0,0,0,Eldre (nedre),1200,1300,,,,,,"1976",Riksantikvaren,450,TL,,C34986,"Lindh, Jan. 1992. Arkeologi i Tønsberg: Søndre bydel.  Side 52."
"MULTIPOLYGON (((580107.576191266 6570654.39937943,580108.033551047 6570653.75145308,580107.042604855 6570652.18880717,580106.54713176 6570652.64616694,580107.576191266 6570654.39937943)))",577,SV,Nedre Langgate K30–31,"32",,36,Sivile konstruksjoner,Vannhåndtering,1.35,0,0,1,0,0,0,Eldre (nedre),1200,1300,,,,,,"1976",Riksantikvaren,450,TL,,C34986,"Lindh, Jan. 1992. Arkeologi i Tønsberg: Søndre bydel.  Side 52."
"MULTIPOLYGON (((580095.566030439 6570665.73444926,580097.758896254 6570663.83120723,580101.048194978 6570660.58328334,580099.931074657 6570659.40410078,580099.496638977 6570660.2315973,580094.77990873 6570664.90695273,580095.566030439 6570665.73444926)))",578,SV,Nedre Langgate K30–31,"41",,15,Transport,Brygge,9.91,0,0,1,0,0,0,Eldre (nedre),1200,1300,,,,,,"1976",Riksantikvaren,450,TL,,C34986,"Lindh, Jan. 1992. Arkeologi i Tønsberg: Søndre bydel.  Side 52."
"MULTIPOLYGON (((580119.542848633 6570642.06606094,580118.289006917 6570640.66917444,580117.691155667 6570641.24811451,580118.941410154 6570642.69240608,580119.542848633 6570642.06606094)))",579,SV,Nedre Langgate K30–31,"30",,36,Sivile konstruksjoner,Vannhåndtering,1.61,0,0,1,0,0,0,Eldre (nedre) + Eldre (øvre),1200,1300,,,,,,"1976",Riksantikvaren,450,TL,,C34986,"Lindh, Jan. 1992. Arkeologi i Tønsberg: Søndre bydel.  Side 52."
"MULTIPOLYGON (((580118.941410154 6570642.69240608,580117.691155667 6570641.24811451,580112.468446922 6570646.83243363,580113.540197879 6570648.09111789,580118.941410154 6570642.69240608)))",580,SV,Nedre Langgate K30–31,"23",,31,Sivile konstruksjoner,Bygning,13.56,0,0,1,0,0,0,Eldre (øvre),1200,1300,,,,,,"1976",Riksantikvaren,450,TL,,C34986,"Lindh, Jan. 1992. Arkeologi i Tønsberg: Søndre bydel.  Side 52."
"MULTIPOLYGON (((580112.95075258 6570648.55941761,580111.957181747 6570647.26546488,580111.19082285 6570647.75839926,580108.410364939 6570650.5022722,580109.557977761 6570651.99647949,580112.95075258 6570648.55941761)))",581,SV,Nedre Langgate K30–31,25/26,,31,Sivile konstruksjoner,Bygning,8.78,0,0,1,0,0,0,Eldre (øvre),1200,1300,,,,,,"1976",Riksantikvaren,450,TL,,C34986,"Lindh, Jan. 1992. Arkeologi i Tønsberg: Søndre bydel.  Side 52."
"MULTIPOLYGON (((580109.557977761 6570651.99647949,580108.410364939 6570650.5022722,580107.730654661 6570651.28788633,580108.939884279 6570652.61264744,580109.557977761 6570651.99647949)))",582,SV,Nedre Langgate K30–31,"42",,36,Sivile konstruksjoner,Vannhåndtering,1.74,0,0,1,0,0,0,Eldre (øvre),1200,1300,,,,,,"1976",Riksantikvaren,450,TL,,C34986,"Lindh, Jan. 1992. Arkeologi i Tønsberg: Søndre bydel.  Side 52."
"MULTIPOLYGON (((580105.023366697 6570656.75252591,580106.224894214 6570655.47397741,580104.491921832 6570654.66525695,580103.190267021 6570655.88218868,580105.023366697 6570656.75252591)))",583,SV,Nedre Langgate K30–31,"39",,14,Transport,Passasje,3.28,0,0,1,0,0,0,Eldre (øvre),1200,1300,,,,,,"1976",Riksantikvaren,450,TL,,C34986,"Lindh, Jan. 1992. Arkeologi i Tønsberg: Søndre bydel.  Side 52."
"MULTIPOLYGON (((580125.073301674 6570636.83289804,580123.685097007 6570635.60407565,580120.137230196 6570639.13122602,580120.998375867 6570640.06219432,580120.858730623 6570640.20959763,580121.116818445 6570640.46788905,580121.277666356 6570640.63629143,580125.073301674 6570636.83289804)))",584,SV,Nedre Langgate K30–31,14/15/20,,31,Sivile konstruksjoner,Bygning,9.6,0,0,0,1,1,1,Yngre (nedre),1300,1500,,,,,,"1976",Riksantikvaren,450,TL,,C34986,"Lindh, Jan. 1992. Arkeologi i Tønsberg: Søndre bydel.  Side 52."
"MULTIPOLYGON (((580120.182539888 6570641.77099676,580118.818395119 6570640.12991892,580118.429141998 6570640.52642737,580119.706805559 6570642.20933769,580120.182539888 6570641.77099676)))",585,SV,Nedre Langgate K30–31,"29",,36,Sivile konstruksjoner,Vannhåndtering,1.27,0,0,0,1,1,0,Yngre (nedre),1300,1500,,,,,,"1976",Riksantikvaren,450,TL,,C34986,"Lindh, Jan. 1992. Arkeologi i Tønsberg: Søndre bydel.  Side 52."
"MULTIPOLYGON (((580120.182539888 6570641.77099676,580121.277666356 6570640.63629143,580120.858730623 6570640.20959763,580120.998375867 6570640.06219432,580120.137230196 6570639.13122602,580118.93528734 6570640.27054125,580120.182539888 6570641.77099676)))",586,SV,Nedre Langgate K30–31,"28",,14,Transport,Passasje,3.14,0,0,0,1,1,0,Yngre (nedre),1300,1500,,,,,,"1976",Riksantikvaren,450,TL,,C34986,"Lindh, Jan. 1992. Arkeologi i Tønsberg: Søndre bydel.  Side 52."
"MULTIPOLYGON (((580117.39814129 6570641.56141664,580112.22384468 6570647.03960677,580113.529314412 6570648.3664091,580118.182994497 6570643.78110265,580117.687285691 6570643.14864658,580118.268461532 6570642.51619052,580117.39814129 6570641.56141664)))",587,SV,Nedre Langgate K30–31,13/19,,31,Sivile konstruksjoner,Bygning,14.23,0,0,0,1,1,0,Yngre (nedre),1300,1500,,,,,,"1976",Riksantikvaren,450,TL,,C34986,"Lindh, Jan. 1992. Arkeologi i Tønsberg: Søndre bydel.  Side 52."
"MULTIPOLYGON (((580112.841304776 6570649.0928789,580111.713139907 6570647.69121952,580110.961029995 6570648.32367558,580108.414112335 6570651.05862072,580107.050335021 6570652.32400905,580108.277365078 6570653.77647245,580109.849958533 6570652.35771965,580112.841304776 6570649.0928789)))",588,SV,Nedre Langgate K30–31,"43344",,31,Sivile konstruksjoner,Bygning,12.54,0,0,0,1,1,0,Yngre (nedre),1300,1500,,,,,,"1976",Riksantikvaren,450,TL,,C34986,"Lindh, Jan. 1992. Arkeologi i Tønsberg: Søndre bydel.  Side 52."
"MULTIPOLYGON (((580106.743271552 6570655.31052548,580107.618591887 6570654.5729216,580106.381651845 6570653.08517344,580105.574961731 6570653.80841285,580106.743271552 6570655.31052548)))",589,SV,Nedre Langgate K30–31,"42",,36,Sivile konstruksjoner,Vannhåndtering,2.14,0,0,0,1,1,0,Yngre (nedre),1300,1500,,,,,,"1976",Riksantikvaren,450,TL,,C34986,"Lindh, Jan. 1992. Arkeologi i Tønsberg: Søndre bydel.  Side 52."
"MULTIPOLYGON (((580108.277365078 6570653.77647245,580107.050335021 6570652.32400905,580106.458813579 6570653.01732019,580107.669755606 6570654.47852357,580108.277365078 6570653.77647245)))",590,SV,Nedre Langgate K30–31,"32",,36,Sivile konstruksjoner,Vannhåndtering,1.73,0,0,1,0,0,0,Eldre (øvre),1200,1300,,,,,,"1976",Riksantikvaren,450,TL,,C34986,"Lindh, Jan. 1992. Arkeologi i Tønsberg: Søndre bydel.  Side 52."
"MULTIPOLYGON (((580103.436867428 6570658.60779756,580104.778246909 6570657.47234414,580106.743271552 6570655.31052548,580105.574961731 6570653.80841285,580102.052586686 6570657.05191177,580103.436867428 6570658.60779756)))",591,SV,Nedre Langgate K30–31,"17",,31,Sivile konstruksjoner,Bygning,9.74,0,0,0,1,1,0,Yngre (nedre),1300,1500,,,,,,"1976",Riksantikvaren,450,TL,,C34986,"Lindh, Jan. 1992. Arkeologi i Tønsberg: Søndre bydel.  Side 52."
"MULTIPOLYGON (((580103.333904398 6570658.74508161,580101.961063993 6570657.16631514,580101.251763117 6570657.86417568,580102.670364869 6570659.38574046,580103.333904398 6570658.74508161)))",592,SV,Nedre Langgate K30–31,"21",,36,Sivile konstruksjoner,Vannhåndtering,2,0,0,0,1,1,0,Yngre (nedre),1300,1500,,,,,,"1976",Riksantikvaren,450,TL,,C34986,"Lindh, Jan. 1992. Arkeologi i Tønsberg: Søndre bydel.  Side 52."
"MULTIPOLYGON (((580102.452998471 6570659.6145472,580101.125919413 6570658.00145972,580100.233573148 6570658.8366043,580101.617853891 6570660.44969178,580102.452998471 6570659.6145472)))",593,SV,Nedre Langgate K30–31,"40",,14,Transport,Passasje,2.53,0,0,0,1,1,0,Yngre (nedre),1300,1500,,,,,,"1976",Riksantikvaren,450,TL,,C34986,"Lindh, Jan. 1992. Arkeologi i Tønsberg: Søndre bydel.  Side 52."
"MULTIPOLYGON (((580101.617853891 6570660.44969178,580100.233573148 6570658.8366043,580099.049498298 6570660.10076151,580099.297588249 6570660.42890198,580094.77990873 6570664.90695273,580095.566030439 6570665.73444926,580101.617853891 6570660.44969178)))",594,SV,Nedre Langgate K30–31,"41",,15,Transport,Brygge,12.04,0,0,0,1,1,0,Yngre (nedre) + Yngre (midtre),1300,1500,,,,,,"1976",Riksantikvaren,450,TL,,C34986,"Lindh, Jan. 1992. Arkeologi i Tønsberg: Søndre bydel.  Side 52."
"MULTIPOLYGON (((580120.951995832 6570640.97373198,580119.738011124 6570639.72538387,580118.808507307 6570640.58687522,580119.912418274 6570642.01988644,580120.951995832 6570640.97373198)))",595,SV,Nedre Langgate K30–31,"8",,36,Sivile konstruksjoner,Vannhåndtering,2.43,0,0,0,1,1,0,Yngre (midtre),1300,1500,,,,,,"1976",Riksantikvaren,450,TL,,C34986,"Lindh, Jan. 1992. Arkeologi i Tønsberg: Søndre bydel.  Side 52."
"MULTIPOLYGON (((580115.968695392 6570643.30702449,580116.164522364 6570643.50291006,580117.400082316 6570642.30135634,580117.173374068 6570642.02930644,580115.968695392 6570643.30702449)))",596,SV,Nedre Langgate K30–31,"12",,35,Sivile konstruksjoner,Brønn,0.55,0,0,0,1,1,0,Yngre (midtre),1300,1500,,,,,,"1976",Riksantikvaren,450,TL,,C34986,"Lindh, Jan. 1992. Arkeologi i Tønsberg: Søndre bydel.  Side 52."
"MULTIPOLYGON (((580100.358040337 6570661.54982451,580103.796595583 6570658.5819841,580107.228921844 6570654.90128383,580106.026428743 6570653.40364932,580099.253126136 6570660.10607753,580100.358040337 6570661.54982451)))",597,SV,Nedre Langgate K30–31,"16",,31,Sivile konstruksjoner,Bygning,18.98,0,0,0,1,1,0,Yngre (midtre),1300,1500,,,,,,"1976",Riksantikvaren,450,TL,,C34986,"Lindh, Jan. 1992. Arkeologi i Tønsberg: Søndre bydel.  Side 52."
"MULTIPOLYGON (((580101.455004441 6570660.60302734,580102.232006606 6570659.93239148,580100.984753652 6570658.39256939,580100.295803468 6570659.07431055,580101.455004441 6570660.60302734)))",598,SV,Nedre Langgate K30–31,"10",,36,Sivile konstruksjoner,Vannhåndtering,1.94,0,0,0,1,1,0,Yngre (midtre),1300,1500,,,,,,"1976",Riksantikvaren,450,TL,,C34986,"Lindh, Jan. 1992. Arkeologi i Tønsberg: Søndre bydel.  Side 52."
"MULTIPOLYGON (((580124.685403404 6570637.31426973,580123.446560824 6570635.94058714,580117.70894289 6570641.39683996,580118.822992438 6570643.0329013,580124.685403404 6570637.31426973)))",599,SV,Nedre Langgate K30–31,"1",,31,Sivile konstruksjoner,Bygning,15.31,0,0,0,1,1,0,Yngre (øvre),1300,1500,,,,,,"1976",Riksantikvaren,450,TL,,C34986,"Lindh, Jan. 1992. Arkeologi i Tønsberg: Søndre bydel.  Side 52."
"MULTIPOLYGON (((580116.378583362 6570645.55900269,580116.638664739 6570645.30274253,580116.633384917 6570643.80790037,580116.39261032 6570644.03720951,580116.378583362 6570645.55900269)))",600,SV,Nedre Langgate K30–31,"3",,36,Sivile konstruksjoner,Vannhåndtering,0.38,0,0,0,1,1,0,Yngre (øvre),1300,1500,,,,,,"1976",Riksantikvaren,450,TL,,C34986,"Lindh, Jan. 1992. Arkeologi i Tønsberg: Søndre bydel.  Side 52."
"MULTIPOLYGON (((580108.613203921 6570653.47348741,580108.982834781 6570653.14001609,580107.521212978 6570651.55568293,580107.188714726 6570651.94550845,580108.613203921 6570653.47348741)))",601,SV,Nedre Langgate K30–31,"22",,36,Sivile konstruksjoner,Vannhåndtering,1.07,0,0,0,1,1,0,Yngre (øvre),1300,1500,,,,,,"1976",Riksantikvaren,450,TL,,C34986,"Lindh, Jan. 1992. Arkeologi i Tønsberg: Søndre bydel.  Side 52."
"MULTIPOLYGON (((580103.178705398 6570659.11528932,580106.787582546 6570655.37455984,580105.574961731 6570653.80841285,580102.787224143 6570656.37543758,580103.405369385 6570657.14486777,580102.76777327 6570657.6065753,580102.822738452 6570657.71650567,580102.558905577 6570658.0572898,580102.888696671 6570658.44204607,580102.795750549 6570658.62627103,580103.178705398 6570659.11528932)))",602,SV,Nedre Langgate K30–31,"4",,31,Sivile konstruksjoner,Bygning,9.53,0,0,0,1,1,0,Yngre (øvre),1300,1500,,,,,,"1976",Riksantikvaren,450,TL,,C34986,"Lindh, Jan. 1992. Arkeologi i Tønsberg: Søndre bydel.  Side 52."
"MULTIPOLYGON (((580112.632887368 6570649.48437032,580112.301168799 6570649.07875406,580107.460048293 6570652.120055,580108.228584384 6570652.87545373,580112.632887368 6570649.48437032)))",603,SV,Nedre Langgate K30–31,"2",,31,Sivile konstruksjoner,Bygning,4.46,0,0,0,1,1,0,Yngre (midtre),1300,1500,,,,,,"1976",Riksantikvaren,450,TL,,C34986,"Lindh, Jan. 1992. Arkeologi i Tønsberg: Søndre bydel.  Side 52."
"MULTIPOLYGON (((580110.749507793 6570692.18039191,580109.184796982 6570690.57824781,580108.211531883 6570689.35043647,580107.27195673 6570688.2255666,580106.433451416 6570687.45818451,580105.639866027 6570688.14695674,580105.100826896 6570687.48064448,580105.018473695 6570687.63037757,580106.620617779 6570689.7865341,580106.920083964 6570689.57690777,580108.346291667 6570691.31006831,580109.761269385 6570693.15365701,580110.749507793 6570692.18039191)),((580111.327551595 6570691.73494848,580112.271271318 6570690.87525859,580110.364440372 6570688.45778479,580109.310835476 6570689.38857684,580111.327551595 6570691.73494848)))",604,NV,Nedre Langgate K31–33,"11",,14,Transport,Passasje,12.35,0,0,1,1,1,0,Yngre,1275,1425,,,,,,"1976",Riksantikvaren,450,TL,,C34986,"Lindh, Jan. 1992. Arkeologi i Tønsberg: Søndre bydel.  Side 52."
"MULTIPOLYGON (((580093.933066993 6570674.29113429,580092.759318805 6570675.46488247,580093.234407358 6570675.95394421,580096.070965478 6570678.56693126,580097.118954932 6570677.77045927,580096.713732343 6570677.05782644,580093.933066993 6570674.29113429)))",605,NV,Nedre Langgate K31–33,"1",,31,Sivile konstruksjoner,Bygning,7.36,0,1,1,0,0,0,Eldre,1175,1275,,,,,,"1976",Riksantikvaren,450,TL,,C34986,"Lindh, Jan. 1992. Arkeologi i Tønsberg: Søndre bydel.  Side 52."
"MULTIPOLYGON (((580097.719802218 6570678.38178645,580097.98529288 6570678.94071416,580098.614086552 6570679.8210253,580097.775694989 6570680.49173854,580098.683952515 6570681.7493259,580099.843727509 6570683.20253794,580101.674215756 6570684.89329426,580103.337025689 6570683.34226986,580103.057561834 6570683.04883282,580102.610419667 6570683.23048433,580098.642032937 6570678.92674097,580098.334622698 6570678.91276778,580097.719802218 6570678.38178645)))",606,NV,Nedre Langgate K31–33,"3",,15,Transport,Brygge,11.86,0,1,1,0,0,0,Eldre,1175,1275,,,,,,"1976",Riksantikvaren,450,TL,,C34986,"Lindh, Jan. 1992. Arkeologi i Tønsberg: Søndre bydel.  Side 52."
"MULTIPOLYGON (((580098.551535707 6570681.56597955,580098.811420372 6570681.90904465,580099.891115256 6570681.01198356,580099.599738044 6570680.67065598,580098.551535707 6570681.56597955)))",607,NV,Nedre Langgate K31–33,"2",,32,Sivile konstruksjoner,Gjerde,0.61,0,1,1,0,0,0,Eldre,1175,1275,,,,,,"1976",Riksantikvaren,450,TL,,C34986,"Lindh, Jan. 1992. Arkeologi i Tønsberg: Søndre bydel.  Side 52."
"MULTIPOLYGON (((580101.674215756 6570684.89329426,580102.647521409 6570685.59194089,580103.0420532 6570685.81738762,580103.352042463 6570685.83147804,580104.606089936 6570686.91644047,580105.211978043 6570686.9446213,580105.338791833 6570687.18415846,580105.545794293 6570687.5770657,580106.944344123 6570689.24917281,580107.198727413 6570689.07227488,580106.888738149 6570688.63547183,580107.494626254 6570688.07185499,580104.324281517 6570684.80287731,580103.337025689 6570683.34226986,580101.674215756 6570684.89329426)))",608,NV,Nedre Langgate K31–33,"19",,15,Transport,Brygge,8.92,0,1,1,0,0,0,Eldre,1175,1275,,,,,,"1976",Riksantikvaren,450,TL,,C34986,"Lindh, Jan. 1992. Arkeologi i Tønsberg: Søndre bydel.  Side 52."
"MULTIPOLYGON (((580108.095611217 6570690.74895546,580108.856750628 6570691.88353414,580109.901360558 6570693.09875665,580110.193987008 6570692.73392226,580108.403365952 6570690.5177276,580108.095611217 6570690.74895546)))",609,NV,Nedre Langgate K31–33,"20",,15,Transport,Brygge,1.35,0,1,1,0,0,0,Eldre,1175,1275,,,,,,"1976",Riksantikvaren,450,TL,,C34986,"Lindh, Jan. 1992. Arkeologi i Tønsberg: Søndre bydel.  Side 52."
"MULTIPOLYGON (((580111.487933031 6570691.33545739,580112.143990947 6570690.74340512,580110.383835564 6570688.69522431,580109.567763523 6570689.33528082,580110.799872292 6570690.88741783,580111.071896304 6570690.82341218,580111.487933031 6570691.33545739)))",610,NV,Nedre Langgate K31–33,"21",,15,Transport,Brygge,2.8,0,1,1,0,0,0,Eldre,1175,1275,,,,,,"1976",Riksantikvaren,450,TL,,C34986,"Lindh, Jan. 1992. Arkeologi i Tønsberg: Søndre bydel.  Side 52."
"MULTIPOLYGON (((580106.960907103 6570690.08013,580107.621590964 6570690.77190487,580107.704500312 6570690.72526836,580107.766682324 6570690.81595045,580107.856377856 6570690.75650212,580107.808136997 6570690.63199534,580108.292638495 6570690.23299411,580108.334093168 6570690.27963061,580108.432548018 6570690.20708494,580108.38591151 6570690.1397211,580108.466229941 6570690.07753909,580108.401457013 6570689.99722066,580108.295229413 6570690.07753909,580107.878091758 6570689.5645375,580107.979137525 6570689.48162815,580107.885864509 6570689.3676278,580107.777045991 6570689.44535531,580107.722636733 6570689.35985505,580107.613818213 6570689.43758256,580107.688954809 6570689.53085558,580107.199271478 6570689.90135671,580107.129316715 6570689.81326554,580106.991998109 6570689.88581122,580107.077498373 6570690.01535708,580106.960907103 6570690.08013)))",611,NV,Nedre Langgate K31–33,"17",,35,Sivile konstruksjoner,Brønn,1.03,0,0,1,1,1,0,Yngre,1275,1425,,,,,,"1976",Riksantikvaren,450,TL,,C34986,"Lindh, Jan. 1992. Arkeologi i Tønsberg: Søndre bydel.  Side 52."
"MULTIPOLYGON (((580107.720442555 6570688.48423171,580106.4966866 6570689.55343937,580109.772546664 6570692.94890402,580110.894173813 6570691.93349592,580107.720442555 6570688.48423171)))",612,NV,Nedre Langgate K31–33,"18",,14,Transport,Passasje,7.38,0,0,1,1,1,0,Yngre,1275,1425,,,,,,"1976",Riksantikvaren,450,TL,,C34986,"Lindh, Jan. 1992. Arkeologi i Tønsberg: Søndre bydel.  Side 52."
"MULTIPOLYGON (((580111.669287187 6570691.41743671,580112.269542367 6570690.94052163,580110.337214043 6570688.59705962,580109.876744317 6570688.92596656,580111.669287187 6570691.41743671)))",613,NV,Nedre Langgate K31–33,"18",,14,Transport,Passasje,2.03,0,0,1,1,1,0,Yngre,1275,1425,,,,,,"1976",Riksantikvaren,450,TL,,C34986,"Lindh, Jan. 1992. Arkeologi i Tønsberg: Søndre bydel.  Side 52."
"MULTIPOLYGON (((580111.044363984 6570691.82857039,580111.110145374 6570691.76895601,580110.9456919 6570691.64561589,580110.740125056 6570691.55516649,580110.740125056 6570691.47293975,580110.740125056 6570691.34137697,580110.674343667 6570691.18514617,580110.518112866 6570691.0206927,580110.345436718 6570690.88912992,580110.320768697 6570690.79045783,580110.254987307 6570690.68356307,580110.032975116 6570690.59311367,580109.852076296 6570690.37932414,580109.679400147 6570690.206648,580109.580728063 6570690.12442125,580109.531392021 6570689.99285847,580109.416274588 6570689.87774105,580109.260043786 6570689.77906897,580109.186039725 6570689.60639281,580109.11203566 6570689.46660737,580109.005140903 6570689.35971261,580108.980472881 6570689.27748587,580108.980472881 6570689.21170448,580107.952638666 6570687.83851797,580107.796407865 6570687.73984588,580107.821075885 6570687.8302953,580107.878634603 6570687.87963134,580107.944415992 6570687.9536354,580107.944415992 6570688.02969513,580108.010197382 6570688.1036992,580108.092424119 6570688.16948059,580108.166428183 6570688.35037941,580108.487112458 6570688.75329041,580108.816019406 6570689.13975609,580108.873578122 6570689.26309619,580108.914691491 6570689.41932698,580108.972250208 6570689.4768857,580109.046254269 6570689.61667116,580109.144926355 6570689.77290195,580109.358715872 6570689.9784688,580109.473833304 6570690.11003158,580109.695845494 6570690.34848912,580109.926080358 6570690.61161468,580110.139869876 6570690.80073617,580110.098756506 6570690.87474024,580110.230319285 6570690.90763094,580110.279655328 6570690.96518965,580110.402995434 6570691.11319777,580110.518112866 6570691.17897917,580110.682566339 6570691.63122622,580111.044363984 6570691.82857039)),((580111.471943017 6570691.56338915,580111.595283123 6570691.4893851,580111.578837776 6570691.46471708,580111.422606975 6570691.28381826,580111.381493607 6570691.18514616,580111.266376175 6570691.07002873,580111.110145374 6570690.8644619,580111.003250615 6570690.59311366,580110.87991051 6570690.51088693,580110.756570404 6570690.32176543,580110.625007624 6570690.10797591,580110.625007624 6570689.99285848,580110.583894255 6570689.87774105,580110.493444845 6570689.81195966,580110.419440781 6570689.7379556,580110.402995434 6570689.65572886,580110.337214044 6570689.52416608,580110.213873939 6570689.39260329,580110.115201855 6570689.24459517,580110.024752443 6570689.17881379,580109.852076294 6570688.96502427,580109.646509453 6570689.09658704,580110.024752443 6570689.58994747,580110.049420464 6570689.68039688,580110.115201854 6570689.86951838,580110.213873938 6570689.99285848,580110.337214043 6570690.08330789,580110.460554151 6570690.27242938,580110.625007624 6570690.43688286,580110.789461099 6570690.59311367,580110.912801204 6570690.88090724,580111.1019227 6570691.16047815,580111.471943017 6570691.56338915)))",614,NV,Nedre Langgate K31–33,"15",,36,Sivile konstruksjoner,Vannhåndtering,1.29,0,0,1,1,1,0,Yngre,1275,1425,,,,,,"1976",Riksantikvaren,450,TL,,C34986,"Lindh, Jan. 1992. Arkeologi i Tønsberg: Søndre bydel.  Side 52."
"MULTIPOLYGON (((580103.463503999 6570683.77960057,580102.256608716 6570685.29153531,580105.068276849 6570687.413549,580105.21416529 6570687.83795174,580105.585517685 6570688.35519258,580106.421060573 6570689.15094771,580107.070927265 6570688.79285789,580107.972783082 6570689.8008144,580108.503286504 6570689.56208786,580110.015221255 6570690.84855866,580110.081534183 6570690.75572056,580108.211509623 6570688.91222117,580106.898513653 6570687.45333676,580103.463503999 6570683.77960057)))",615,NV,Nedre Langgate K31–33,"14",,14,Transport,Passasje,10.9,0,1,1,0,0,0,Eldre,1175,1275,,,,,,"1976",Riksantikvaren,450,TL,,C34986,"Lindh, Jan. 1992. Arkeologi i Tønsberg: Søndre bydel.  Side 52."
"MULTIPOLYGON (((580109.734413348 6570693.1657564,580110.796731317 6570692.14007008,580110.271677609 6570691.33417368,580109.013990818 6570690.06427635,580107.988304504 6570690.85796218,580108.891885305 6570692.10343843,580109.734413348 6570693.1657564)),((580111.700312118 6570691.407437,580112.293062784 6570690.88493314,580110.29436248 6570688.57125141,580109.876296226 6570688.82896349,580109.876296227 6570688.90341364,580109.286421927 6570689.71091147,580109.332237406 6570689.76818082,580109.996561861 6570689.05804089,580110.808941868 6570689.97880249,580110.760099663 6570690.05206579,580110.857784074 6570690.22301352,580110.796731318 6570690.24743461,580111.700312118 6570691.407437)))",616,NV,Nedre Langgate K31–33,"16",,14,Transport,Passasje,6.24,0,0,1,1,1,0,Yngre,1275,1425,,,,,,"1976",Riksantikvaren,450,TL,,C34986,"Lindh, Jan. 1992. Arkeologi i Tønsberg: Søndre bydel.  Side 52."
"MULTIPOLYGON (((580102.115431984 6570685.57195485,580104.597467917 6570686.99547546,580105.6438164 6570686.04646172,580103.417284164 6570683.78342896,580102.115431984 6570685.57195485)))",617,NV,Nedre Langgate K31–33,"13",,14,Transport,Passasje,5.39,0,0,1,1,1,0,Yngre,1275,1425,,,,,,"1976",Riksantikvaren,450,TL,,C34986,"Lindh, Jan. 1992. Arkeologi i Tønsberg: Søndre bydel.  Side 52."
"MULTIPOLYGON (((580111.285814188 6570691.75092942,580111.14116646 6570691.43752602,580111.026653675 6570691.30493227,580110.948302823 6570691.20247347,580110.863924982 6570691.15425756,580110.719277254 6570690.96742091,580110.628872425 6570690.90112404,580110.140686344 6570690.34061409,580109.833309923 6570690.06337261,580109.706743162 6570689.95488682,580109.568122422 6570689.72586125,580109.483744582 6570689.67161835,580109.399366742 6570689.5932675,580109.3149889 6570689.42451182,580109.296907934 6570689.34616097,580109.22458407 6570689.37629591,580109.055828388 6570689.02070358,580108.844883786 6570688.71935414,580108.591750262 6570688.44211267,580108.362724692 6570688.1588442,580108.266292875 6570688.05638539,580108.266292876 6570688.15884419,580108.350670716 6570688.29746494,580108.489291455 6570688.43005869,580108.573669296 6570688.61086835,580108.68818208 6570688.73140812,580108.838856797 6570688.88810983,580108.929261626 6570689.0568655,580109.037747422 6570689.21959419,580109.158287195 6570689.44259278,580109.369231798 6570689.65353739,580109.471690604 6570689.79818511,580109.562095434 6570689.94283284,580109.797147991 6570690.20199335,580110.044254526 6570690.36472205,580110.098497425 6570690.41293794,580110.170821288 6570690.53950472,580110.285334072 6570690.64196352,580110.333549981 6570690.72634136,580110.405873845 6570690.79866523,580110.466143731 6570690.82880016,580110.538467596 6570690.98550187,580110.652980379 6570691.06385272,580110.749412197 6570691.12412262,580110.833790039 6570691.28082432,580110.91214089 6570691.36520216,580110.996518732 6570691.44355301,580111.062815607 6570691.58217375,580111.18938237 6570691.70271353,580111.285814188 6570691.75092942)),((580111.225544301 6570691.80667908,580110.87597896 6570691.64395038,580110.779547141 6570691.36670891,580110.713250266 6570691.17987226,580110.610791459 6570691.06535948,580110.52038663 6570691.01714357,580110.460116742 6570690.98700862,580110.375738902 6570690.85441486,580110.267253107 6570690.70976713,580110.146713332 6570690.64347027,580110.056308503 6570690.57717339,580109.851390889 6570690.35417481,580109.760986061 6570690.27582395,580109.688662196 6570690.13720322,580109.568122423 6570690.04679839,580109.483744581 6570689.93228561,580109.387312763 6570689.84790777,580109.296907935 6570689.76955692,580109.212530093 6570689.6188822,580109.140206229 6570689.51039639,580109.061855376 6570689.41999157,580109.031720433 6570689.2994518,580109.013639467 6570689.21507396,580108.796667877 6570688.93632573,580108.627912195 6570688.71935414,580108.579696285 6570688.67716523,580108.525453387 6570688.55059846,580108.453129524 6570688.43005868,580108.368751682 6570688.33362687,580108.236157932 6570688.27335699,580108.163834068 6570688.11665528,580108.103564183 6570688.05035841,580108.031240318 6570687.97803454,580107.952889466 6570687.79119788,580107.820295715 6570687.86352176,580107.9348085 6570687.97200755,580108.013159352 6570688.14076323,580108.175888045 6570688.3215729,580108.260265886 6570688.39389676,580108.435048557 6570688.62894931,580108.549561342 6570688.73743511,580108.676128104 6570688.93029875,580108.748451967 6570689.0086496,580108.838856797 6570689.10508142,580108.862964751 6570689.17740528,580108.91118066 6570689.2195942,580108.959396571 6570689.24972914,580108.959396569 6570689.45464676,580109.049801399 6570689.58121352,580109.176368161 6570689.77407716,580109.363204809 6570689.95488682,580109.459636627 6570690.02118369,580109.519906514 6570690.0693996,580109.568122423 6570690.18391239,580109.67058123 6570690.2803442,580109.742905093 6570690.31650614,580109.821255946 6570690.40691096,580109.911660776 6570690.49128881,580109.983984639 6570690.58772063,580110.050281515 6570690.71428739,580110.140686344 6570690.91317801,580110.38176589 6570691.01563682,580110.448062765 6570691.14220357,580110.652980379 6570691.28082432,580110.761466175 6570691.65449762,580110.984464755 6570691.80065209,580111.177328392 6570691.86694897,580111.225544301 6570691.80667908)),((580110.902087952 6570692.0486293,580110.67730749 6570691.8936083,580110.437024929 6570691.69208098,580110.421522827 6570691.60681944,580110.483531231 6570691.50605578,580110.452527029 6570691.45954948,580110.344012324 6570691.49055368,580109.948708753 6570691.18051167,580109.793687745 6570690.98673541,580109.568907284 6570690.77745704,580109.460392578 6570690.63793814,580109.367379974 6570690.56042763,580109.258865267 6570690.40540663,580109.080591109 6570690.20387932,580108.979827454 6570690.10311566,580108.824806446 6570689.80857575,580108.662034387 6570689.66905684,580108.545768632 6570689.52953793,580108.414000775 6570689.35126377,580108.297735019 6570689.27375327,580108.096207709 6570689.05672386,580107.809418844 6570688.73117974,580107.73190834 6570688.77768605,580107.925684601 6570689.07222595,580108.088456657 6570689.24274907,580108.212473465 6570689.31250852,580108.274481868 6570689.45977848,580108.406249724 6570689.61479949,580108.600025984 6570689.8008247,580108.755046992 6570689.96359676,580108.755046991 6570690.04885831,580108.88681485 6570690.13411986,580108.979827455 6570690.25038561,580109.049586907 6570690.35890033,580109.142599512 6570690.45191292,580109.158101613 6570690.56042764,580109.27436737 6570690.69219548,580109.406135225 6570690.7852081,580109.483645729 6570690.90147385,580109.793687746 6570691.21926691,580109.948708753 6570691.32003058,580110.049472408 6570691.45954948,580110.150236064 6570691.54481104,580110.181240265 6570691.63782364,580110.359514424 6570691.76184044,580110.460278079 6570691.8315999,580110.607548037 6570691.99437195,580110.723813793 6570692.10288667,580110.770320095 6570692.18039717,580110.902087952 6570692.0486293)),((580107.410239749 6570688.17116635,580107.511003404 6570688.07815375,580107.472248152 6570688.00839429,580107.355982396 6570687.91538169,580107.177708237 6570687.77586277,580106.883168322 6570687.61309072,580106.751400465 6570687.42706551,580106.65063681 6570687.31855081,580106.604130507 6570687.17128085,580106.518868953 6570687.0705172,580106.394852147 6570686.94650038,580106.379350046 6570686.80698148,580106.332843743 6570686.67521363,580106.139067483 6570686.50469052,580106.193324836 6570686.75272413,580106.26308429 6570686.92324724,580106.309590592 6570687.00850879,580106.371598996 6570687.07826825,580106.433607399 6570687.2100361,580106.518868953 6570687.35730606,580106.65063681 6570687.53558022,580106.650636809 6570687.60533967,580106.673889961 6570687.65184597,580106.720396262 6570687.65184598,580106.805657818 6570687.71385438,580106.999434078 6570687.83787118,580107.022687229 6570687.88437749,580107.04594038 6570687.93863484,580107.084695632 6570687.94638588,580107.100197732 6570688.00839429,580107.162206136 6570688.07815375,580107.200961388 6570688.03939849,580107.224214539 6570688.00064324,580107.270720841 6570688.0549006,580107.410239749 6570688.17116635)))",618,NV,Nedre Langgate K31–33,"12",,36,Sivile konstruksjoner,Vannhåndtering,1.98,0,0,1,1,1,0,Yngre,1275,1425,,,,,,"1976",Riksantikvaren,450,TL,,C34986,"Lindh, Jan. 1992. Arkeologi i Tønsberg: Søndre bydel.  Side 52."
"MULTIPOLYGON (((580109.74619646 6570693.14766659,580112.30940966 6570690.88932897,580110.186572297 6570688.43903264,580109.260653873 6570689.28590926,580107.837901171 6570687.75023967,580107.60077572 6570687.93090669,580104.557665777 6570684.94425518,580103.417205277 6570683.79250299,580102.073494394 6570685.56529803,580104.410873831 6570687.02192579,580104.873833044 6570687.47359331,580104.783499538 6570687.92526083,580105.585209394 6570688.19626136,580106.911982746 6570689.83920197,580107.386233647 6570690.09891079,580108.537985833 6570691.43133,580109.74619646 6570693.14766659)))",619,NV,Nedre Langgate K31–33,"93",,14,Transport,Passasje,25.04,0,1,1,0,0,0,Eldre,1175,1275,,,,,,"1976",Riksantikvaren,450,TL,,C34986,"Lindh, Jan. 1992. Arkeologi i Tønsberg: Søndre bydel.  Side 52."
"MULTIPOLYGON (((580109.761269385 6570693.15365701,580112.30940966 6570690.88932897,580110.186572297 6570688.43903264,580109.260653873 6570689.28590926,580107.837901171 6570687.75023967,580107.60077572 6570687.93090669,580104.557665777 6570684.94425518,580103.417284164 6570683.78342896,580102.073494394 6570685.56529803,580104.410873831 6570687.02192579,580104.873833044 6570687.47359331,580104.783499538 6570687.92526083,580105.585209394 6570688.19626136,580106.911982746 6570689.83920197,580107.386233647 6570690.09891079,580109.761269385 6570693.15365701)))",620,NV,Nedre Langgate K31–33,"10",,14,Transport,Passasje,25.24,0,0,1,1,1,0,Yngre,1275,1425,,,,,,"1976",Riksantikvaren,450,TL,,C34986,"Lindh, Jan. 1992. Arkeologi i Tønsberg: Søndre bydel.  Side 52."
"MULTIPOLYGON (((580109.74619646 6570693.14766659,580112.30940966 6570690.88932897,580110.186572297 6570688.43903264,580109.260653873 6570689.28590926,580107.837901171 6570687.75023967,580107.60077572 6570687.93090669,580103.417284164 6570683.78342896,580102.073494394 6570685.56529803,580104.410873831 6570687.02192579,580104.873833044 6570687.47359331,580104.783499538 6570687.92526083,580105.585209394 6570688.19626136,580107.386233647 6570690.09891079,580109.74619646 6570693.14766659)))",621,NV,Nedre Langgate K31–33,"7",,14,Transport,Passasje,25.08,0,0,1,1,1,0,Yngre,1275,1425,,,,,,"1976",Riksantikvaren,450,TL,,C34986,"Lindh, Jan. 1992. Arkeologi i Tønsberg: Søndre bydel.  Side 52."
"MULTIPOLYGON (((580111.558231668 6570691.55684065,580111.957101783 6570691.20239674,580109.858498283 6570688.54988602,580109.328072493 6570688.95976049,580111.558231668 6570691.55684065)))",622,NV,Nedre Langgate K31–33,"4",,36,Sivile konstruksjoner,Vannhåndtering,2.05,0,0,1,1,1,0,Yngre,1275,1425,,,,,,"1976",Riksantikvaren,450,TL,,C34986,"Lindh, Jan. 1992. Arkeologi i Tønsberg: Søndre bydel.  Side 52."
"MULTIPOLYGON (((580111.126621192 6570691.94037829,580112.30940966 6570690.88932897,580110.186572297 6570688.43903264,580109.25272792 6570689.00647412,580108.816019406 6570689.13975609,580108.629472563 6570689.32425556,580108.779306311 6570689.63502256,580110.991733103 6570692.06024252,580111.126621192 6570691.94037829)),((580107.52901581 6570689.65186762,580107.688954809 6570689.53085558,580107.971678127 6570688.91536596,580108.260265886 6570688.39389676,580108.425674726 6570688.14451746,580108.013832787 6570687.61375616,580107.60077572 6570687.93090669,580105.704761749 6570686.05121466,580104.247220369 6570687.42887074,580104.395074862 6570687.55187535,580104.494533099 6570687.5639416,580104.692449736 6570687.45533032,580104.787943325 6570687.38979847,580104.978229138 6570687.34558847,580105.100826896 6570687.48064448,580105.283594228 6570687.70656521,580105.410704355 6570687.86368745,580106.266582289 6570688.43884032,580106.700246896 6570688.99711034,580107.007659807 6570689.42460769,580107.143486184 6570689.4872277,580107.395761427 6570689.53688284,580107.52901581 6570689.65186762)))",623,NV,Nedre Langgate K31–33,"6",,14,Transport,Passasje,11.97,0,0,1,1,1,0,Yngre,1275,1425,,,,,,"1976",Riksantikvaren,450,TL,,C34986,"Lindh, Jan. 1992. Arkeologi i Tønsberg: Søndre bydel.  Side 52."
"MULTIPOLYGON (((580059.191273297 6570680.28398509,580058.778537435 6570679.90662659,580058.849292154 6570679.63540017,580058.566273279 6570679.29341902,580056.184197739 6570681.16841908,580056.089858114 6570681.35709833,580055.700707159 6570681.72266437,580055.37051847 6570682.07643797,580056.11344302 6570682.91370215,580056.714858131 6570682.45379647,580057.351650602 6570681.78162663,580057.776178916 6570681.26275871,580058.20070723 6570680.95615491,580059.191273297 6570680.28398509)))",624,NV,Nedre Langgate Kp3–K31,"9",,15,Transport,Brygge,4.75,0,0,1,1,0,0,Eldre (nedre)/3–4,1275,1350,,,,,,"1976",Riksantikvaren,450,TL,,C34986,"Lindh, Jan. 1992. Arkeologi i Tønsberg: Søndre bydel.  Side 52."
"MULTIPOLYGON (((580054.777358077 6570682.8942446,580053.217216525 6570684.50700998,580053.217216525 6570684.50700998,580053.873466542 6570685.49757604,580055.223112808 6570684.12316563,580055.445990171 6570683.7114616,580054.777358077 6570682.8942446)))",625,NV,Nedre Langgate Kp3–K31,"2",,15,Transport,Brygge,2.67,0,0,1,1,0,0,Yngre + Eldre (nedre) + Eldre (øvre)/1–4,1275,1350,,,,,,"1976",Riksantikvaren,450,TL,,C34986,"Lindh, Jan. 1992. Arkeologi i Tønsberg: Søndre bydel.  Side 52."
"MULTIPOLYGON (((580059.891308351 6570680.04074893,580060.288631481 6570679.76192569,580060.546542987 6570679.46916128,580059.703102656 6570678.64663269,580059.654308587 6570678.73027967,580059.549749868 6570678.82786781,580059.361544175 6570678.94636769,580059.089691506 6570679.07880873,580059.891308351 6570680.04074893)))",626,NV,Nedre Langgate Kp3–K31,"7",,14,Transport,Passasje,0.97,0,0,0,1,0,0,Eldre (øvre)/2,1300,1350,,,,,,"1976",Riksantikvaren,450,TL,,C34986,"Lindh, Jan. 1992. Arkeologi i Tønsberg: Søndre bydel.  Side 52."
"MULTIPOLYGON (((580059.891308351 6570680.04074893,580059.089691506 6570679.07880873,580058.897575657 6570679.20164381,580058.77601535 6570679.30883791,580058.687204075 6570679.43954374,580058.6087214 6570679.48310243,580058.392633382 6570679.6085729,580059.187279643 6570680.44504266,580059.737955561 6570680.14530766,580059.891308351 6570680.04074893)))",627,NV,Nedre Langgate Kp3–K31,"8",,14,Transport,Passasje,1,0,0,1,1,0,0,Eldre (øvre)/2–3,1275,1350,,,,,,"1976",Riksantikvaren,450,TL,,C34986,"Lindh, Jan. 1992. Arkeologi i Tønsberg: Søndre bydel.  Side 52."
"MULTIPOLYGON (((580060.546542987 6570679.46916128,580060.67898403 6570679.37854373,580060.825366237 6570679.4203672,580061.449982393 6570679.04918376,580060.87167066 6570678.48792497,580060.491458108 6570678.04995862,580060.318196692 6570678.11252525,580060.034240483 6570678.30985074,580059.745471456 6570678.56011724,580059.703102656 6570678.64663269,580060.546542987 6570679.46916128)))",628,NV,Nedre Langgate Kp3–K31,"14",,14,Transport,Passasje,1.29,0,0,0,1,0,0,Eldre (øvre)/3,1300,1350,,,,,,"1976",Riksantikvaren,450,TL,,C34986,"Lindh, Jan. 1992. Arkeologi i Tønsberg: Søndre bydel.  Side 52."
"MULTIPOLYGON (((580053.217216525 6570684.50700998,580053.319789627 6570684.6618373,580054.0690567 6570683.89813511,580053.94677779 6570683.75284049,580053.217216525 6570684.50700998)))",629,NV,Nedre Langgate Kp3–K31,"12",,31,Sivile konstruksjoner,Bygning,0.2,0,0,0,1,0,0,Yngre/1,1350,,,,,,,"1976",Riksantikvaren,450,TL,,C34986,"Lindh, Jan. 1992. Arkeologi i Tønsberg: Søndre bydel.  Side 52."
"MULTIPOLYGON (((580056.468661048 6570682.47105764,580057.684319639 6570681.3399666,580056.912640707 6570680.51543295,580056.690650877 6570680.61057145,580056.384093493 6570680.87484505,580056.22552933 6570681.08626394,580056.045823277 6570681.39282131,580055.739265894 6570681.68880776,580056.468661048 6570682.47105764)))",630,NV,Nedre Langgate Kp3–K31,"1",,35,Sivile konstruksjoner,Brønn,1.92,0,0,1,1,1,0,Yngre + Eldre (nedre) + Eldre (øvre)/1–4,1275,,,,,,,"1976",Riksantikvaren,450,TL,,C34986,"Lindh, Jan. 1992. Arkeologi i Tønsberg: Søndre bydel.  Side 52."
"MULTIPOLYGON (((580058.307376461 6570681.0846886,580058.667000752 6570680.91304974,580057.747506827 6570679.94042949,580057.57178132 6570680.11206836,580058.307376461 6570681.0846886)))",631,NV,Nedre Langgate Kp3–K31,"4",,14,Transport,Passasje,0.4,0,0,0,1,0,0,Yngre/1,1350,,,,,,,"1976",Riksantikvaren,450,TL,,C34986,"Lindh, Jan. 1992. Arkeologi i Tønsberg: Søndre bydel.  Side 52."
"MULTIPOLYGON (((580057.57178132 6570680.11206836,580057.079677603 6570680.46356116,580057.776178916 6570681.26275871,580057.851098539 6570681.36840929,580058.120972249 6570681.14760352,580058.307376461 6570681.0846886,580057.57178132 6570680.11206836)))",632,NV,Nedre Langgate Kp3–K31,"4",,31,Sivile konstruksjoner,Bygning,0.67,0,0,0,1,0,0,Yngre/1,1350,,,,,,,"1976",Riksantikvaren,450,TL,,C34986,"Lindh, Jan. 1992. Arkeologi i Tønsberg: Søndre bydel.  Side 52."
"MULTIPOLYGON (((580059.587299763 6570680.40061271,580059.751190413 6570680.10175329,580060.001846703 6570679.83181575,580059.15347157 6570678.88221404,580059.220955955 6570678.78580777,580059.158291883 6570678.63155775,580058.705182437 6570679.20517502,580059.587299763 6570680.40061271)))",633,NV,Nedre Langgate Kp3–K31,"3",,14,Transport,Passasje,0.9,0,0,0,1,0,0,Yngre/1,1350,,,,,,,"1976",Riksantikvaren,450,TL,,C34986,"Lindh, Jan. 1992. Arkeologi i Tønsberg: Søndre bydel.  Side 52."
"MULTIPOLYGON (((580059.158291883 6570678.63155775,580059.220955955 6570678.78580777,580059.15347157 6570678.88221404,580059.872557729 6570679.5090708,580060.260994592 6570679.17491745,580060.054870148 6570678.85329216,580059.997026389 6570678.74724525,580060.23322174 6570678.60263586,580059.955105674 6570678.28230534,580059.486073184 6570678.4339249,580059.158291883 6570678.63155775)))",634,NV,Nedre Langgate Kp3–K31,"5",,14,Transport,Passasje,0.81,0,0,0,1,0,0,Yngre/1,1350,,,,,,,"1976",Riksantikvaren,450,TL,,C34986,"Lindh, Jan. 1992. Arkeologi i Tønsberg: Søndre bydel.  Side 52."
"MULTIPOLYGON (((580061.21174533 6570679.03164375,580061.380456294 6570679.0171828,580061.587729763 6570678.96897966,580061.780542295 6570678.82919059,580061.795003232 6570678.64119837,580061.616651643 6570678.53515147,580061.144260945 6570678.31823738,580061.033393739 6570678.20737018,580060.720073377 6570678.00491702,580060.593037632 6570678.0461957,580060.536901474 6570678.32787801,580061.21174533 6570679.03164375)))",635,NV,Nedre Langgate Kp3–K31,"6",,31,Sivile konstruksjoner,Bygning,0.64,0,0,0,1,0,0,Yngre/1,1350,,,,,,,"1976",Riksantikvaren,450,TL,,C34986,"Lindh, Jan. 1992. Arkeologi i Tønsberg: Søndre bydel.  Side 52."
"MULTIPOLYGON (((580060.109505269 6570679.45085846,580060.817565407 6570678.91620079,580060.99096789 6570678.88730038,580061.164370373 6570678.88730039,580061.424474097 6570678.85839998,580061.670127615 6570678.75724853,580061.742378649 6570678.65609707,580061.670127615 6570678.42489377,580061.308872442 6570678.17924024,580060.803115201 6570678.02028798,580060.441860029 6570677.94803693,580060.080604856 6570678.13588963,580059.907202373 6570678.33819253,580059.704899477 6570678.4971448,580059.415895338 6570678.59829625,580060.109505269 6570679.45085846)))",636,NV,Nedre Langgate Kp3–K31,"11",,15,Transport,Brygge,1.84,0,0,1,1,0,0,Eldre (nedre)/3–4,1275,1350,,,,,,"1976",Riksantikvaren,450,TL,,C34986,"Lindh, Jan. 1992. Arkeologi i Tønsberg: Søndre bydel.  Side 52."
"MULTIPOLYGON (((580060.109505269 6570679.45085846,580059.27407091 6570678.68221071,580058.834895345 6570679.13735631,580059.613433845 6570679.93585733,580060.109505269 6570679.45085846)))",637,NV,Nedre Langgate Kp3–K31,"10",,36,Sivile konstruksjoner,Vannhåndtering,0.75,0,0,1,1,0,0,Eldre (nedre) + Eldre (øvre)/3 + 4,1275,1350,,,,,,"1976",Riksantikvaren,450,TL,,C34986,"Lindh, Jan. 1992. Arkeologi i Tønsberg: Søndre bydel.  Side 52."
"MULTIPOLYGON (((580061.449982393 6570679.04918376,580061.606767663 6570678.98826079,580061.88129553 6570678.80524222,580061.899597388 6570678.69543107,580061.710574599 6570678.55432412,580061.524409303 6570678.45750692,580061.085164716 6570678.27448833,580060.929598924 6570678.12349801,580060.692051808 6570677.99807529,580060.491458108 6570678.04995862,580061.449982393 6570679.04918376)))",638,NV,Nedre Langgate Kp3–K31,"13",,31,Sivile konstruksjoner,Bygning,0.52,0,0,0,1,0,0,Eldre (øvre)/2,1300,1350,,,,,,"1976",Riksantikvaren,450,TL,,C34986,"Lindh, Jan. 1992. Arkeologi i Tønsberg: Søndre bydel.  Side 52."
"MULTIPOLYGON (((580379.581214345 6570538.27852628,580383.469806283 6570538.36989421,580385.553679979 6570539.14539508,580387.519821158 6570539.98250328,580388.553294302 6570540.77843721,580391.065854582 6570543.09981381,580392.269595402 6570544.49013046,580411.696775181 6570530.77704986,580380.624450575 6570491.96870297,580374.772802647 6570489.7026992,580364.933292758 6570487.5958206,580351.783726594 6570489.55514293,580318.999955898 6570517.03511424,580329.913503787 6570531.93220126,580340.25415359 6570544.02268289,580366.6696156 6570567.23623114,580371.409058686 6570562.61032988,580372.392343751 6570561.78982015,580370.82882707 6570560.16495124,580369.075628397 6570558.24293202,580368.300134611 6570556.64888566,580367.714741891 6570554.61289173,580367.39710897 6570552.37603387,580367.622240027 6570548.88609452,580367.931573572 6570547.14479577,580369.610838192 6570543.76328342,580371.264466296 6570541.75348416,580373.608718715 6570540.24760052,580374.406126473 6570539.76337015,580377.333355356 6570538.67021349,580379.581214345 6570538.27852628)))",639,SV,Olavsklosteret,12375-4,,42,Religiøse konstruksjoner,Kloster,3802.69,0,1,1,1,1,1,,1191,1536,,,,,,,Riksantikvaren,,,,,Askeladden
"MULTIPOLYGON (((580318.252583434 6570517.00966817,580328.651800516 6570531.34381125,580339.742388962 6570544.37689205,580372.196467173 6570572.68700293,580399.272873067 6570596.46320185,580413.168531576 6570586.0534855,580430.425844543 6570573.09290323,580439.369349266 6570567.17028462,580431.583481875 6570553.78344572,580393.876068235 6570499.1838995,580385.237917354 6570493.24691788,580375.226706996 6570489.47148773,580364.954709005 6570487.22863805,580351.281648846 6570489.07316875,580318.252583434 6570517.00966817)))",640,SV,Olavsklosteret - område,12375-4,,42,Religiøse konstruksjoner,Kloster,6964.83,0,1,1,1,1,1,,1191,1536,,,,,,,Riksantikvaren,,,,,Askeladden
"MULTIPOLYGON (((580438.947196416 6570567.11541063,580431.477493534 6570554.78500803,580425.728074823 6570546.23117693,580414.030853274 6570529.33495997,580394.892180764 6570542.77851804,580397.822242892 6570542.72845384,580399.061355097 6570543.13481112,580400.225536462 6570543.8287726,580400.973834055 6570544.77955162,580402.194830356 6570544.30096201,580403.65937094 6570544.38414241,580404.770493189 6570545.12237459,580405.580728984 6570545.93166168,580405.613528428 6570547.6062325,580405.378607096 6570548.92122379,580404.242437455 6570549.88374254,580403.180718095 6570550.22952909,580401.923920375 6570550.01792191,580401.512849559 6570550.76589126,580400.613047462 6570551.34853069,580399.965119539 6570552.14735086,580400.187421455 6570554.03216945,580399.706124187 6570555.55898534,580398.551389583 6570557.30822594,580397.052942975 6570558.31277871,580395.75659708 6570558.5391556,580394.424859575 6570558.61525202,580392.942323413 6570558.18691435,580391.915447934 6570557.6034743,580391.832715282 6570557.95970249,580414.231542666 6570584.66226988,580431.895773217 6570571.59194759,580438.947196416 6570567.11541063)))",641,SV,Olavsklosterets kirkegård,12375-3,,43,Religiøse konstruksjoner,Gravplass,1304.5,0,0,1,1,1,1,,1200,1536,,,,,,,Riksantikvaren,,,,,Askeladden
"MULTIPOLYGON (((580197.750167404 6570788.38359656,580183.981111642 6570776.32364446,580170.41641639 6570783.06261269,580164.074053533 6570787.48225437,580155.074051024 6570792.37506461,580143.973814403 6570798.14805051,580156.946734021 6570822.97349908,580168.072677495 6570841.92667936,580179.385441979 6570850.91214133,580181.593678039 6570851.46811674,580186.731347305 6570857.75642884,580206.991396792 6570845.32209355,580215.284023871 6570840.3654092,580222.344413057 6570835.89181303,580227.915415123 6570832.11576818,580233.239917126 6570828.43625575,580230.300651574 6570824.12942963,580228.080226773 6570821.07623023,580223.220901064 6570814.33758565,580220.38881701 6570810.15933026,580215.229846052 6570804.10687893,580212.549268424 6570802.2007452,580209.085875119 6570799.74835796,580204.227459122 6570794.31740525,580197.750167404 6570788.38359656)))",642,NØ,Peterskirken,85259-2,,43,Religiøse konstruksjoner,Gravplass,3967.38,0,1,1,1,1,1,,,,,,,,,,Riksantikvaren,,,,,Askeladden
"MULTIPOLYGON (((580274.980354419 6570566.34096217,580272.440912645 6570563.39227151,580270.908852731 6570564.69347309,580273.332865334 6570567.72611223,580274.980354419 6570566.34096217)))",643,SV,Prestegaten 4/6,"1",,31,Sivile konstruksjoner,Bygning,8.09,0,0,0,1,0,0,"1",1300,,,,,,,"1973",Riksantikvaren,15,TH,,C35126,"Vibe Müller, I.H. 1973. Rapport om undersøkelsene på Den norske Creditbanks tomt i Tønsberg 2. juli – 15. august 1973. Riksantikvaren."
"MULTIPOLYGON (((580274.832664892 6570564.99243276,580275.242127386 6570564.68124128,580274.873611141 6570563.83774854,580274.857232643 6570563.65758503,580275.086531639 6570563.24812255,580274.791718642 6570562.98606655,580274.652501394 6570563.49380004,580274.382256148 6570563.78861304,580274.267606649 6570564.00153354,580274.300363648 6570564.23902178,580274.832664892 6570564.99243276)))",644,SV,Prestegaten 4/6,"3",,36,Sivile konstruksjoner,Vannhåndtering,0.93,0,0,0,1,0,0,"1",1300,,,,,,,"1973",Riksantikvaren,15,TH,,C35126,"Vibe Müller, I.H. 1973. Rapport om undersøkelsene på Den norske Creditbanks tomt i Tønsberg 2. juli – 15. august 1973. Riksantikvaren."
"MULTIPOLYGON (((580273.166281732 6570567.2584294,580275.299495158 6570565.43670289,580272.958623788 6570562.86929559,580270.87260535 6570564.68158311,580271.344555223 6570565.25736195,580271.523896175 6570565.56884887,580272.06191903 6570566.1729447,580272.288454969 6570566.55994359,580272.637697875 6570566.99413748,580272.826477824 6570567.19235643,580273.005818776 6570567.40945336,580273.166281732 6570567.2584294)))",645,SV,Prestegaten 4/6,"9",,15,Transport,Brygge,10.06,1,1,1,0,0,0,"3",,1225,,,,,,"1973",Riksantikvaren,15,TH,,C35126,"Vibe Müller, I.H. 1973. Rapport om undersøkelsene på Den norske Creditbanks tomt i Tønsberg 2. juli – 15. august 1973. Riksantikvaren."
"MULTIPOLYGON (((580167.153 6570601.10999999,580167.182 6570601.153,580167.222 6570601.179,580167.318 6570601.117,580167.284 6570601.063,580167.193999999 6570601.053,580167.153 6570601.10999999)),((580166.919856281 6570601.44813255,580166.787 6570601.432,580166.722 6570601.465,580166.786999999 6570601.611,580166.857 6570601.611,580166.908000001 6570601.54999999,580166.926357156 6570601.45241722,580166.95 6570601.468,580167.03 6570601.409,580167.0494 6570601.3342,580167.030055144 6570601.32234057,580167.058 6570601.339,580167.126 6570601.262,580167.171 6570601.205,580167.126000001 6570601.19099999,580167.013 6570601.217,580166.995 6570601.24499999,580167.005931341 6570601.30760677,580166.933 6570601.26999999,580166.857 6570601.361,580166.906 6570601.439,580166.919856281 6570601.44813255)),((580166.449 6570601.78799999,580166.551 6570601.809,580166.638 6570601.752,580166.753 6570601.639,580166.729 6570601.574,580166.650000001 6570601.57099999,580166.558 6570601.609,580166.497 6570601.667,580166.465 6570601.74199999,580166.449 6570601.78799999)),((580166.325 6570601.90199999,580166.276 6570601.936,580166.275 6570601.989,580166.398000001 6570601.948,580166.37 6570601.885,580166.325 6570601.90199999)),((580166.242 6570602.012,580166.221999999 6570601.957,580166.128 6570601.99199999,580166.114 6570602.087,580166.174999999 6570602.182,580166.257000001 6570602.13599999,580166.242 6570602.012)),((580166.114 6570602.137,580166.049 6570602.117,580166.048 6570602.234,580166.089999999 6570602.279,580166.161 6570602.221,580166.114 6570602.137)),((580165.975 6570602.2,580166.012000001 6570602.126,580165.936 6570602.115,580165.85 6570602.15999999,580165.929 6570602.242,580165.975 6570602.2)),((580165.496000001 6570601.83199999,580165.398 6570601.965,580165.483 6570602.023,580165.571 6570601.907,580165.496000001 6570601.83199999)),((580165.872 6570602.495,580165.77 6570602.258,580165.678 6570602.378,580165.772 6570602.493,580165.866 6570602.574,580165.872 6570602.495)),((580165.481999999 6570602.567,580165.619 6570602.698,580165.73 6570602.762,580165.778586157 6570602.78537828,580165.617 6570602.716,580165.473 6570602.65199999,580165.342 6570602.577,580165.202 6570602.486,580165.076 6570602.523,580165.237000001 6570602.645,580165.372 6570602.73,580165.515 6570602.836,580165.697 6570602.889,580165.803 6570602.92399999,580165.798 6570602.83399999,580165.780544068 6570602.78632037,580165.969 6570602.87699999,580165.880000001 6570602.758,580165.74 6570602.646,580165.657 6570602.57,580165.560999999 6570602.521,580165.481999999 6570602.567)),((580167.3822 6570600.9089,580167.343 6570600.982,580167.355 6570601.016,580167.451 6570601.014,580167.508 6570600.92,580167.467000001 6570600.90299999,580167.3822 6570600.9089)),((580167.951999999 6570601.25,580167.951 6570601.169,580167.881 6570601.145,580167.847000001 6570601.18999999,580167.822 6570601.222,580167.821000001 6570601.34099999,580167.877 6570601.402,580167.929000001 6570601.35,580167.951999999 6570601.25)),((580168.195 6570601.419,580168.208704819 6570601.40344177,580168.204 6570601.41,580168.2475 6570601.5091,580168.2875 6570601.4437,580168.405999999 6570601.379,580168.490267724 6570601.33404445,580168.356 6570601.415,580168.288 6570601.449,580168.174 6570601.63,580168.175 6570601.687,580168.213 6570601.722,580168.293 6570601.669,580168.441 6570601.487,580168.446 6570601.485,580168.465 6570601.508,580168.723 6570601.323,580168.794 6570601.235,580168.953 6570601.13,580168.8947 6570601.08109999,580168.8652 6570601.0305,580168.655 6570601.15699999,580168.520288362 6570601.30245551,580168.5932 6570601.2202,580168.561 6570601.19099999,580168.450795329 6570601.24485942,580168.559 6570601.185,580168.662000001 6570601.07499999,580168.8188 6570600.9546,580168.7197 6570600.77959999,580168.545 6570600.92,580168.434000001 6570601.03999999,580168.27 6570601.168,580168.098 6570601.263,580168.052 6570601.289,580168.123000001 6570601.40599999,580168.1505 6570601.39729999,580168.195 6570601.419)),((580168.525 6570601.90299999,580168.5595 6570601.916,580168.613 6570601.763,580168.503 6570601.714,580168.477 6570601.658,580168.361 6570601.623,580168.283 6570601.72099999,580168.355000001 6570601.813,580168.383 6570601.85799999,580168.431000001 6570601.862,580168.525 6570601.90299999)))",646,SV,"Rådhusgaten, nedre",SA18534,Hus,31,Sivile konstruksjoner,Bygning,0.76,0,0,1,0,0,0,"2",1200,1300,1229,UBA-45265,UBA-45269,,,"2020",NIKU,703,,1021765,C62889,NIKU Oppdragsrapport 10/2021
"MULTIPOLYGON (((580158.01921946 6570603.26930741,580158.182 6570603.108,580158.36 6570602.961,580158.517 6570602.831,580158.413000001 6570602.73199999,580158.233 6570602.866,580158.033 6570603.005,580157.913510103 6570603.11187707,580157.887561842 6570603.07316227,580158.014000001 6570603.001,580158.179 6570602.844,580158.39 6570602.678,580158.303000001 6570602.56799999,580158.202 6570602.625,580158.023 6570602.78099999,580157.879000001 6570602.87199999,580157.806568453 6570602.95232013,580157.765856347 6570602.89157766,580157.7761 6570602.8972,580157.8068 6570602.8051,580157.822100001 6570602.7437,580157.814923332 6570602.72789256,580157.8774 6570602.6823,580157.839 6570602.587,580157.7669 6570602.4736,580157.7085 6570602.3968,580157.582963871 6570602.49293126,580157.521774577 6570602.53569005,580157.5213 6570602.535,580157.477183796 6570602.56684987,580157.3954 6570602.624,580157.396312369 6570602.62523534,580157.3555 6570602.6547,580157.587 6570603.106,580157.874007667 6570603.48725464,580157.81 6570603.426,580157.779 6570603.463,580157.696000001 6570603.55999999,580157.721 6570603.617,580157.852000001 6570603.66699999,580157.924 6570603.643,580157.90611571 6570603.53399099,580158.038000001 6570603.74199999,580158.172354184 6570603.60153881,580158.225 6570603.656,580158.518 6570603.459,580158.823 6570603.309,580158.997999999 6570603.087,580158.946 6570602.96,580158.733 6570603.062,580158.451 6570603.323,580158.251 6570603.446,580158.185420834 6570603.51564159,580158.01921946 6570603.26930741)),((580157.362 6570602.96799999,580157.434000001 6570602.90399999,580157.38 6570602.778,580157.304 6570602.783,580157.27 6570602.903,580157.362 6570602.96799999)),((580157.408 6570603.149,580157.465 6570603.15,580157.536 6570603.089,580157.5 6570603.013,580157.416 6570603.005,580157.35 6570603.077,580157.408 6570603.149)),((580157.53 6570603.204,580157.488999999 6570603.281,580157.557 6570603.376,580157.643 6570603.329,580157.664 6570603.266,580157.614 6570603.226,580157.547 6570603.189,580157.53 6570603.204)),((580157.663 6570603.346,580157.604 6570603.474,580157.654000001 6570603.495,580157.730000001 6570603.417,580157.79 6570603.377,580157.721 6570603.308,580157.663 6570603.346)),((580157.930000001 6570603.86699999,580157.969 6570603.96699999,580158.059 6570603.939,580158.118 6570603.951,580158.116000001 6570603.829,580158.087 6570603.755,580157.992 6570603.775,580157.930000001 6570603.86699999)),((580157.028 6570603.34,580156.959 6570603.399,580156.876000001 6570603.46999999,580156.749 6570603.39999999,580156.672999999 6570603.444,580156.789 6570603.69899999,580156.959 6570603.612,580157.104 6570603.493,580157.258 6570603.36,580157.195 6570603.289,580157.028 6570603.34)),((580157.209000001 6570604.16099999,580157.055 6570604.03,580157.002 6570604.034,580156.897 6570603.91,580156.863 6570603.805,580156.724000001 6570603.694,580156.592 6570603.532,580156.406900001 6570603.3239,580156.2534 6570603.4314,580156.64 6570603.893,580156.871 6570604.10499999,580157.070000001 6570604.275,580157.214000001 6570604.36799999,580157.314999999 6570604.357,580157.209000001 6570604.16099999)))",648,SV,"Rådhusgaten, nedre",SA18537,Hus,31,Sivile konstruksjoner,Bygning,1.25,0,0,1,0,0,0,"2",1200,1300,1262,UBA-45264,,,,"2020",NIKU,703,,1021765,C62889,NIKU Oppdragsrapport 10/2021
"MULTIPOLYGON (((580142.581 6570589.244,580142.2733 6570588.9834,580142.184 6570588.881,580141.955000001 6570588.60699999,580141.763000001 6570588.76399999,580141.978 6570589.026,580142.0173 6570589.0598,580142.016 6570589.061,580142.08 6570589.26499999,580142.302999999 6570589.459,580142.445000001 6570589.476,580142.673 6570589.574,580142.879 6570589.893,580143.032 6570590.083,580143.143 6570589.941,580143.402 6570590.114,580143.475 6570590.154,580143.535 6570590.164,580143.265000001 6570589.888,580143.088000001 6570589.682,580142.96 6570589.68,580142.581 6570589.244)),((580141.623 6570591.198,580141.488 6570591.335,580141.021000001 6570590.799,580140.862000001 6570590.602,580140.666000001 6570590.686,580140.673 6570590.748,580140.695999999 6570590.821,580140.774 6570590.812,580141.033000001 6570591.05999999,580141.005 6570591.145,580141.046 6570591.283,580140.994 6570591.411,580141.253 6570591.743,580141.517 6570592.04399999,580141.873 6570592.17,580142.049 6570592.155,580142.004999999 6570592.063,580142.063999999 6570591.941,580141.966 6570591.73899999,580141.764 6570591.522,580141.837 6570591.428,580141.623 6570591.198)),((580141.719000001 6570588.667,580141.797 6570588.57,580141.872 6570588.54999999,580141.739 6570588.417,580141.533 6570588.567,580141.578 6570588.661,580141.719000001 6570588.667)),((580140.428 6570588.925,580140.471 6570588.829,580140.027 6570588.332,580140.156000001 6570588.172,580139.907 6570587.877,580139.592 6570587.678,580139.537 6570587.727,580139.468000001 6570587.71899999,580139.384 6570587.8,580139.419 6570587.9,580139.273 6570587.896,580139.212 6570587.865,580139.17 6570587.769,580139.281 6570587.724,580139.26 6570587.619,580139.223 6570587.54299999,580139.112 6570587.669,580139.075 6570587.679,580139.031 6570587.724,580138.993 6570587.79999999,580139.284 6570588.176,580139.673 6570588.555,580140.083 6570588.965,580140.35 6570589.167,580140.550000001 6570589.385,580140.59 6570589.47299999,580140.707999999 6570589.425,580140.758 6570589.33,580140.428 6570588.925)),((580139.125 6570588.29899999,580139.246 6570588.444,580139.446000001 6570588.64499999,580139.559 6570588.78899999,580139.681999999 6570588.892,580139.933 6570589.08899999,580140.222 6570589.336,580140.317 6570589.421,580140.457 6570589.526,580140.534 6570589.454,580140.202 6570589.12699999,580139.94 6570588.851,580139.799 6570588.73399999,580139.599000001 6570588.54199999,580139.387 6570588.304,580139.210999999 6570588.094,580139.045000001 6570588.10699999,580139.005 6570588.168,580139.048 6570588.211,580139.125 6570588.29899999)),((580138.935 6570588.25199999,580138.87 6570588.343,580138.869 6570588.479,580138.9498 6570588.5756,580139.27 6570588.97849999,580139.58 6570589.35599999,580139.8223 6570589.6146,580139.8786 6570589.6864,580139.871 6570589.695,580140.132 6570589.988,580140.284 6570589.914,580140.095 6570589.74,580139.9906 6570589.5477,580140.011 6570589.511,580139.726 6570589.144,580139.51 6570588.968,580139.422 6570588.856,580139.261 6570588.578,580139.14 6570588.517,580139.062000001 6570588.41699999,580139.045 6570588.31,580138.935 6570588.25199999)))",649,SV,"Rådhusgaten, nedre","ST13659, ST13677, ST13784, ST13792, ST13822 og ST13843",Mulig passasje,14,Transport,Passasje,3.01,0,0,0,0,1,0,"3",1300,1536,1409,UBA-45262,,,,"2020",NIKU,703,,1021765,C62889,NIKU Oppdragsrapport 10/2021
"MULTIPOLYGON (((580164.039 6570611.11,580164.111449387 6570611.19639611,580164.0394 6570611.1107,580163.672 6570610.742,580163.548589144 6570610.59557546,580163.594000001 6570610.649,580163.671000001 6570610.695,580163.777 6570610.744,580163.998 6570610.71699999,580164.189 6570610.634,580164.244 6570610.489,580164.292000001 6570610.17199999,580164.188 6570610.001,580164.011 6570609.994,580163.845 6570610.007,580163.724 6570609.96899999,580163.697 6570610.004,580163.61 6570610.193,580163.542000001 6570610.32999999,580163.515 6570610.364,580163.472 6570610.451,580163.500965377 6570610.5072989,580163.4719 6570610.451,580163.2851 6570610.20449999,580163.244485252 6570610.1676489,580163.285000001 6570610.20299999,580163.311000001 6570610.192,580163.387 6570610.195,580163.61 6570609.84,580163.412 6570609.447,580163.445215131 6570609.42621924,580163.4124 6570609.4471,580163.5511 6570609.7227,580163.864 6570609.682,580163.864 6570609.588,580163.814 6570609.503,580163.78 6570609.449,580163.669 6570609.35,580163.599769852 6570609.32952347,580163.607 6570609.325,580163.585000001 6570609.28399999,580163.190000001 6570609.02399999,580163.176 6570609.004,580163.012 6570609.09,580162.779 6570609.103,580162.708 6570609.16,580162.641 6570609.22599999,580162.536506029 6570609.30461926,580162.536399999 6570609.3044,580162.515699999 6570609.2842,580162.4759 6570609.3092,580162.004 6570609.5687,580162.5656 6570610.1633,580162.865768955 6570610.47492268,580162.878999999 6570610.494,580162.882300417 6570610.49208494,580163.0085 6570610.6231,580163.169 6570610.8153,580163.6381 6570611.3731,580163.958 6570611.7506,580164.5448 6570612.3842,580164.771100001 6570612.4826,580164.8417 6570612.5013,580165.0286 6570612.41069999,580165.1036 6570612.3797,580164.844200001 6570612.0744,580164.76643208 6570611.8994719,580164.784 6570611.878,580164.889 6570611.74199999,580164.973 6570611.61,580164.975000001 6570611.56799999,580164.959 6570611.559,580164.931 6570611.55399999,580164.9 6570611.564,580164.887 6570611.563,580164.86 6570611.564,580164.778 6570611.645,580164.711999999 6570611.696,580164.664 6570611.737,580164.670000001 6570611.804,580164.755428563 6570611.88942856,580164.5736 6570611.7334,580164.3604 6570611.49249999,580164.261778896 6570611.37519926,580164.362000001 6570611.49399999,580164.574 6570611.733,580164.654 6570611.708,580164.844 6570611.486,580164.901 6570611.234,580164.71 6570611.025,580164.459999999 6570610.936,580164.323 6570610.903,580164.039 6570611.11),(580163.017000001 6570609.95799999,580163.117043315 6570610.05201661,580163.011 6570609.9558,580162.7027 6570609.6024,580162.6259 6570609.4888,580162.625383444 6570609.48776243,580162.705 6570609.60499999,580162.874000001 6570609.78299999,580163.017000001 6570609.95799999)),((580163.573 6570610.118,580163.526 6570610.057,580163.490000001 6570610.11899999,580163.448 6570610.175,580163.377 6570610.24899999,580163.415 6570610.301,580163.496 6570610.266,580163.545000001 6570610.2,580163.576 6570610.156,580163.577 6570610.13399999,580163.573 6570610.118)),((580163.811000001 6570609.75099999,580163.662 6570609.76799999,580163.639 6570609.816,580163.669 6570609.859,580163.699 6570609.923,580163.815 6570609.94,580163.839 6570609.927,580163.856000001 6570609.906,580163.905 6570609.85699999,580163.903 6570609.795,580163.878 6570609.769,580163.848 6570609.763,580163.811000001 6570609.75099999)),((580164.262 6570609.819,580164.239 6570609.82899999,580164.198 6570609.836,580164.178 6570609.88199999,580164.166 6570609.944,580164.177 6570609.964,580164.203000001 6570609.98399999,580164.306 6570609.856,580164.297 6570609.829,580164.262 6570609.819)),((580164.181 6570610.835,580164.263999999 6570610.86,580164.337000001 6570610.857,580164.382 6570610.815,580164.411 6570610.75,580164.384 6570610.69,580164.293999999 6570610.65,580164.207 6570610.64299999,580164.150999999 6570610.726,580164.181 6570610.835)),((580164.474 6570610.716,580164.491 6570610.735,580164.545 6570610.715,580164.582 6570610.667,580164.540000001 6570610.567,580164.504 6570610.543,580164.404999999 6570610.497,580164.351 6570610.553,580164.3 6570610.62599999,580164.474 6570610.716)),((580164.573 6570610.51,580164.666 6570610.619,580164.713000001 6570610.64199999,580164.737000001 6570610.62099999,580164.787 6570610.52899999,580164.817 6570610.439,580164.686 6570610.326,580164.624 6570610.34299999,580164.571000001 6570610.43399999,580164.573 6570610.51)),((580165.016 6570611.072,580165.018 6570611.05,580164.939 6570611.00499999,580164.916 6570611.01599999,580164.905 6570611.01899999,580164.91 6570611.103,580164.941 6570611.129,580164.966 6570611.159,580164.997 6570611.14299999,580165.016 6570611.072)),((580165.147000001 6570610.914,580165.077 6570610.899,580165.031 6570611.012,580165.082000001 6570611.093,580165.116 6570611.13799999,580165.172 6570611.134,580165.218 6570611.08799999,580165.242 6570610.976,580165.223000001 6570610.94499999,580165.147000001 6570610.914)),((580165.050000001 6570611.34699999,580165.001999999 6570611.423,580165.057 6570611.51400001,580165.147000001 6570611.51399999,580165.259 6570611.459,580165.251000001 6570611.30099999,580165.237 6570611.273,580165.159000001 6570611.189,580165.107 6570611.221,580165.050000001 6570611.34699999)),((580165.191 6570611.638,580165.048 6570611.67499999,580164.925 6570611.76,580164.887 6570611.897,580164.845 6570612.075,580165.104 6570612.38,580165.278000001 6570612.23099999,580165.433 6570611.909,580165.191 6570611.638)))",650,SV,"Rådhusgaten, nedre",SA18536,Hus,31,Sivile konstruksjoner,Bygning,4.27,0,0,0,1,1,1,"3",1300,1536,,,,,,"2020",NIKU,703,,1021765,C62889,NIKU Oppdragsrapport 10/2021
"MULTIPOLYGON (((580162.177077931 6570608.87655381,580161.9485 6570609.0672,580162.111998789 6570609.24709867,580162.095 6570609.262,580162.3294 6570609.3876,580162.7778 6570609.1019,580163.234000001 6570608.69499999,580163.01 6570608.54,580162.638000001 6570608.786,580162.503187968 6570608.90417776,580162.342 6570608.73899999,580162.341827879 6570608.73914356,580162.017 6570608.381,580161.824999999 6570608.536,580161.910416839 6570608.61586342,580161.897 6570608.625,580161.675 6570608.786,580161.8696 6570608.93729999,580162.0341 6570608.8171,580162.08634703 6570608.78035542,580162.148 6570608.838,580162.177077931 6570608.87655381)))",651,SV,"Rådhusgaten, nedre",SA18535,Hus,31,Sivile konstruksjoner,Bygning,0.64,0,0,0,1,1,1,"3",1300,1536,,,,,,"2020",NIKU,703,,1021765,C62889,NIKU Oppdragsrapport 10/2021
"MULTIPOLYGON (((580185.0463 6570620.5546,580184.998336865 6570620.59495052,580185.045599999 6570620.5547,580184.964608933 6570620.48037538,580184.9729 6570620.4726,580184.8027 6570620.2644,580184.756629112 6570620.29925377,580184.7794 6570620.2792,580184.7009 6570620.1719,580184.404 6570620.431,580184.067 6570620.7849,580184.1428 6570620.8555,580184.148735949 6570620.8498182,580184.3091 6570621.0415,580184.311165949 6570621.03997293,580184.358162636 6570621.0959465,580184.354 6570621.0989,580184.371518276 6570621.12094509,580184.366000001 6570621.126,580184.501200001 6570621.3074,580184.511273946 6570621.30055535,580184.525899999 6570621.3206,580184.82423361 6570621.08791792,580184.83 6570621.084,580184.832790596 6570621.0819855,580184.5267 6570621.3215,580184.544428442 6570621.34445242,580184.543700001 6570621.34489999,580184.584700001 6570621.40149999,580184.587375969 6570621.40005514,580184.6017 6570621.4186,580184.683040107 6570621.3484028,580184.687903171 6570621.34577708,580184.6004 6570621.4201,580184.609125717 6570621.4318216,580184.6073 6570621.4329,580184.656800001 6570621.496,580184.656871447 6570621.49596033,580184.707 6570621.5633,580184.752383548 6570621.52876596,580184.75758876 6570621.53499631,580184.729 6570621.553,580184.838920029 6570621.66099161,580184.835 6570621.664,580184.938817949 6570621.77043038,580184.903199999 6570621.8107,580184.931507091 6570621.84732614,580184.9314 6570621.8474,580184.945153835 6570621.86498345,580185.0553 6570622.0075,580185.056043723 6570622.00674961,580185.0571 6570622.0081,580185.124931798 6570621.9612275,580185.1818361 6570622.01956373,580185.1745 6570622.0241,580185.251322131 6570622.10298645,580185.1579 6570622.1439,580185.2701 6570622.2976,580185.382290772 6570622.24516034,580185.386000001 6570622.24999999,580185.39755489 6570622.24071077,580185.527992265 6570622.37443042,580185.5086 6570622.3891,580185.6201 6570622.48749999,580185.947 6570622.318,580186.302 6570622.041,580186.209 6570621.925,580185.84 6570622.159,580185.605367157 6570622.31953826,580185.53365117 6570622.17441221,580185.956 6570621.977,580185.962 6570621.92,580185.984 6570621.814,580185.966 6570621.777,580185.669019007 6570621.91610117,580185.753 6570621.85,580185.751000001 6570621.803,580185.896 6570621.738,580185.903432346 6570621.71070794,580185.9918 6570621.6726,580185.8349 6570621.4825,580185.782935888 6570621.51912706,580185.779411775 6570621.50897496,580185.828 6570621.4754,580185.6927 6570621.3223,580185.616884848 6570621.37459283,580185.6643 6570621.2884,580185.5838 6570621.1883,580185.581333003 6570621.19039016,580185.4865 6570621.079,580185.485750183 6570621.07959497,580185.4594 6570621.0487,580185.428749172 6570621.07128132,580185.403217215 6570621.0390085,580185.443 6570621.011,580185.394900001 6570620.95719999,580185.356315127 6570620.97972349,580185.341603575 6570620.96112786,580185.3797 6570620.9394,580185.3298 6570620.8833,580185.092 6570621.032,580185.074551134 6570621.04103976,580185.157 6570620.99,580185.3146 6570620.86649999,580185.244385965 6570620.78485983,580185.2453 6570620.7842,580185.143851301 6570620.66614198,580185.1439 6570620.6661,580185.0648 6570620.5725,580185.063939746 6570620.57314719,580185.052899999 6570620.5603,580185.051900575 6570620.56106609,580185.0463 6570620.5546),(580185.185258442 6570621.05029752,580185.278767404 6570620.99696575,580185.202367315 6570621.06337359,580185.185258442 6570621.05029752),(580185.324541879 6570621.35712527,580185.348373168 6570621.38776549,580185.3383 6570621.3963,580185.1085 6570621.5831,580185.0885 6570621.6012,580185.050644497 6570621.64399939,580185.036118612 6570621.63075519,580185.161 6570621.529,580185.285289151 6570621.3861997,580185.324541879 6570621.35712527),(580185.271 6570621.87299999,580185.262 6570621.887,580185.262453784 6570621.88795798,580185.252290541 6570621.87322127,580185.625756075 6570621.61515268,580185.630875822 6570621.62630707,580185.532 6570621.696,580185.271 6570621.87299999),(580185.288 6570621.925,580185.287182892 6570621.92381519,580185.35248089 6570621.91304438,580185.338 6570621.923,580185.305914412 6570621.94284008,580185.288 6570621.925),(580185.548 6570621.934,580185.579573629 6570621.95799596,580185.539 6570621.977,580185.464377676 6570622.0096803,580185.447114403 6570621.97652766,580185.457 6570621.963,580185.414157012 6570621.89756707,580185.442 6570621.889,580185.577 6570621.79999999,580185.596491814 6570621.7911204,580185.574 6570621.81399999,580185.564000001 6570621.87199999,580185.548 6570621.934),(580185.403532448 6570622.03632704,580185.40335951 6570622.03640277,580185.41376528 6570622.0221633,580185.403532448 6570622.03632704)))",652,SV,"Rådhusgaten, øvre",SA12696,Trebrolegning/gårdsplass,14,Transport,Passasje,1.95,0,0,1,0,0,0,"3",,,1235,FTMC-WW97-1,,,,2022–2023,NIKU,,,1022282,C65327,NIKU Rapport 465a
"MULTIPOLYGON (((580184.346 6570620.661,580184.34662605 6570620.66044836,580184.283400001 6570620.72219999,580184.1461 6570620.85309999,580184.175036464 6570620.88531984,580184.1732 6570620.88659999,580184.270400001 6570620.99259999,580184.27095944 6570620.99212707,580184.3629 6570621.0945,580184.523399999 6570620.9822,580184.539077953 6570620.96800368,580184.5155 6570620.99009999,580184.361 6570621.0961,580184.5155 6570621.3065,580184.51558596 6570621.30641843,580184.537400001 6570621.3372,580184.543072995 6570621.33406913,580184.7028 6570621.5221,580184.727108563 6570621.49851314,580184.918000001 6570621.72699999,580185.161 6570621.529,580185.302 6570621.367,580185.366328462 6570621.31910789,580185.3672 6570621.3201,580185.364 6570621.322,580185.490404992 6570621.46220784,580185.431 6570621.532,580185.252 6570621.703,580185.0621 6570621.9132,580185.238 6570622.1056,580185.3778 6570622.25889999,580185.579 6570622.073,580185.783000001 6570621.84599999,580185.822867603 6570621.80592582,580185.945 6570621.933,580186.072 6570621.798,580185.961659951 6570621.66641435,580185.976 6570621.652,580185.813700001 6570621.4652,580185.652900001 6570621.27129999,580185.612956845 6570621.31822736,580185.6121 6570621.3172,580185.6132 6570621.3159,580185.533699999 6570621.2224,580185.521156528 6570621.20383941,580185.529 6570621.19799999,580185.448116103 6570621.09576143,580185.4401 6570621.0839,580185.398731725 6570621.03333877,580185.3328 6570620.95,580185.298540321 6570620.97977891,580185.285705928 6570620.98975261,580185.362554372 6570620.92362091,580185.3639 6570620.923,580185.363637864 6570620.92268851,580185.3656 6570620.921,580185.1506 6570620.6703,580185.1272 6570620.7001,580184.997859898 6570620.83327858,580185.0017 6570620.82929999,580185.125699999 6570620.7015,580185.1501 6570620.66769999,580185.0339 6570620.5367,580184.998977209 6570620.56844799,580185.0328 6570620.5363,580184.7809 6570620.27799999,580184.588000001 6570620.44949999,580184.5058 6570620.5213,580184.42430939 6570620.59199787,580184.59 6570620.446,580184.7794 6570620.2792,580184.7009 6570620.1719,580184.404 6570620.431,580184.067 6570620.7849,580184.1428 6570620.8555,580184.346 6570620.661),(580184.864 6570620.691,580184.722063241 6570620.80268793,580184.850000001 6570620.69899999,580184.919780213 6570620.64038462,580184.864 6570620.691),(580185.139 6570621.116,580185.172988226 6570621.08675152,580185.174286548 6570621.08778172,580185.172999999 6570621.0889,580184.885626907 6570621.34470115,580184.9251 6570621.30639999,580185.139 6570621.116)),((580186.118 6570621.81,580185.882 6570621.996,580185.618 6570622.243,580185.495400001 6570622.3429,580185.7058 6570622.5563,580185.969 6570622.286,580186.148 6570622.117,580186.33 6570621.985,580186.118 6570621.81)))",653,SV,"Rådhusgaten, øvre",SA10600,Stavbygning,31,Sivile konstruksjoner,Bygning,1.83,0,1,0,0,0,0,"2",1160,1184,,,,,,2022–2023,NIKU,,,1022282,C65327,NIKU Rapport 465a
"MULTIPOLYGON (((580176.318 6570612.122,580177.8406 6570613.99119999,580179.8577 6570612.1801,580178.106 6570610.397,580176.318 6570612.122)))",654,SV,"Rådhusgaten, øvre",SA1386,Bygning 1,31,Sivile konstruksjoner,Bygning,6.37,0,0,1,0,0,0,,,,1252,FTMC-WW97-10,,,,2022–2023,NIKU,,,1022282,C65327,NIKU Rapport 465a
"MULTIPOLYGON (((580177.393 6570613.454,580179.691326418 6570611.64457166,580178.478894742 6570610.41042189,580176.214999999 6570612.274,580177.393 6570613.454)))",655,SV,"Rådhusgaten, øvre",SA1708,Bygning 2,31,Sivile konstruksjoner,Bygning,4.95,0,0,1,0,0,0,"4",,,1268,FTMC-WW97-5,FTMC-WW97-6,,,2022–2023,NIKU,,,1022282,C65327,NIKU Rapport 465a
"MULTIPOLYGON (((580178.57 6570614.8325,580180.726929372 6570613.19488299,580175.691 6570607.37499999,580174.430999999 6570608.657,580177.62 6570612.029,580176.7107 6570612.7303,580178.57 6570614.8325)))",656,SV,"Rådhusgaten, øvre",SA1860,Bygning 3,31,Sivile konstruksjoner,Bygning,15.69,0,1,0,0,0,0,"2",,,1109,FTMC-WW97-7,,,,2022–2023,NIKU,,,1022282,C65327,NIKU Rapport 465a
"MULTIPOLYGON (((580178.7318 6570613.2221,580179.8577 6570612.1801,580177.338 6570609.006,580175.933 6570607.523,580174.458 6570608.671,580175.06 6570609.43399999,580178.7318 6570613.2221)))",658,SV,"Rådhusgaten, øvre",SA3335,Brygge,15,Transport,Brygge,11.11,0,1,0,0,0,0,"1",,,1110,FTMC-WW97-8,FTMC-WW97-9,,,2022–2023,NIKU,,,1022282,C65327,NIKU Rapport 465a
"MULTIPOLYGON (((580180.631 6570617.145,580180.674 6570617.139,580180.682 6570617.07,580180.679 6570617.028,580180.657 6570617.009,580180.595 6570617.01099999,580180.567999999 6570617.051,580180.631 6570617.145)),((580180.802 6570616.897,580180.755 6570616.882,580180.712 6570616.913,580180.677000001 6570616.96299999,580180.677 6570617.02,580180.723 6570617.089,580180.8 6570617.08699999,580180.836 6570617.045,580180.851 6570616.992,580180.855999999 6570616.93600001,580180.802 6570616.897)),((580180.89 6570616.994,580180.851 6570617.06,580180.822 6570617.095,580180.762 6570617.111,580180.785 6570617.175,580180.842000001 6570617.24199999,580180.961 6570617.225,580181.033 6570617.201,580181.093 6570617.179,580181.107 6570617.129,580181.109 6570617.055,580181.085 6570617.003,580181.062724863 6570616.99323556,580181.149 6570616.957,580181.194 6570616.904,580181.187 6570616.891,580181.168731731 6570616.87541824,580181.178 6570616.862,580181.239 6570616.813,580181.267 6570616.73799999,580181.275860617 6570616.72650514,580181.277 6570616.736,580181.315 6570616.76,580181.378 6570616.717,580181.393000001 6570616.663,580181.357 6570616.587,580181.321438673 6570616.59806352,580181.295000001 6570616.575,580181.213 6570616.517,580181.122000001 6570616.52399999,580181.086999999 6570616.537,580181.046 6570616.546,580180.998 6570616.59,580180.958 6570616.631,580180.917 6570616.66,580180.898000001 6570616.702,580180.901715711 6570616.73915711,580180.901 6570616.739,580180.842 6570616.852,580180.898000001 6570616.97,580180.918933212 6570616.98811528,580180.89 6570616.994),(580181.013967213 6570616.91473771,580181.012 6570616.917,580180.986826515 6570616.9692613,580180.9998 6570616.9404,580181.009253283 6570616.91296997,580181.013967213 6570616.91473771),(580180.985699999 6570616.9716,580180.989283863 6570616.9749663,580180.981750854 6570616.97628159,580180.985856627 6570616.97127484,580180.985699999 6570616.9716)),((580181.600999999 6570616.578,580181.637 6570616.527,580181.680000001 6570616.47799999,580181.738 6570616.412,580181.755 6570616.35,580181.74 6570616.281,580181.719 6570616.245,580181.643 6570616.22,580181.591 6570616.199,580181.527000001 6570616.21199999,580181.47 6570616.207,580181.416 6570616.25799999,580181.375 6570616.338,580181.349 6570616.397,580181.355 6570616.478,580181.395 6570616.551,580181.451 6570616.60099999,580181.525 6570616.601,580181.600999999 6570616.578)),((580181.818999999 6570616.057,580181.806 6570616.02499999,580181.778000001 6570615.98399999,580181.71 6570615.957,580181.679000001 6570615.953,580181.646 6570615.998,580181.6 6570616.048,580181.611 6570616.142,580181.645 6570616.18099999,580181.704999999 6570616.201,580181.761 6570616.189,580181.786 6570616.14199999,580181.818999999 6570616.057)),((580182.062 6570616.044,580182.093 6570616.003,580182.07 6570615.948,580182.042 6570615.9,580181.985000001 6570615.89199999,580181.941 6570615.85399999,580181.917 6570615.879,580181.865 6570615.919,580181.865 6570615.988,580181.9 6570616.034,580181.965 6570616.062,580181.992 6570616.09,580182.062 6570616.044)),((580182.329 6570615.926,580182.344000001 6570615.855,580182.297 6570615.791,580182.254 6570615.758,580182.174 6570615.74,580182.104 6570615.777,580182.057 6570615.77499999,580182.04 6570615.868,580182.077 6570615.904,580182.138 6570615.92699999,580182.235 6570615.958,580182.282 6570615.925,580182.329 6570615.926)),((580182.748 6570615.492,580182.8498 6570615.42159999,580182.783999999 6570615.328,580182.766 6570615.316,580182.683 6570615.38599999,580182.710000001 6570615.43799999,580182.748 6570615.492)))",659,SV,"Rådhusgaten, øvre",SA3696,"Stabberekke SA3655, tak SA3759 og gulv SA3893",31,Sivile konstruksjoner,Bygning,0.52,0,0,1,0,0,0,,,,,,,,,2022–2023,NIKU,,,1022282,C65327,NIKU Rapport 465a
"MULTIPOLYGON (((580244.287167856 6570677.33186823,580244.762739346 6570676.72041917,580243.336024875 6570675.8999277,580242.776836421 6570676.57931555,580243.226277609 6570676.87197492,580244.287167856 6570677.33186823)))",660,SV,"Rådhusgaten, øvre",SA4454,Bygning med store mengder slagg og jernrester. Smide?,54,Handel- og næringskonstruksjoner,Produksjon,1.41,0,0,1,0,0,0,,,,1273,FTMC-NB12-1,,,,2022–2023,NIKU,,,1022282,C65327,NIKU Rapport 465a
"MULTIPOLYGON (((580255.582530543 6570668.4937832,580254.982524925 6570668.10330708,580253.550032596 6570670.0273409,580253.016358983 6570670.57505856,580251.485558357 6570672.35865194,580251.991143884 6570672.77997322,580255.582530543 6570668.4937832)),((580249.145420785 6570676.11015258,580249.995229141 6570675.15795767,580249.503773706 6570674.69721819,580248.520862836 6570675.53678791,580249.145420785 6570676.11015258)))",661,,"Rådhusgaten, øvre",SA4719,"Strete, fase 3",13,Transport,Strete,4.52,0,1,0,0,0,0,,,,1156,FTMC-WW97-20,,,,2022–2023,NIKU,,,1022282,C65327,NIKU Rapport 465a
"MULTIPOLYGON (((580252.183794277 6570671.54511101,580252.678737204 6570671.95935546,580252.980604978 6570671.59908721,580252.511379401 6570671.16342926,580252.183794277 6570671.54511101)))",662,SV,"Rådhusgaten, øvre",SA5151,Vannrenne,36,Sivile konstruksjoner,Vannhåndtering,0.31,0,1,1,0,0,0,,1100,1350,,,,,,2022–2023,NIKU,,,1022282,C65327,NIKU Rapport 465a
"MULTIPOLYGON (((580255.160578262 6570668.22391495,580255.005258405 6570668.3352275,580254.471993559 6570669.01863488,580254.704973346 6570669.57325621,580254.927598475 6570669.35839706,580255.582530543 6570668.4937832,580255.160578262 6570668.22391495)))",663,,"Rådhusgaten, øvre",SA5247,"Strete, fase 1",13,Transport,Strete,0.68,0,1,0,0,0,0,,,,1123,FTMC-IT83-1,FTMC-NB12-8,,,2022–2023,NIKU,,,1022282,C65327,NIKU Rapport 465a
"MULTIPOLYGON (((580254.747985895 6570668.3907797,580253.773742892 6570669.49982362,580253.847270666 6570669.73878889,580254.159763705 6570669.97775415,580254.288437309 6570669.81231666,580254.447747486 6570669.73266158,580254.502893316 6570669.74491619,580255.266156903 6570668.91144642,580254.839895613 6570668.39690702,580254.747985895 6570668.3907797)))",664,,"Rådhusgaten, øvre",SA5276,"Strete, fase 2",13,Transport,Strete,1.1,0,1,1,0,0,0,,1100,1350,,,,,,2022–2023,NIKU,,,1022282,C65327,NIKU Rapport 465a
"MULTIPOLYGON (((580180.6066402 6570613.05586815,580182.8644 6570615.9136,580183.085788626 6570615.77619099,580180.6066402 6570613.05586815)))",665,SV,"Rådhusgaten, øvre",SA6741,Planker utenfor hus,31,Sivile konstruksjoner,Bygning,0.47,0,0,1,0,0,0,"2",,,1264,FTMC-JJ31-2,FTMC-WW97-22,,,2022–2023,NIKU,,,1022282,C65327,NIKU Rapport 465a
"MULTIPOLYGON (((580178.7009 6570615.09409999,580181.45 6570617.9921,580183.773013327 6570616.24997152,580180.726929372 6570613.19488299,580178.7009 6570615.09409999)))",666,SV,"Rådhusgaten, øvre",SA6834,Latrine-bygning,31,Sivile konstruksjoner,Bygning,11.76,0,1,0,0,0,0,"2",,,1195,FTMC-JJ31-8,FTMC-JJ31-9,FTMC-WW97-18,,2022–2023,NIKU,,,1022282,C65327,NIKU Rapport 465a
"MULTIPOLYGON (((580181.643 6570618.057,580183.472398111 6570616.47541592,580180.501 6570613.37099999,580178.7009 6570615.09409999,580181.643 6570618.057)))",667,SV,"Rådhusgaten, øvre",SA6839,Bygning 2,31,Sivile konstruksjoner,Bygning,10.4,0,0,1,0,0,0,,,,1255,FTMC-WW97-11,,,,2022–2023,NIKU,,,1022282,C65327,NIKU Rapport 465a
"MULTIPOLYGON (((580201.368 6570639.133,580202.0604 6570638.4512,580200.455591091 6570636.78792889,580199.775183186 6570637.44537683,580201.368 6570639.133)))",669,SV,"Rådhusgaten, øvre",SA8926,Syllstokk og syllsteiner,31,Sivile konstruksjoner,Bygning,2.22,0,0,1,0,0,0,,,,1240,FTMC-NB12-3,,,,2022–2023,NIKU,,,1022282,C65327,NIKU Rapport 465a
"MULTIPOLYGON (((580194.8995 6570632.2924,580195.552 6570631.829,580194.392 6570630.534,580193.7485 6570631.0964,580194.8995 6570632.2924)))",670,SV,"Rådhusgaten, øvre",SA9265,Bygning,31,Sivile konstruksjoner,Bygning,1.4,0,0,1,1,0,0,"1",1150,1350,,,,,,2022–2023,NIKU,,,1022282,C65327,NIKU Rapport 465a
"MULTIPOLYGON (((580194.8995 6570632.2924,580195.552 6570631.829,580194.392 6570630.534,580193.7485 6570631.0964,580194.8995 6570632.2924)))",671,SV,"Rådhusgaten, øvre",SA9268,Lunner,31,Sivile konstruksjoner,Bygning,1.4,0,1,0,0,0,0,,,,1182,FTMC-NB12-5,,,,2022–2023,NIKU,,,1022282,C65327,NIKU Rapport 465a
"MULTIPOLYGON (((580193.112 6570629.75,580193.68695395 6570629.13133876,580192.595 6570628.093,580192.094 6570628.53799999,580193.112 6570629.75)))",672,SV,"Rådhusgaten, øvre",SA9445,Brønn,35,Sivile konstruksjoner,Brønn,1.17,0,0,0,1,0,0,,,,1348,FTMC-NB12-6,,,,2022–2023,NIKU,,,1022282,C65327,NIKU Rapport 465a
"MULTIPOLYGON (((580191.8806 6570628.6764,580192.5307 6570628.0424,580191.8626 6570627.3446,580191.168000001 6570627.94999999,580191.8806 6570628.6764)))",673,SV,"Rådhusgaten, øvre",SA9970,Dør,31,Sivile konstruksjoner,Bygning,0.91,0,1,0,0,0,0,,,,1171,FTMC-NB12-7,,,,2022–2023,NIKU,,,1022282,C65327,NIKU Rapport 465a
"MULTIPOLYGON (((580245.873054721 6570676.95980753,580245.825095283 6570676.99482374,580245.508536444 6570677.04542297,580244.719178381 6570676.77642613,580243.97634147 6570676.4566319,580243.792344257 6570676.84469875,580243.564856794 6570677.08222242,580244.759165977 6570677.64090486,580244.772547592 6570677.73457616,580245.173996056 6570677.92191879,580245.749405521 6570677.93530041,580245.976892984 6570677.86839233,580245.873054721 6570676.95980753)))",674,SV,"Rådhusgaten, øvre",SL4281,"Produksjonsavfall,  bein",54,Handel- og næringskonstruksjoner,Produksjon,1.89,0,0,1,0,0,0,,,,1295,FTMC-NB12-9,,,,2022–2023,NIKU,,,1022282,C65327,NIKU Rapport 465a
"MULTIPOLYGON (((580161.158000001 6570612.52799999,580164.833 6570616.401,580166.772 6570614.405,580164.343202344 6570611.83636686,580163.130865482 6570612.84664757,580161.946311339 6570611.57116817,580161.158000001 6570612.52799999)))",675,SV,"Rådhusgaten, øvre",SA11144,Bolverkskar,15,Transport,Brygge,12.24,0,1,0,0,0,0,"1",,,1147,FTMC-WW97-3,FTMC-WW97-4,FTMC-WW97-12,,2022–2023,NIKU,,,1022282,C65327,NIKU Rapport 465a
"MULTIPOLYGON (((580177.368246512 6570608.67166249,580175.832619819 6570609.87389656,580181.530603073 6570615.57187981,580182.711214461 6570614.61103283,580177.368246512 6570608.67166249)))",676,SV,"Rådhusgaten, øvre",SA12324,Bolverkskar,15,Transport,Brygge,13.88,0,0,1,0,0,0,"1",1203,1204,,,,,,2022–2023,NIKU,,,1022282,C65327,NIKU Rapport 465a
"MULTIPOLYGON (((580176.115498419 6570609.90925639,580177.478958125 6570608.79473217,580176.206887727 6570607.18261089,580174.753 6570608.40599999,580176.115498419 6570609.90925639)))",677,SV,"Rådhusgaten, øvre",SA12325,Bygning,31,Sivile konstruksjoner,Bygning,3.74,0,0,1,0,0,0,"2",,,1220,FTMC-JJ31-6,FTMC-WW97-16,,,2022–2023,NIKU,,,1022282,C65327,NIKU Rapport 465a
"MULTIPOLYGON (((580178.848307764 6570609.97492464,580181.192159031 6570612.80371065,580181.665368908 6570612.4014414,580179.313036894 6570609.59101796,580178.848307764 6570609.97492464)))",678,SV,"Rådhusgaten, øvre",SA12698,Bygning,31,Sivile konstruksjoner,Bygning,2.25,0,0,1,0,0,0,"2",,,1261,FTMC-JJ31-7,,,,2022–2023,NIKU,,,1022282,C65327,NIKU Rapport 465a
"MULTIPOLYGON (((580181.601322723 6570612.90979012,580184.611959263 6570616.00630053,580185.09689401 6570615.62239385,580181.970075185 6570612.64206573,580181.601322723 6570612.90979012)))",679,SV,"Rådhusgaten, øvre",SA6741,Bygning,31,Sivile konstruksjoner,Bygning,2.3,0,0,1,0,0,0,"3",,,1264,FTMC-WW97-22,FTMC-JJ31-2,,,2022–2023,NIKU,,,1022282,C65327,NIKU Rapport 465a
"MULTIPOLYGON (((580183.924968376 6570617.19843178,580182.51057537 6570618.3703574,580186.612315089 6570622.77518133,580187.905474408 6570621.46181641,580183.924968376 6570617.19843178)))",680,SV,"Rådhusgaten, øvre",SA12696,Trebrolegning/gårdsplass,14,Transport,Passasje,10.9,0,0,1,0,0,0,"3",,,1235,FTMC-WW97-1,,,,2022–2023,NIKU,,,1022282,C65327,NIKU Rapport 465a
"MULTIPOLYGON (((580178.681611445 6570609.77286849,580176.357965792 6570611.95507485,580181.005257099 6570616.8044223,580183.22787468 6570614.74344963,580178.681611445 6570609.77286849)))",681,SV,"Rådhusgaten, øvre",SA3696,Bygning,31,Sivile konstruksjoner,Bygning,20.93,0,0,1,0,0,0,"5",,,1252,FTMC-WW97-10,,,,2022–2023,NIKU,,,1022282,C65327,NIKU Rapport 465a
"MULTIPOLYGON (((580183.914865569 6570617.85511424,580182.76314555 6570618.80477811,580186.723445966 6570623.04795714,580187.854960372 6570621.91644273,580183.914865569 6570617.85511424)))",683,SV,"Rådhusgaten, øvre",SA12697,Bygning,31,Sivile konstruksjoner,Bygning,8.86,0,0,1,0,0,0,"5",,,1252,FTMC-NB12-4,,,,2022–2023,NIKU,,,1022282,C65327,NIKU Rapport 465a
"MULTIPOLYGON (((580173.970487036 6570609.23683356,580175.367890688 6570610.46996219,580178.020201978 6570608.62427972,580176.434100001 6570606.9793,580173.970487036 6570609.23683356)))",684,SV,"Rådhusgaten, øvre",ST11203/ST11115,Bygning (?),31,Sivile konstruksjoner,Bygning,6.75,0,0,1,0,0,0,"6",,,1269,FTMC-JJ31-1,,,,2022–2023,NIKU,,,1022282,C65327,NIKU Rapport 465a
"MULTIPOLYGON (((580199.98 6570636.221,580199.270151143 6570636.94025168,580201.730900002 6570639.4955,580202.574654987 6570638.74343986,580199.98 6570636.221)))",685,SV,"Rådhusgaten, øvre",SA8368,Gulvplanker,31,Sivile konstruksjoner,Bygning,3.83,0,0,1,0,0,0,"3",,,1260,FTMC-NB12-2,,,,2022–2023,NIKU,,,1022282,C65327,NIKU Rapport 465a
"MULTIPOLYGON (((580164.343202344 6570611.83636686,580162.255171205 6570613.67104595,580164.833 6570616.401,580166.772 6570614.405,580164.343202344 6570611.83636686)))",686,SV,"Rådhusgaten, øvre",SA11642,Gulv,31,Sivile konstruksjoner,Bygning,10.14,1,0,0,0,0,0,"3",,,1098,FTMC-WW97-2,,,,2022–2023,NIKU,,,1022282,C65327,NIKU Rapport 465a
"MULTIPOLYGON (((580111.993903849 6570878.7091948,580112.780224738 6570878.20227728,580112.153562913 6570877.29621209,580111.371233501 6570877.82707848,580111.993903849 6570878.7091948)))",687,NØ,Slottsbakken F,"3",,35,Sivile konstruksjoner,Brønn,1.03,0,1,0,0,0,0,"1",1150,1250,,,,,,"1975",Riksantikvaren,558,TK,,C34308,"Brendalsmo, Jan. 1987.  Innberetning over de arkeologiske undersøkelsene i Slottsbakken A–D, Tønsberg 1975."
"MULTIPOLYGON (((580108.708424734 6570877.22537306,580109.654172842 6570878.35856674,580110.966291839 6570877.19981229,580110.131307023 6570876.0154971,580108.708424734 6570877.22537306)))",688,NØ,Slottsbakken F,"1",,35,Sivile konstruksjoner,Brønn,2.64,0,0,0,0,0,0,"3",1600,1700,,,,,,"1975",Riksantikvaren,558,TK,,C34308,"Brendalsmo, Jan. 1987.  Innberetning over de arkeologiske undersøkelsene i Slottsbakken A–D, Tønsberg 1975."
"MULTIPOLYGON (((580391.373398834 6570559.09530722,580391.934399505 6570557.601373,580392.942323413 6570558.18691435,580394.424859575 6570558.61525202,580395.75659708 6570558.5391556,580396.138815472 6570558.47240997,580397.052942975 6570558.31277871,580398.551389583 6570557.30822594,580399.706124187 6570555.55898534,580400.187421455 6570554.03216945,580399.965119539 6570552.14735086,580400.613047462 6570551.34853069,580401.512849559 6570550.76589126,580401.923920375 6570550.01792191,580403.180718095 6570550.22952909,580404.242437455 6570549.88374254,580405.378607096 6570548.92122379,580405.613528428 6570547.6062325,580405.580728984 6570545.93166168,580404.770493189 6570545.12237459,580403.65937094 6570544.38414241,580402.194830356 6570544.30096201,580400.973834055 6570544.77955162,580400.225536462 6570543.8287726,580399.061355097 6570543.13481112,580397.822242892 6570542.72845384,580394.892180764 6570542.77851804,580392.269595402 6570544.49013046,580391.065854582 6570543.09981381,580390.41729726 6570542.55113649,580388.553294302 6570540.77843721,580387.519821158 6570539.98250328,580385.553679979 6570539.14539508,580383.469806283 6570538.36989421,580379.581214345 6570538.27852628,580377.333355356 6570538.67021349,580374.406126473 6570539.76337015,580373.608718715 6570540.24760052,580371.264466296 6570541.75348416,580369.610838192 6570543.76328342,580367.931573572 6570547.14479577,580367.622240027 6570548.88609452,580367.39710897 6570552.37603387,580367.714741891 6570554.61289173,580368.300134611 6570556.64888566,580369.075628397 6570558.24293202,580372.392343751 6570561.78982015,580375.402731452 6570563.1390972,580378.928381884 6570564.20320745,580381.181029504 6570564.61961477,580383.375686503 6570564.49823071,580386.751341022 6570563.68455319,580389.079668509 6570562.08392422,580390.370761787 6570560.76236537,580391.373398834 6570559.09530722)))",689,SV,St. Olavs kirke,12375-2,Olavskirken,41,Religiøse konstruksjoner,Kirke,682.43,0,0,1,1,1,1,,1200,1536,,,,,,,Riksantikvaren,,,,,Askeladden
"MULTIPOLYGON (((580670.555312019 6570501.52825909,580670.466886696 6570501.0186203,580670.135534761 6570500.62148973,580669.649978867 6570500.44320288,580669.140340086 6570500.53162819,580668.74320952 6570500.86298013,580668.564922671 6570501.34853602,580668.65334799 6570501.8581748,580668.984699917 6570502.25530536,580669.470255805 6570502.43359223,580669.979894589 6570502.34516691,580670.377025163 6570502.01381498,580670.555312019 6570501.52825909)))",690,,St. Stefans og St. Jørgens Hospital,"85559",,44,Religiøse konstruksjoner,Hospital,3,0,0,1,1,1,1,,1225,1520,,,,,,,,,,,,Askeladden
"MULTIPOLYGON (((580361.314356788 6570537.39811288,580362.193374055 6570536.71277738,580359.601018047 6570533.62876765,580358.334637238 6570533.67346344,580361.314356788 6570537.39811288)))",691,SV,Storgaten 16,"161",,42,Religiøse konstruksjoner,Kloster,4.67,0,0,1,1,1,0,"5",1250,1450,1344,T-10973,,,,1987/1988/1991,Riksantikvaren,,TZ,,"C37268, C37724 (1991)","Petterson, Dan. 1991. De arkeologiske undersøkelsene i Storgaten 16, Tønsberg 1991. Riksantikvaren."
"MULTIPOLYGON (((580358.533414717 6570527.78825935,580360.051205841 6570526.68916921,580358.324064217 6570524.22930085,580363.060619274 6570520.67034235,580364.499903959 6570522.60683448,580366.09620152 6570521.45540672,580359.266141467 6570512.71502336,580357.93153203 6570513.86645111,580362.223217275 6570519.57125223,580357.591337468 6570523.0778731,580353.325821036 6570517.34690317,580351.598679414 6570518.73385023,580358.533414717 6570527.78825935)))",692,SV,Storgaten 16,"20",,42,Religiøse konstruksjoner,Kloster,52.53,0,0,0,1,0,0,"6",1450,1500,1394,T-10974,T-7727,,,1987/1988/1991,Riksantikvaren,,TZ,,"C37268, C37724 (1991)","Petterson, Dan. 1991. De arkeologiske undersøkelsene i Storgaten 16, Tønsberg 1991. Riksantikvaren."
"MULTIPOLYGON (((580358.533414717 6570527.78825935,580360.051205841 6570526.68916921,580358.324064217 6570524.22930085,580363.060619274 6570520.67034235,580364.499903959 6570522.60683448,580366.09620152 6570521.45540672,580359.266141467 6570512.71502336,580357.93153203 6570513.86645111,580362.223217275 6570519.57125223,580357.591337468 6570523.0778731,580353.325821036 6570517.34690317,580351.598679414 6570518.73385023,580358.533414717 6570527.78825935)))",693,SV,Storgaten 16,"20",,42,Religiøse konstruksjoner,Kloster,52.53,0,0,1,1,1,0,"5",1250,1450,1394,T-10974,T-7727,,,1987/1988/1991,Riksantikvaren,,TZ,,"C37268, C37724 (1991)","Petterson, Dan. 1991. De arkeologiske undersøkelsene i Storgaten 16, Tønsberg 1991. Riksantikvaren."
"MULTIPOLYGON (((580373.966739719 6570521.64336957,580376.018319011 6570523.74379599,580383.443082161 6570517.05173973,580381.026432335 6570514.6845643,580373.966739719 6570521.64336957)))",694,SV,Storgaten 16,"171,175",,42,Religiøse konstruksjoner,Kloster,31.45,0,1,0,0,0,0,"3",1100,1200,,,,,,1987/1988/1991,Riksantikvaren,,TZ,,"C37268, C37724 (1991)","Petterson, Dan. 1991. De arkeologiske undersøkelsene i Storgaten 16, Tønsberg 1991. Riksantikvaren."
"MULTIPOLYGON (((580376.373599572 6570508.28980878,580377.01046725 6570507.85196224,580375.821391768 6570505.70039037,580373.423836505 6570503.10509859,580372.534022181 6570502.31415252,580372.534022182 6570502.19056719,580372.830626955 6570502.14113306,580373.695724215 6570502.43773783,580374.85742625 6570503.08038152,580375.252899283 6570502.66019143,580373.844026604 6570501.64679178,580373.547421828 6570501.69622591,580373.176665859 6570501.69622591,580371.570056663 6570500.95471397,580369.691559755 6570500.01546552,580369.691893773 6570498.99923401,580369.048916077 6570498.97734879,580368.604008915 6570499.32956697,580368.752311302 6570500.07107891,580370.655525274 6570502.22146353,580371.248734824 6570502.5180683,580371.570056663 6570502.29561472,580372.704940698 6570503.20994054,580373.278369025 6570503.75947601,580374.322767681 6570504.7474641,580376.373599572 6570508.28980878)))",695,SV,Storgaten 16,"128",,36,Sivile konstruksjoner,Vannhåndtering,12.16,0,0,1,0,0,0,"4",1200,1250,,,,,,1987/1988/1991,Riksantikvaren,,TZ,,"C37268, C37724 (1991)","Petterson, Dan. 1991. De arkeologiske undersøkelsene i Storgaten 16, Tønsberg 1991. Riksantikvaren."
"MULTIPOLYGON (((580373.905657199 6570525.77993737,580369.893673884 6570520.85613967,580368.955807654 6570521.45533199,580369.633155487 6570522.39319822,580369.476844447 6570522.86213133,580369.060015013 6570523.17475341,580368.382667181 6570523.25290892,580367.991889586 6570523.35711628,580367.965837746 6570523.72184204,580368.591081899 6570524.11261964,580368.669237418 6570524.42524171,580368.773444777 6570524.60760458,580369.033963173 6570524.78996747,580370.388658838 6570523.64368652,580371.300473229 6570524.47734538,580371.743354503 6570524.19077516,580373.358568565 6570526.27492233,580373.905657199 6570525.77993737)))",696,SV,Storgaten 16,"167",,42,Religiøse konstruksjoner,Kloster,9.25,0,0,1,1,1,0,"5",1250,1450,,,,,,1987/1988/1991,Riksantikvaren,,TZ,,"C37268, C37724 (1991)","Petterson, Dan. 1991. De arkeologiske undersøkelsene i Storgaten 16, Tønsberg 1991. Riksantikvaren."
"MULTIPOLYGON (((580385.097183681 6570514.47981485,580385.688813878 6570513.86627241,580383.263860478 6570511.29523749,580380.429878794 6570508.22752536,580376.660975318 6570503.37761855,580373.359532737 6570500.10539229,580372.570692474 6570500.01774337,580369.006303139 6570502.15053371,580366.610566045 6570498.67379329,580364.01031481 6570500.54363687,580364.536208319 6570501.65385651,580364.88680399 6570502.23818263,580365.47113011 6570502.41348046,580366.464484515 6570503.84507946,580367.282541084 6570505.30589476,580368.239375105 6570506.53297961,580369.1742969 6570506.97122419,580370.401381752 6570506.53297961,580373.878122168 6570504.13724252,580376.127777732 6570506.67906114,580375.455802694 6570509.13323085,580376.010912508 6570509.48382651,580376.449157099 6570509.27931238,580376.975050607 6570507.08808943,580377.676241951 6570508.46125581,580379.312355089 6570510.15580156,580382.146336773 6570511.35367011,580385.097183681 6570514.47981485)))",697,SV,Storgaten 16,"182",,36,Sivile konstruksjoner,Vannhåndtering,76.75,0,0,1,1,1,0,"5",1250,1450,,,,,,1987/1988/1991,Riksantikvaren,,TZ,,"C37268, C37724 (1991)","Petterson, Dan. 1991. De arkeologiske undersøkelsene i Storgaten 16, Tønsberg 1991. Riksantikvaren."
"MULTIPOLYGON (((580364.303795726 6570508.72685742,580365.272552527 6570508.62379819,580366.097026401 6570507.98483092,580366.529875184 6570507.20158075,580366.571098878 6570506.2534358,580366.303144869 6570505.24345529,580365.375611761 6570504.58387621,580364.922151131 6570504.35714588,580363.623604781 6570504.41898142,580362.860966448 6570504.9342776,580362.32505843 6570505.84119886,580362.221999196 6570507.03668598,580362.572400592 6570507.86115985,580363.211367845 6570508.39706786,580364.303795726 6570508.72685742)))",698,SV,Storgaten 16,"93",,35,Sivile konstruksjoner,Brønn,15.04,0,0,1,1,1,0,"5",1250,1450,,,,,,1987/1988/1991,Riksantikvaren,,TZ,,"C37268, C37724 (1991)","Petterson, Dan. 1991. De arkeologiske undersøkelsene i Storgaten 16, Tønsberg 1991. Riksantikvaren."
"MULTIPOLYGON (((580380.429878794 6570508.22752536,580389.63346035 6570499.754938,580385.481010675 6570495.07779019,580375.97052661 6570502.69328002,580380.429878794 6570508.22752536)))",699,SV,Storgaten 16,"58",,42,Religiøse konstruksjoner,Kloster,82.46,0,0,1,1,1,0,"5",1250,1450,,,,,,1987/1988/1991,Riksantikvaren,,TZ,,"C37268, C37724 (1991)","Petterson, Dan. 1991. De arkeologiske undersøkelsene i Storgaten 16, Tønsberg 1991. Riksantikvaren."
"MULTIPOLYGON (((580382.209146584 6570497.69772495,580383.769508381 6570496.44827021,580383.655192988 6570495.86930208,580382.916150884 6570494.71639639,580381.142449834 6570492.67664018,580379.871297416 6570491.64198123,580379.220940363 6570491.61241955,580379.043570258 6570492.73576356,580381.053764781 6570494.39121786,580381.053764781 6570494.39121786,580382.088423727 6570495.57368524,580382.354478884 6570496.10579555,580382.354478883 6570496.66746755,580382.209146584 6570497.69772495)))",700,SV,Storgaten 16,"104",,36,Sivile konstruksjoner,Vannhåndtering,8.51,0,0,1,1,1,0,"5",1250,1450,,,,,,1987/1988/1991,Riksantikvaren,,TZ,,"C37268, C37724 (1991)","Petterson, Dan. 1991. De arkeologiske undersøkelsene i Storgaten 16, Tønsberg 1991. Riksantikvaren."
"MULTIPOLYGON (((580364.253741635 6570525.86690841,580361.260682328 6570528.06693491,580361.823479803 6570528.88554942,580364.842120816 6570526.68552292,580364.253741635 6570525.86690841)))",701,SV,Storgaten 16,"9",,42,Religiøse konstruksjoner,Kloster,3.73,0,0,0,0,1,0,"6",1450,1500,,,,,,1987/1988/1991,Riksantikvaren,,TZ,,"C37268, C37724 (1991)","Petterson, Dan. 1991. De arkeologiske undersøkelsene i Storgaten 16, Tønsberg 1991. Riksantikvaren."
"MULTIPOLYGON (((580358.676930275 6570528.19484342,580360.007178857 6570529.88323586,580361.311845734 6570531.62279169,580361.669989583 6570531.98093553,580362.079296839 6570531.41813807,580362.30953217 6570530.62510526,580359.674616711 6570527.50413743,580358.676930275 6570528.19484342)))",702,SV,Storgaten 16,"25",,42,Religiøse konstruksjoner,Kloster,5.89,0,0,0,0,1,0,"6",1450,1500,,,,,,1987/1988/1991,Riksantikvaren,,TZ,,"C37268, C37724 (1991)","Petterson, Dan. 1991. De arkeologiske undersøkelsene i Storgaten 16, Tønsberg 1991. Riksantikvaren."
"MULTIPOLYGON (((580370.367768769 6570529.14136645,580371.263128391 6570528.29717024,580370.393350472 6570527.06924846,580365.916552361 6570521.56918222,580364.611885484 6570522.51570525,580364.816539113 6570522.79710398,580370.367768769 6570529.14136645)))",703,SV,Storgaten 16,165/84,,42,Religiøse konstruksjoner,Kloster,12.81,0,0,0,0,1,0,"6",1450,1500,,,,,,1987/1988/1991,Riksantikvaren,,TZ,,"C37268, C37724 (1991)","Petterson, Dan. 1991. De arkeologiske undersøkelsene i Storgaten 16, Tønsberg 1991. Riksantikvaren."
"MULTIPOLYGON (((580362.062827074 6570532.82121876,580363.773899048 6570535.16165054,580365.622643479 6570533.3325736,580363.2822117 6570531.64116911,580362.928196807 6570531.46416168,580362.062827074 6570532.82121876)))",704,SV,Storgaten 16,"163",,42,Religiøse konstruksjoner,Kloster,6.46,0,0,0,0,1,0,"6",1450,1500,,,,,,1987/1988/1991,Riksantikvaren,,TZ,,"C37268, C37724 (1991)","Petterson, Dan. 1991. De arkeologiske undersøkelsene i Storgaten 16, Tønsberg 1991. Riksantikvaren."
"MULTIPOLYGON (((580364.253741635 6570525.86690841,580361.260682328 6570528.06693491,580361.823479803 6570528.88554942,580364.842120816 6570526.68552292,580364.253741635 6570525.86690841)))",705,SV,Storgaten 16,"9",,42,Religiøse konstruksjoner,Kloster,3.73,0,0,0,0,1,0,"6",1450,1500,,,,,,1987/1988/1991,Riksantikvaren,,TZ,,"C37268, C37724 (1991)","Petterson, Dan. 1991. De arkeologiske undersøkelsene i Storgaten 16, Tønsberg 1991. Riksantikvaren."
"MULTIPOLYGON (((580366.803407504 6570506.17265356,580366.827300351 6570506.72218904,580368.643156718 6570506.33990349,580370.558987619 6570506.28859431,580373.278369025 6570503.75947601,580372.704940698 6570503.20994054,580369.9572633 6570505.12136829,580368.54758533 6570505.79036801,580366.803407504 6570506.17265356)))",706,SV,Storgaten 16,"149",,36,Sivile konstruksjoner,Vannhåndtering,6.21,0,0,1,0,0,0,"4",1200,1250,,,,,,1987/1988/1991,Riksantikvaren,,TZ,,"C37268, C37724 (1991)","Petterson, Dan. 1991. De arkeologiske undersøkelsene i Storgaten 16, Tønsberg 1991. Riksantikvaren."
"MULTIPOLYGON (((580358.676930275 6570528.19484342,580360.007178857 6570529.88323586,580361.311845734 6570531.62279169,580361.669989583 6570531.98093553,580362.079296839 6570531.41813807,580362.30953217 6570530.62510526,580359.674616711 6570527.50413743,580358.676930275 6570528.19484342)))",707,SV,Storgaten 16,"25",,42,Religiøse konstruksjoner,Kloster,5.89,0,0,1,0,0,0,"4",1200,1250,,,,,,1987/1988/1991,Riksantikvaren,,TZ,,"C37268, C37724 (1991)","Petterson, Dan. 1991. De arkeologiske undersøkelsene i Storgaten 16, Tønsberg 1991. Riksantikvaren."
"MULTIPOLYGON (((580364.253741635 6570525.86690841,580361.260682328 6570528.06693491,580361.823479803 6570528.88554942,580364.842120816 6570526.68552292,580364.253741635 6570525.86690841)))",708,SV,Storgaten 16,"9",,42,Religiøse konstruksjoner,Kloster,3.73,0,0,1,0,0,0,"4",1200,1250,,,,,,1987/1988/1991,Riksantikvaren,,TZ,,"C37268, C37724 (1991)","Petterson, Dan. 1991. De arkeologiske undersøkelsene i Storgaten 16, Tønsberg 1991. Riksantikvaren."
"MULTIPOLYGON (((580370.367768769 6570529.14136645,580371.263128391 6570528.29717024,580370.393350472 6570527.06924846,580365.916552361 6570521.56918222,580364.611885484 6570522.51570525,580364.816539113 6570522.79710398,580370.367768769 6570529.14136645)))",709,SV,Storgaten 16,165/84,,42,Religiøse konstruksjoner,Kloster,12.81,0,0,1,0,0,0,"4",1200,1250,,,,,,1987/1988/1991,Riksantikvaren,,TZ,,"C37268, C37724 (1991)","Petterson, Dan. 1991. De arkeologiske undersøkelsene i Storgaten 16, Tønsberg 1991. Riksantikvaren."
"MULTIPOLYGON (((580362.245168948 6570536.67691927,580362.689504325 6570536.27178995,580361.434910317 6570534.70354744,580361.513322442 6570534.46831106,580361.539459818 6570534.08931912,580361.304223441 6570533.61884637,580359.030271802 6570533.68418981,580360.7161325 6570535.30470707,580362.245168948 6570536.67691927)))",710,SV,Storgaten 16,"166",,36,Sivile konstruksjoner,Vannhåndtering,3.99,0,0,1,0,0,0,"4",1200,1250,,,,,,1987/1988/1991,Riksantikvaren,,TZ,,"C37268, C37724 (1991)","Petterson, Dan. 1991. De arkeologiske undersøkelsene i Storgaten 16, Tønsberg 1991. Riksantikvaren."
"MULTIPOLYGON (((580362.062827074 6570532.82121876,580363.773899048 6570535.16165054,580365.622643479 6570533.3325736,580363.2822117 6570531.64116911,580362.928196807 6570531.46416168,580362.062827074 6570532.82121876)))",711,SV,Storgaten 16,"163",,42,Religiøse konstruksjoner,Kloster,6.46,0,0,1,0,0,0,"4",1200,1250,,,,,,1987/1988/1991,Riksantikvaren,,TZ,,"C37268, C37724 (1991)","Petterson, Dan. 1991. De arkeologiske undersøkelsene i Storgaten 16, Tønsberg 1991. Riksantikvaren."
"MULTIPOLYGON (((580389.255128533 6570512.51568,580388.676729208 6570509.87156879,580386.611017328 6570509.12791252,580381.901194243 6570507.97111387,580376.943485734 6570507.39271454,580367.193325664 6570509.04528404,580362.235617155 6570516.31658986,580360.913561552 6570524.16629499,580363.392415807 6570525.57097908,580368.928523643 6570524.57943737,580386.693645802 6570514.66402035,580389.255128533 6570512.51568)))",712,SV,Storgaten 16/18,181/73/177/156/98/117,,43,Religiøse konstruksjoner,Gravplass,309.84,1,0,0,0,0,0,"2",800,1100,866,T-7962,T-7963A,T-10972,T-10971,1987/1988/1991,Riksantikvaren,,TZ,,C33451,"Nordmann, Ann-Marie. 1989. Innberetning over de arkeologiske utgravingene i Storgaten 16 og Conradis gate 5/7, Tønsberg 1987 og 1988. Riksantikvaren."
"MULTIPOLYGON (((580361.027113995 6570537.56111287,580362.518407756 6570534.36028724,580362.15467757 6570533.59645385,580359.535820234 6570533.70557289,580357.789915343 6570533.74194592,580357.753542325 6570533.96018403,580358.008153454 6570534.50577931,580359.463074198 6570536.43354929,580361.027113995 6570537.56111287)),((580365.828352444 6570533.19635064,580368.374463744 6570530.79573141,580366.70130489 6570529.08619955,580366.119336593 6570529.66816784,580365.537368296 6570529.92277897,580364.664415852 6570530.10464406,580363.900582461 6570530.46837425,580363.391360201 6570531.45044575,580365.828352444 6570533.19635064)),((580373.248448231 6570526.21273107,580377.376785838 6570522.38447088,580379.59553997 6570520.38395485,580384.61501653 6570515.98281961,580383.087349751 6570513.14572415,580382.359889379 6570513.72769246,580381.559682971 6570514.27328774,580380.650357507 6570514.89162905,580379.031758181 6570516.6466272,580375.685440474 6570519.73833378,580374.303265769 6570521.1568815,580371.720781451 6570524.39408015,580373.248448231 6570526.21273107)),((580388.379623951 6570512.6365019,580390.41651299 6570510.96334305,580389.980036767 6570510.41774777,580389.070711303 6570510.38137475,580388.270504896 6570510.59961285,580387.979520747 6570511.07246211,580388.379623951 6570512.6365019)),((580392.635267122 6570509.02647981,580394.090187864 6570507.93528925,580393.726457679 6570507.13508285,580393.035370326 6570506.77135266,580392.380655992 6570506.80772568,580391.871433732 6570507.53518605,580392.635267122 6570509.02647981)),((580381.632429008 6570510.94515654,580383.414706917 6570509.16287863,580382.432635417 6570508.43541826,580380.504865433 6570509.96308504,580381.632429008 6570510.94515654)),((580375.158031705 6570516.25561724,580377.085801688 6570514.72795047,580374.285079259 6570511.41800577,580373.739483981 6570511.63624389,580372.357309276 6570513.16391067,580375.158031705 6570516.25561724)),((580376.249222261 6570511.19976767,580377.340412818 6570510.29044221,580375.630880947 6570507.81707694,580374.685182463 6570506.47127526,580375.230777742 6570505.56194979,580373.994095111 6570503.4159417,580368.756380438 6570507.81707693,580370.465912311 6570509.85396598,580371.957206071 6570509.23562467,580373.557618889 6570510.69054541,580376.249222261 6570511.19976767)),((580370.756896459 6570500.65159229,580371.73896796 6570499.74226682,580370.356793255 6570498.43283815,580369.374721753 6570499.26941758,580370.756896459 6570500.65159229)),((580370.374979764 6570512.5546626,580370.593217877 6570511.68171017,580369.574773356 6570511.24523394,580367.246900168 6570510.84513074,580366.519439797 6570511.28160696,580367.065035076 6570512.30005147,580368.483582799 6570512.66378167,580370.374979764 6570512.5546626)),((580362.773018886 6570511.42709904,580363.500479257 6570510.84513074,580363.318614164 6570509.60844811,580362.518407757 6570509.2083449,580361.863693421 6570509.35383698,580361.936439459 6570510.40865452,580362.773018886 6570511.42709904)),((580362.045558515 6570514.84616278,580362.591153794 6570514.40968655,580362.336542663 6570513.31849599,580361.681828329 6570512.95476582,580360.917994939 6570512.99113883,580360.699756828 6570513.57310713,580362.045558515 6570514.84616278)),((580365.17363811 6570520.01113142,580365.828352445 6570520.26574254,580366.628558853 6570521.17506801,580366.664931872 6570522.33900459,580366.555812817 6570523.24833006,580367.174154131 6570523.32107611,580367.719749409 6570523.17558403,580367.610630354 6570522.08439347,580367.465138278 6570520.88408386,580366.883169984 6570519.90201235,580365.646487352 6570518.95631388,580364.991773017 6570518.73807576,580364.518923776 6570518.9926869,580364.518923776 6570519.64740123,580365.17363811 6570520.01113142)),((580355.171058008 6570519.210925,580356.844216861 6570517.8287503,580359.39032816 6570516.41020257,580357.789915343 6570514.00958335,580353.352407079 6570517.53776615,580355.171058008 6570519.210925)),((580360.336026643 6570525.00332821,580361.536336253 6570523.91213766,580361.572709273 6570522.34809786,580360.772502866 6570521.6570105,580359.790431364 6570522.31172484,580359.499447216 6570523.91213765,580360.336026643 6570525.00332821)),((580363.245868127 6570527.98591574,580363.864209441 6570527.36757442,580365.064519055 6570525.83990764,580364.227939628 6570524.31224086,580362.263796626 6570525.73078857,580361.64545531 6570526.85835216,580363.245868127 6570527.98591574)),((580361.172606068 6570532.65075537,580361.609082292 6570532.46889027,580361.936439459 6570532.14153311,580361.681828329 6570531.41407273,580358.662867788 6570528.14050105,580357.317066102 6570529.23169161,580359.390328159 6570530.86847746,580361.172606068 6570532.65075537)),((580354.479970654 6570525.81262787,580356.298621582 6570524.75781034,580356.698724786 6570524.21221506,580356.480486675 6570523.81211186,580355.462042155 6570523.3028896,580354.807327821 6570523.59387374,580354.152613487 6570523.44838167,580353.788883301 6570523.66661977,580353.243288022 6570524.17584204,580353.86162934 6570524.90330241,580354.079867451 6570525.33977862,580354.479970654 6570525.81262787)))",713,SV,Storgaten 16/18,,,52,Handel- og næringskonstruksjoner,Jordbruk,177.55,1,0,0,0,0,0,"1",700,800,989,Ua-1752,T-10612A,T-10618A,,1987/1988/1991,Riksantikvaren,,TZ,,C33451,"Petterson, Dan. 1991. De arkeologiske undersøkelsene i Storgaten 16, Tønsberg 1991. Riksantikvaren."
"MULTIPOLYGON (((580358.401989791 6570527.724224,580359.526459284 6570526.74902038,580357.556149906 6570524.50505691,580362.750601903 6570520.84306777,580363.407371695 6570521.73866293,580364.561694361 6570520.86296989,580359.506557169 6570513.97683812,580358.282577101 6570515.24559795,580361.3475028 6570519.40513997,580361.50671972 6570520.02210553,580356.750114251 6570523.4452693,580354.123035081 6570519.46484631,580352.809495495 6570520.85799436,580356.192855033 6570525.45538291,580358.401989791 6570527.724224)),((580350.550605451 6570519.36533574,580357.97409432 6570512.95685473,580357.794975285 6570512.69812723,580357.058597033 6570513.3150928,580357.197911837 6570513.51411395,580356.660554735 6570513.91215624,580356.381925125 6570513.55391818,580350.092856809 6570518.84788075,580350.550605451 6570519.36533574)))",714,SV,Storgaten 16/18,12/12a/24/25/26,,42,Religiøse konstruksjoner,Kloster,43.3,0,0,1,0,0,0,"1",1200,1250,1298,T-10974,,,,"1971",Riksantikvaren,,TE,,C33451,"Dahlin, Elin. 1987. Innberetning over de arkeologiske undersøkelsene i Storgaten 16–18, Tønsberg, 1971. Riksantikvaren."
"MULTIPOLYGON (((580372.273763896 6570523.01239829,580372.632001965 6570522.73874421,580371.70228412 6570521.66943766,580371.432216136 6570520.9592373,580371.31846238 6570520.41751948,580371.467728242 6570519.83303543,580371.556162976 6570519.43386835,580371.855819483 6570518.80807652,580372.059708477 6570518.56115688,580373.234193762 6570517.47986444,580373.365822332 6570517.62283763,580376.651617907 6570514.59776279,580376.194480537 6570514.10122633,580371.616994104 6570518.31549917,580370.940322196 6570519.32055598,580370.830860564 6570519.75342697,580370.771154219 6570520.20620008,580370.820909507 6570520.91272516,580371.069685943 6570521.69885871,580371.32343791 6570522.06207231,580372.273763896 6570523.01239829)))",715,SV,Storgaten 16/18,"10",,36,Sivile konstruksjoner,Vannhåndtering,6.61,0,0,0,0,0,1,"3",1537,1900,,,,,,"1971",Riksantikvaren,,TE,,C33451,"Dahlin, Elin. 1987. Innberetning over de arkeologiske undersøkelsene i Storgaten 16–18, Tønsberg, 1971. Riksantikvaren."
"MULTIPOLYGON (((580367.387794681 6570525.38572549,580369.029719163 6570524.15179437,580369.905412219 6570524.86827051,580370.900517967 6570524.11199014,580368.611774749 6570521.46500886,580367.845543325 6570522.10187653,580368.323194083 6570522.79845056,580368.33314514 6570522.98752065,580368.034613416 6570523.48507352,580367.74603275 6570523.64429044,580367.46740314 6570523.66419256,580366.939997095 6570523.6542415,580366.372786821 6570524.19159859,580367.387794681 6570525.38572549)))",716,SV,Storgaten 16/18,"45750",,31,Sivile konstruksjoner,Bygning,7.4,0,0,0,0,0,1,"3",1537,1900,,,,,,"1971",Riksantikvaren,,TE,,C33451,"Dahlin, Elin. 1987. Innberetning over de arkeologiske undersøkelsene i Storgaten 16–18, Tønsberg, 1971. Riksantikvaren."
"MULTIPOLYGON (((580360.710635122 6570528.74420739,580361.287796455 6570529.4208793,580364.054190432 6570527.11223396,580363.477029098 6570526.43556206,580360.710635122 6570528.74420739)))",717,SV,Storgaten 16/18,"9",,31,Sivile konstruksjoner,Bygning,3.21,0,0,0,0,0,1,"3",1537,1900,,,,,,"1971",Riksantikvaren,,TE,,C33451,"Dahlin, Elin. 1987. Innberetning over de arkeologiske undersøkelsene i Storgaten 16–18, Tønsberg, 1971. Riksantikvaren."
"MULTIPOLYGON (((580378.284202606 6570507.72757403,580387.200350093 6570501.00065919,580384.613075153 6570497.23915946,580375.398395939 6570503.92627008,580378.284202606 6570507.72757403)))",718,SV,Storgaten 16/18,14/17/27/31,,42,Religiøse konstruksjoner,Kloster,52.67,0,0,1,1,1,1,"2",1250,1536,,,,,,"1971",Riksantikvaren,,TE,,C33451,"Dahlin, Elin. 1987. Innberetning over de arkeologiske undersøkelsene i Storgaten 16–18, Tønsberg, 1971. Riksantikvaren."
"MULTIPOLYGON (((580382.38403828 6570514.81770248,580383.120416533 6570514.20073691,580382.085506556 6570512.88719733,580381.468540994 6570512.27023177,580381.189911385 6570512.09111273,580380.572945822 6570511.85228734,580380.055490835 6570511.33483235,580380.891379662 6570510.79747526,580380.334120443 6570510.12080335,580379.339014696 6570510.89698583,580378.58273433 6570510.14070547,580377.726943386 6570508.88687223,580377.01046725 6570507.85196224,580376.373599572 6570508.28980878,580376.493012261 6570508.74755741,580377.249292629 6570510.02129278,580378.722049133 6570511.55375562,580379.71715488 6570512.36974234,580380.354022558 6570512.64837195,580380.951086005 6570512.88719733,580382.38403828 6570514.81770248)))",719,SV,Storgaten 16/18,"15",,36,Sivile konstruksjoner,Vannhåndtering,9.21,0,0,1,1,1,1,"2",1200,1537,,,,,,"1971",Riksantikvaren,,TE,,C33451,"Dahlin, Elin. 1987. Innberetning over de arkeologiske undersøkelsene i Storgaten 16–18, Tønsberg, 1971. Riksantikvaren."
"MULTIPOLYGON (((580345.378457522 6570590.68357742,580345.7432732 6570590.23616197,580343.530657837 6570588.6435577,580343.161896044 6570589.11823703,580345.378457522 6570590.68357742)))",720,SØ,Storgaten 23/25,"10",,32,Sivile konstruksjoner,Gjerde,1.6,1,0,0,0,0,0,2A,,,837,T-7733,,,,"1987",Riksantikvaren,130,TØ,,C37039,"Karlberg, Inger. 1988. Innberetning over de arkeologiske undersøkelsene i Storgaten 23–25, Tønsberg 1987. Riksantikvaren."
"MULTIPOLYGON (((580346.405656549 6570588.92378492,580346.269571731 6570588.51553045,580346.133486912 6570588.3670743,580345.774717847 6570588.73821471,580345.688118415 6570588.91141357,580345.79946054 6570589.03512704,580346.084001524 6570589.03512704,580346.232457689 6570588.96089896,580346.405656549 6570588.92378492)),((580345.823809549 6570590.13739098,580345.483384166 6570589.84933873,580345.457197599 6570589.56128648,580345.273891624 6570589.24704767,580345.090585649 6570588.54001034,580344.907279675 6570587.6758536,580344.409734885 6570587.83297301,580343.833630394 6570588.43526406,580343.414645308 6570588.72331631,580342.995660222 6570589.37798051,580342.759981112 6570589.74459246,580342.655234841 6570590.00645814,580342.655234841 6570590.24213725,580342.41955573 6570590.50400293,580342.157690052 6570590.58256263,580342.105316916 6570591.05392085,580341.922010941 6570591.4990925,580341.738704968 6570591.97045071,580341.594453464 6570592.38301221,580341.067620494 6570593.21974691,580341.191581194 6570593.27552923,580341.489086871 6570593.23214298,580341.997325735 6570593.0028157,580342.387801936 6570592.79208251,580342.602861705 6570592.59892835,580342.969473654 6570592.33706267,580343.519391579 6570592.10138356,580344.043122936 6570592.02282385,580344.435921453 6570591.83951788,580345.823809549 6570590.13739098)),((580342.952133676 6570592.82470128,580342.902238836 6570592.97802356,580343.199744512 6570593.21974692,580343.373289491 6570592.99041962,580343.562548303 6570592.6477695,580343.544855125 6570592.57699678,580343.465235825 6570592.57699679,580343.06713933 6570592.71854221,580342.952133676 6570592.82470128)),((580339.992949725 6570596.52699868,580340.187574679 6570596.67739069,580340.452972342 6570596.72162363,580340.629904118 6570596.58007822,580340.824529073 6570596.32352713,580341.036847203 6570595.90773747,580341.302244866 6570595.69541934,580341.611875474 6570595.31501602,580342.363835522 6570594.42151055,580342.478841175 6570594.21803901,580342.408068465 6570594.07649359,580342.098437857 6570593.76686298,580341.656108418 6570593.68724367,580341.134159679 6570593.83763569,580340.789142716 6570594.01456747,580340.629904118 6570594.31535149,580340.576824585 6570594.58959573,580340.497205286 6570594.72229457,580340.276040567 6570594.80191387,580340.107955381 6570594.97884564,580340.161034912 6570595.21770354,580340.240654211 6570595.43002167,580340.214114445 6570595.61580004,580340.169881501 6570595.75734546,580340.143341735 6570595.89889088,580339.992949725 6570596.05812948,580339.922177015 6570596.25275442,580339.992949725 6570596.52699868)),((580335.905825704 6570600.17842821,580337.100115192 6570601.12501321,580337.436285565 6570601.17809274,580337.75476276 6570601.42579723,580338.046700191 6570601.67350171,580338.232478556 6570601.94774597,580338.374023977 6570602.05390503,580338.49787622 6570602.13352433,580338.577495519 6570602.10698456,580338.612881874 6570601.9919789,580338.630575052 6570601.80620055,580338.816353416 6570601.54964946,580338.957898837 6570601.33733134,580338.940205659 6570601.24001886,580338.807506827 6570601.08962685,580338.506722808 6570600.61191106,580338.250171734 6570600.0280362,580337.984774069 6570599.43531475,580337.843228649 6570599.42646816,580337.604370753 6570599.3910818,580337.268200379 6570599.23184321,580336.861257294 6570599.01067849,580336.66663234 6570599.03721825,580336.330461967 6570599.19645684,580336.188916545 6570599.46185452,580336.08275748 6570599.7007124,580335.985445003 6570599.87764418,580335.905825704 6570599.9395703,580335.888132527 6570600.05457597,580335.905825704 6570600.17842821)),((580339.833711127 6570601.11174333,580340.240654211 6570601.46560688,580340.753756361 6570601.71331136,580341.28455169 6570601.96986243,580341.611875475 6570601.89908972,580341.815347016 6570601.85485678,580341.948045848 6570601.91678291,580342.054204913 6570601.92562949,580342.346142344 6570601.93447607,580342.823858138 6570602.16448739,580343.310420523 6570602.72182248,580344.035840802 6570603.38531665,580344.548942952 6570603.99573127,580344.610869074 6570604.16381646,580344.584329308 6570604.33190164,580344.593175897 6570604.49114023,580344.681641784 6570604.57075954,580344.840880383 6570604.44690729,580345.256670055 6570604.05765739,580345.681306316 6570603.67725408,580345.575147253 6570603.45608935,580344.947039448 6570602.84567473,580342.947710381 6570601.35060121,580342.744238839 6570601.3594478,580342.567307063 6570601.27982851,580342.036511736 6570601.0498172,580341.718034539 6570600.8905786,580341.470330054 6570600.90827177,580341.249165333 6570600.91711837,580341.081080146 6570600.85519225,580340.948381315 6570600.79326613,580340.682983651 6570600.82865249,580340.355659866 6570600.88173202,580340.134495146 6570600.95250473,580339.975256548 6570600.95250473,580339.860250892 6570601.00558426,580339.833711127 6570601.11174333)))",721,SØ,Storgaten 23/25,,,52,Handel- og næringskonstruksjoner,Jordbruk,26.12,1,0,0,0,0,0,"1",,,1014,Ua-1753,,,,"1987",Riksantikvaren,130,TØ,,C37039,"Karlberg, Inger. 1988. Innberetning over de arkeologiske undersøkelsene i Storgaten 23–25, Tønsberg 1987. Riksantikvaren."
"MULTIPOLYGON (((580345.312012217 6570604.23714003,580345.801526728 6570603.47754855,580343.145155277 6570601.53353471,580342.50996364 6570602.66731763,580345.312012217 6570604.23714003)))",722,SØ,Storgaten 23/25,"22",,31,Sivile konstruksjoner,Bygning,3.57,0,1,0,0,0,0,"3",1250,1300,1121,T-7732,,,,"1987",Riksantikvaren,130,TØ,,C37039,"Karlberg, Inger. 1988. Innberetning over de arkeologiske undersøkelsene i Storgaten 23–25, Tønsberg 1987. Riksantikvaren."
"MULTIPOLYGON (((580344.896618371 6570604.77998442,580345.855620098 6570603.35175685,580344.567246945 6570602.46981775,580343.576849327 6570603.46021538,580344.896618371 6570604.77998442)))",723,SØ,Storgaten 23/25,"17",,31,Sivile konstruksjoner,Bygning,2.65,0,0,1,1,0,0,"5",1200,1400,,,,,,"1987",Riksantikvaren,130,TØ,,C37039,"Karlberg, Inger. 1988. Innberetning over de arkeologiske undersøkelsene i Storgaten 23–25, Tønsberg 1987. Riksantikvaren."
"MULTIPOLYGON (((580336.41568082 6570600.59599964,580336.908692949 6570599.65866793,580336.253114916 6570599.31385092,580335.830137638 6570600.11802995,580336.41568082 6570600.59599964)))",724,SØ,Storgaten 23/25,"9",,31,Sivile konstruksjoner,Bygning,0.73,0,0,1,1,0,0,"5",1200,1400,,,,,,"1987",Riksantikvaren,130,TØ,,C37039,"Karlberg, Inger. 1988. Innberetning over de arkeologiske undersøkelsene i Storgaten 23–25, Tønsberg 1987. Riksantikvaren."
"MULTIPOLYGON (((580344.95709822 6570604.71160141,580345.795840576 6570603.47085266,580344.759555036 6570602.70983048,580344.140586391 6570603.55268139,580344.95709822 6570604.71160141)))",725,SØ,Storgaten 23/25,"15",,31,Sivile konstruksjoner,Bygning,1.67,0,0,1,1,0,0,"6",1250,1400,,,,,,"1987",Riksantikvaren,130,TØ,,C37039,"Karlberg, Inger. 1988. Innberetning over de arkeologiske undersøkelsene i Storgaten 23–25, Tønsberg 1987. Riksantikvaren."
"MULTIPOLYGON (((580341.544529463 6570595.35914827,580342.155742907 6570594.62578121,580341.058698012 6570594.02662591,580340.609762004 6570594.84862142,580341.544529463 6570595.35914827)))",726,SØ,Storgaten 23/25,"1",,31,Sivile konstruksjoner,Bygning,1.08,0,0,1,1,0,0,"5",1200,1400,,,,,,"1987",Riksantikvaren,130,TØ,,C37039,"Karlberg, Inger. 1988. Innberetning over de arkeologiske undersøkelsene i Storgaten 23–25, Tønsberg 1987. Riksantikvaren."
"MULTIPOLYGON (((580345.325307456 6570603.99828747,580345.601767972 6570603.74157414,580345.01922617 6570602.91219259,580343.854142567 6570602.03344309,580343.775153848 6570602.09268463,580345.325307456 6570603.99828747)))",727,SØ,Storgaten 23/25,"39",,36,Sivile konstruksjoner,Vannhåndtering,0.81,0,0,1,0,0,0,2B/3,1200,1300,,,,,,"1987",Riksantikvaren,130,TØ,,C37039,"Karlberg, Inger. 1988. Innberetning over de arkeologiske undersøkelsene i Storgaten 23–25, Tønsberg 1987. Riksantikvaren."
"MULTIPOLYGON (((580337.658464933 6570601.33241821,580337.964546217 6570601.64837308,580338.586582378 6570600.76962359,580338.389110581 6570600.34505923,580337.658464933 6570601.33241821)))",728,SØ,Storgaten 23/25,"25",,36,Sivile konstruksjoner,Vannhåndtering,0.49,0,0,1,0,0,0,2B/3,1200,1300,,,,,,"1987",Riksantikvaren,130,TØ,,C37039,"Karlberg, Inger. 1988. Innberetning over de arkeologiske undersøkelsene i Storgaten 23–25, Tønsberg 1987. Riksantikvaren."
"MULTIPOLYGON (((580341.109284587 6570593.81614794,580340.961180738 6570593.89513665,580341.543722541 6570594.47767846,580341.632584849 6570594.40856333,580341.504228181 6570594.23083871,580341.405492283 6570594.15184998,580341.405492282 6570594.11235563,580341.484481002 6570594.09260845,580341.721447158 6570593.98399896,580342.027528444 6570593.74703281,580341.839930235 6570593.67791768,580341.533848951 6570593.91488382,580341.326503564 6570593.98399896,580341.217894075 6570593.93463101,580341.109284587 6570593.81614794)))",729,SØ,Storgaten 23/25,"11",,36,Sivile konstruksjoner,Vannhåndtering,0.23,0,0,1,0,0,0,2B/3,1200,1300,,,,,,"1987",Riksantikvaren,130,TØ,,C37039,"Karlberg, Inger. 1988. Innberetning over de arkeologiske undersøkelsene i Storgaten 23–25, Tønsberg 1987. Riksantikvaren."
"MULTIPOLYGON (((580335.975997293 6570600.2203792,580336.578639515 6570600.70723808,580337.392255737 6570599.42971787,580336.742920709 6570599.01617489,580335.975997293 6570600.2203792)))",730,SØ,Storgaten 23/25,"18",,31,Sivile konstruksjoner,Bygning,1.13,0,0,1,0,0,0,"3",1250,1300,,,,,,"1987",Riksantikvaren,130,TØ,,C37039,"Karlberg, Inger. 1988. Innberetning over de arkeologiske undersøkelsene i Storgaten 23–25, Tønsberg 1987. Riksantikvaren."
"MULTIPOLYGON (((580342.222086984 6570594.15350449,580343.100378438 6570592.87769067,580341.656535766 6570591.95571884,580340.8234335 6570593.26038842,580342.222086984 6570594.15350449)))",731,SØ,Storgaten 23/25,"8",,31,Sivile konstruksjoner,Bygning,2.61,0,0,1,0,0,0,"3",1250,1300,,,,,,"1987",Riksantikvaren,130,TØ,,C37039,"Karlberg, Inger. 1988. Innberetning over de arkeologiske undersøkelsene i Storgaten 23–25, Tønsberg 1987. Riksantikvaren."
"MULTIPOLYGON (((580345.29493798 6570604.22599941,580345.856877219 6570603.35284139,580343.968363909 6570602.07264728,580343.385896693 6570602.9318897,580345.29493798 6570604.22599941)),((580346.294581378 6570603.19407698,580346.879870551 6570602.6087878,580346.64167147 6570602.37058871,580346.015548168 6570602.99671201,580346.294581378 6570603.19407698)))",732,SØ,Storgaten 23/25,"20",,31,Sivile konstruksjoner,Bygning,2.67,0,0,1,0,0,0,"4",1250,1300,,,,,,"1987",Riksantikvaren,130,TØ,,C37039,"Karlberg, Inger. 1988. Innberetning over de arkeologiske undersøkelsene i Storgaten 23–25, Tønsberg 1987. Riksantikvaren."
"MULTIPOLYGON (((580275.161084849 6570570.3333425,580276.477548861 6570568.22118194,580277.498992886 6570566.85898695,580275.30188958 6570565.21177764,580273.481384098 6570567.64002922,580273.177300341 6570568.89980479,580275.161084849 6570570.3333425)))",733,SV,Storgaten 24/26,215/218,,15,Transport,Brygge,11.53,0,0,1,0,0,0,2A,1200,1250,,,,,,"1979",Riksantikvaren,445,TH/TR,,C35127,"Lindh, Jan. 1984. Innberetning over de arkeologiske utgravningene i Storgaten 24/26, Tønsberg, 1979. Riksantikvaren."
"MULTIPOLYGON (((580273.465790297 6570592.99792895,580274.507629656 6570591.64635357,580265.256929768 6570584.51560574,580264.477962447 6570585.52615794,580273.465790297 6570592.99792895)))",734,SV,Storgaten 24/26,"145",,14,Transport,Passasje,17.43,0,1,1,0,0,0,2C,1175,1250,,,,,,"1979",Riksantikvaren,445,TH/TR,,C35127,"Lindh, Jan. 1984. Innberetning over de arkeologiske utgravningene i Storgaten 24/26, Tønsberg, 1979. Riksantikvaren."
"MULTIPOLYGON (((580256.511196549 6570595.55330018,580262.101024247 6570599.44186935,580263.034783577 6570598.1094221,580257.48819384 6570594.24740163,580256.511196549 6570595.55330018)))",735,SV,Storgaten 24/26,"141",,14,Transport,Passasje,11.05,0,1,1,0,0,0,2C,1175,1250,,,,,,"1979",Riksantikvaren,445,TH/TR,,C35127,"Lindh, Jan. 1984. Innberetning over de arkeologiske utgravningene i Storgaten 24/26, Tønsberg, 1979. Riksantikvaren."
"MULTIPOLYGON (((580257.455226489 6570593.9870347,580263.994386797 6570598.75165684,580266.710245925 6570595.09377779,580260.205606677 6570590.42120391,580257.455226489 6570593.9870347)))",736,SV,Storgaten 24/26,"143",,31,Sivile konstruksjoner,Bygning,36.48,0,1,1,0,0,0,2C,1175,1250,,,,,,"1979",Riksantikvaren,445,TH/TR,,C35127,"Lindh, Jan. 1984. Innberetning over de arkeologiske utgravningene i Storgaten 24/26, Tønsberg, 1979. Riksantikvaren."
"MULTIPOLYGON (((580263.875023586 6570591.51125236,580267.49040454 6570586.97668421,580265.010521098 6570584.83242411,580261.181474558 6570589.26769564,580263.875023586 6570591.51125236)))",737,SV,Storgaten 24/26,"120",,31,Sivile konstruksjoner,Bygning,19.78,0,0,1,0,0,0,3A,1250,1300,,,,,,"1979",Riksantikvaren,445,TH/TR,,C35127,"Lindh, Jan. 1984. Innberetning over de arkeologiske utgravningene i Storgaten 24/26, Tønsberg, 1979. Riksantikvaren."
"MULTIPOLYGON (((580267.674436981 6570582.35023927,580267.337920646 6570582.83972115,580274.08089129 6570589.78015104,580274.663232277 6570589.26251461,580272.83473981 6570586.58809675,580269.685146258 6570583.63011345,580267.674436981 6570582.35023927)))",738,SV,Storgaten 24/26,"116",,14,Transport,Passasje,10.63,0,0,1,0,0,0,3A,1250,1300,,,,,,"1979",Riksantikvaren,445,TH/TR,,C35127,"Lindh, Jan. 1984. Innberetning over de arkeologiske utgravningene i Storgaten 24/26, Tønsberg, 1979. Riksantikvaren."
"MULTIPOLYGON (((580268.364852998 6570582.78970888,580269.685146258 6570583.63011345,580270.991014062 6570584.85653682,580273.556499675 6570582.16958797,580270.676133987 6570579.9721956,580268.364852998 6570582.78970888)))",739,SV,Storgaten 24/26,"112",,54,Handel- og næringskonstruksjoner,Produksjon,12.52,0,0,1,0,0,0,3A,1250,1300,,,,,,"1979",Riksantikvaren,445,TH/TR,,C35127,"Lindh, Jan. 1984. Innberetning over de arkeologiske utgravningene i Storgaten 24/26, Tønsberg, 1979. Riksantikvaren."
"MULTIPOLYGON (((580272.3032916 6570580.6755488,580275.893008062 6570583.3439283,580275.929541376 6570582.18381408,580273.030773321 6570579.64543403,580272.3032916 6570580.6755488)))",740,SV,Storgaten 24/26,"149",,31,Sivile konstruksjoner,Bygning,4.55,0,0,1,0,0,0,3A,1250,1300,,,,,,"1979",Riksantikvaren,445,TH/TR,,C35127,"Lindh, Jan. 1984. Innberetning over de arkeologiske utgravningene i Storgaten 24/26, Tønsberg, 1979. Riksantikvaren."
"MULTIPOLYGON (((580271.879991487 6570573.83923638,580270.854967798 6570577.53182395,580269.96332141 6570578.6129452,580272.410091543 6570580.52431999,580273.030773321 6570579.64543403,580272.28160202 6570578.85814795,580273.94231076 6570575.17561927,580271.879991487 6570573.83923638)))",741,SV,Storgaten 24/26,"134",,31,Sivile konstruksjoner,Bygning,12.08,0,0,1,0,0,0,3A,1250,1300,,,,,,"1979",Riksantikvaren,445,TH/TR,,C35127,"Lindh, Jan. 1984. Innberetning over de arkeologiske utgravningene i Storgaten 24/26, Tønsberg, 1979. Riksantikvaren."
"MULTIPOLYGON (((580273.055414253 6570569.82400286,580272.474430707 6570571.94912174,580274.550757703 6570573.47490736,580275.065152504 6570571.31648672,580273.055414253 6570569.82400286)))",742,SV,Storgaten 24/26,"204",,14,Transport,Passasje,5.21,0,0,1,0,0,0,3A,1250,1300,,,,,,"1979",Riksantikvaren,445,TH/TR,,C35127,"Lindh, Jan. 1984. Innberetning over de arkeologiske utgravningene i Storgaten 24/26, Tønsberg, 1979. Riksantikvaren."
"MULTIPOLYGON (((580266.068112389 6570583.76386188,580269.181484311 6570585.99255581,580272.123292963 6570582.16721825,580269.031143669 6570579.45914579,580266.068112389 6570583.76386188)))",743,SV,Storgaten 24/26,"89",,31,Sivile konstruksjoner,Bygning,19.91,0,0,1,0,0,0,4A,1250,1300,,,,,,"1979",Riksantikvaren,445,TH/TR,,C35127,"Lindh, Jan. 1984. Innberetning over de arkeologiske utgravningene i Storgaten 24/26, Tønsberg, 1979. Riksantikvaren."
"MULTIPOLYGON (((580261.111107545 6570596.9299029,580264.096818679 6570598.89700008,580268.375922231 6570592.85844828,580265.852348341 6570590.91482615,580261.111107545 6570596.9299029)))",744,SV,Storgaten 24/26,42/43/46/44,,31,Sivile konstruksjoner,Bygning,25.44,0,0,0,1,0,0,7B,1300,1400,,,,,,"1979",Riksantikvaren,445,TH/TR,,C35127,"Lindh, Jan. 1984. Innberetning over de arkeologiske utgravningene i Storgaten 24/26, Tønsberg, 1979. Riksantikvaren."
"MULTIPOLYGON (((580268.362206071 6570588.58979025,580268.120617814 6570588.99243735,580268.049542666 6570589.28942414,580268.221279588 6570589.42528297,580268.56352962 6570589.17362854,580268.644059038 6570589.21389325,580268.636599437 6570588.98332065,580268.645607207 6570588.70114725,580268.362206071 6570588.58979025)))",745,SV,Storgaten 24/26,"197",,34,Sivile konstruksjoner,Grensestein,0.32,1,1,0,0,0,0,"1",1050,1200,,,,,,"1979",Riksantikvaren,445,TH/TR,,C35127,"Lindh, Jan. 1984. Innberetning over de arkeologiske utgravningene i Storgaten 24/26, Tønsberg, 1979. Riksantikvaren."
"MULTIPOLYGON (((580276.070478196 6570582.58973607,580276.184783289 6570582.38398689,580274.584511992 6570581.67529533,580274.12729162 6570581.19521394,580272.549881341 6570580.34935625,580270.972471062 6570579.6635257,580269.783698099 6570578.77194596,580269.555087913 6570579.0462782,580270.583833747 6570579.80069181,580273.281433933 6570581.10376987,580273.898681436 6570581.44668514,580274.378762824 6570581.8810445,580276.070478196 6570582.58973607)))",746,SV,Storgaten 24/26,"217",,32,Sivile konstruksjoner,Gjerde,2.33,1,1,0,0,0,0,"1",1050,1200,,,,,,"1979",Riksantikvaren,445,TH/TR,,C35127,"Lindh, Jan. 1984. Innberetning over de arkeologiske utgravningene i Storgaten 24/26, Tønsberg, 1979. Riksantikvaren."
"MULTIPOLYGON (((580256.880870291 6570595.80814175,580257.538310799 6570594.86726037,580256.136301442 6570593.88735934,580255.472569809 6570594.8370042,580256.880870291 6570595.80814175)))",747,SV,Storgaten 24/26,"210",,15,Transport,Brygge,1.97,0,0,1,0,0,0,2A,1200,1250,,,,,,"1979",Riksantikvaren,445,TH/TR,,C35127,"Lindh, Jan. 1984. Innberetning over de arkeologiske utgravningene i Storgaten 24/26, Tønsberg, 1979. Riksantikvaren."
"MULTIPOLYGON (((580256.901156402 6570592.71253203,580256.083203853 6570593.97293949,580257.534507464 6570594.8733904,580258.200929655 6570595.28686726,580258.9929305 6570594.01035827,580256.901156402 6570592.71253203)))",748,SV,Storgaten 24/26,"208",,15,Transport,Brygge,3.72,0,0,1,0,0,0,2A,1200,1250,,,,,,"1979",Riksantikvaren,445,TH/TR,,C35127,"Lindh, Jan. 1984. Innberetning over de arkeologiske utgravningene i Storgaten 24/26, Tønsberg, 1979. Riksantikvaren."
"MULTIPOLYGON (((580259.673810826 6570591.1607948,580260.946510874 6570591.72315064,580261.4572114 6570590.56735471,580260.474180186 6570590.13299208,580259.673810826 6570591.1607948)))",749,SV,Storgaten 24/26,"209",,15,Transport,Brygge,1.56,0,0,1,0,0,0,2A,1200,1250,,,,,,"1979",Riksantikvaren,445,TH/TR,,C35127,"Lindh, Jan. 1984. Innberetning over de arkeologiske utgravningene i Storgaten 24/26, Tønsberg, 1979. Riksantikvaren."
"MULTIPOLYGON (((580272.283362141 6570573.23773735,580273.078422306 6570573.72360745,580274.595356075 6570571.24135219,580272.945912279 6570569.91026333,580272.283362141 6570573.23773735)))",750,SV,Storgaten 24/26,"213",,15,Transport,Brygge,4.54,0,0,1,0,0,0,2A,1200,1250,,,,,,"1979",Riksantikvaren,445,TH/TR,,C35127,"Lindh, Jan. 1984. Innberetning over de arkeologiske utgravningene i Storgaten 24/26, Tønsberg, 1979. Riksantikvaren."
"MULTIPOLYGON (((580273.154698371 6570568.9743427,580272.688213939 6570571.16640014,580274.699258202 6570572.23312796,580275.226924817 6570570.29444727,580273.154698371 6570568.9743427)))",751,SV,Storgaten 24/26,"214",,14,Transport,Passasje,4.81,0,0,1,0,0,0,2C,1175,1250,,,,,,"1979",Riksantikvaren,445,TH/TR,,C35127,"Lindh, Jan. 1984. Innberetning over de arkeologiske utgravningene i Storgaten 24/26, Tønsberg, 1979. Riksantikvaren."
"MULTIPOLYGON (((580270.564548395 6570586.98261629,580274.981734255 6570590.14463984,580277.854343515 6570586.04287342,580273.643570296 6570582.87848693,580270.564548395 6570586.98261629)))",752,SV,Storgaten 24/26,"80",,31,Sivile konstruksjoner,Bygning,27.13,0,0,1,0,0,0,4A,1250,1300,,,,,,"1979",Riksantikvaren,445,TH/TR,,C35127,"Lindh, Jan. 1984. Innberetning over de arkeologiske utgravningene i Storgaten 24/26, Tønsberg, 1979. Riksantikvaren."
"MULTIPOLYGON (((580273.966658398 6570581.84077539,580275.831474399 6570583.2357165,580275.978310305 6570582.88331032,580275.699322084 6570581.76735744,580274.622893055 6570580.90334684,580273.966658398 6570581.84077539)))",753,SV,Storgaten 24/26,"119",,31,Sivile konstruksjoner,Bygning,2.2,0,0,1,0,0,0,4A,1250,1300,,,,,,"1979",Riksantikvaren,445,TH/TR,,C35127,"Lindh, Jan. 1984. Innberetning over de arkeologiske utgravningene i Storgaten 24/26, Tønsberg, 1979. Riksantikvaren."
"MULTIPOLYGON (((580273.857440079 6570576.05901185,580272.762519973 6570575.22692014,580269.964051827 6570578.60533397,580273.966658398 6570581.84077539,580274.622893055 6570580.90334684,580272.575486114 6570579.1463875,580273.857440079 6570576.05901185)))",754,SV,Storgaten 24/26,"111",,31,Sivile konstruksjoner,Bygning,12.08,0,0,1,0,0,0,4A,1250,1300,,,,,,"1979",Riksantikvaren,445,TH/TR,,C35127,"Lindh, Jan. 1984. Innberetning over de arkeologiske utgravningene i Storgaten 24/26, Tønsberg, 1979. Riksantikvaren."
"MULTIPOLYGON (((580274.231890597 6570591.74765663,580275.29921848 6570590.37190955,580266.068112389 6570583.76386188,580264.953785545 6570584.69584433,580274.231890597 6570591.74765663)))",755,SV,Storgaten 24/26,"81",,14,Transport,Passasje,18.14,0,0,1,0,0,0,4A,1250,1300,,,,,,"1979",Riksantikvaren,445,TH/TR,,C35127,"Lindh, Jan. 1984. Innberetning over de arkeologiske utgravningene i Storgaten 24/26, Tønsberg, 1979. Riksantikvaren."
"MULTIPOLYGON (((580269.181484311 6570585.99255581,580270.564548395 6570586.98261629,580272.849279883 6570583.9372227,580271.53818028 6570582.92806091,580269.181484311 6570585.99255581)))",756,SV,Storgaten 24/26,"101",,14,Transport,Passasje,6.44,0,0,1,0,0,0,4A,1250,1300,,,,,,"1979",Riksantikvaren,445,TH/TR,,C35127,"Lindh, Jan. 1984. Innberetning over de arkeologiske utgravningene i Storgaten 24/26, Tønsberg, 1979. Riksantikvaren."
"MULTIPOLYGON (((580271.686914745 6570573.88390993,580274.053542394 6570575.59164693,580274.977936472 6570572.92095814,580272.254215849 6570570.78489907,580271.686914745 6570573.88390993)))",757,SV,Storgaten 24/26,"193",,14,Transport,Passasje,8.78,0,0,1,0,0,0,4A,1250,1300,,,,,,"1979",Riksantikvaren,445,TH/TR,,C35127,"Lindh, Jan. 1984. Innberetning over de arkeologiske utgravningene i Storgaten 24/26, Tønsberg, 1979. Riksantikvaren."
"MULTIPOLYGON (((580264.65518441 6570585.68586005,580273.401131832 6570592.81847464,580274.796716095 6570591.01961696,580266.00244106 6570584.11499659,580264.65518441 6570585.68586005)))",758,SV,Storgaten 24/26,"39",,14,Transport,Passasje,24.42,0,0,1,1,0,0,"5",1250,1350,,,,,,"1979",Riksantikvaren,445,TH/TR,,C35127,"Lindh, Jan. 1984. Innberetning over de arkeologiske utgravningene i Storgaten 24/26, Tønsberg, 1979. Riksantikvaren."
"MULTIPOLYGON (((580265.997043445 6570583.54307436,580266.20411563 6570583.7951021,580266.00244106 6570584.11499659,580267.311206294 6570585.14254316,580270.814507423 6570581.09351641,580269.099816855 6570579.84832446,580265.997043445 6570583.54307436)))",759,SV,Storgaten 24/26,"70",,31,Sivile konstruksjoner,Bygning,10.88,0,0,1,1,0,0,"5",1250,1350,,,,,,"1979",Riksantikvaren,445,TH/TR,,C35127,"Lindh, Jan. 1984. Innberetning over de arkeologiske utgravningene i Storgaten 24/26, Tønsberg, 1979. Riksantikvaren."
"MULTIPOLYGON (((580269.694420343 6570579.05631571,580272.438824519 6570580.95837801,580273.033036823 6570580.01336498,580270.699796132 6570577.86073369,580269.694420343 6570579.05631571)))",760,SV,Storgaten 24/26,"64",,31,Sivile konstruksjoner,Bygning,4.34,0,0,1,1,0,0,"5",1250,1350,,,,,,"1979",Riksantikvaren,445,TH/TR,,C35127,"Lindh, Jan. 1984. Innberetning over de arkeologiske utgravningene i Storgaten 24/26, Tønsberg, 1979. Riksantikvaren."
"MULTIPOLYGON (((580272.792064662 6570581.63768597,580275.483946909 6570583.61140374,580275.765825836 6570582.88681495,580275.601327514 6570581.97063739,580273.634406536 6570580.60513787,580272.792064662 6570581.63768597)))",761,SV,Storgaten 24/26,"63",,31,Sivile konstruksjoner,Bygning,4.11,0,0,1,1,0,0,"5",1250,1350,,,,,,"1979",Riksantikvaren,445,TH/TR,,C35127,"Lindh, Jan. 1984. Innberetning over de arkeologiske utgravningene i Storgaten 24/26, Tønsberg, 1979. Riksantikvaren."
"MULTIPOLYGON (((580267.204199004 6570585.89027461,580270.541325157 6570588.20054325,580273.650903439 6570584.09718222,580270.574198312 6570581.42867339,580267.204199004 6570585.89027461)))",762,SV,Storgaten 24/26,"52",,31,Sivile konstruksjoner,Bygning,21.81,0,0,1,1,0,0,"6",1250,1350,,,,,,"1979",Riksantikvaren,445,TH/TR,,C35127,"Lindh, Jan. 1984. Innberetning over de arkeologiske utgravningene i Storgaten 24/26, Tønsberg, 1979. Riksantikvaren."
"MULTIPOLYGON (((580265.853085533 6570583.58420749,580267.637889747 6570584.93532096,580270.895824881 6570580.52632924,580269.24045952 6570579.278059,580265.853085533 6570583.58420749)))",763,SV,Storgaten 24/26,"51",,31,Sivile konstruksjoner,Bygning,11.82,0,0,1,1,0,0,"6",1250,1350,,,,,,"1979",Riksantikvaren,445,TH/TR,,C35127,"Lindh, Jan. 1984. Innberetning over de arkeologiske utgravningene i Storgaten 24/26, Tønsberg, 1979. Riksantikvaren."
"MULTIPOLYGON (((580270.65769864 6570580.97964337,580270.814507423 6570581.09351641,580271.550353162 6570580.34260578,580271.383180398 6570580.22674347,580270.65769864 6570580.97964337)))",764,SV,Storgaten 24/26,"57",,32,Sivile konstruksjoner,Gjerde,0.21,0,0,1,1,0,0,"5",1250,1350,,,,,,"1979",Riksantikvaren,445,TH/TR,,C35127,"Lindh, Jan. 1984. Innberetning over de arkeologiske utgravningene i Storgaten 24/26, Tønsberg, 1979. Riksantikvaren."
"MULTIPOLYGON (((580258.190963243 6570593.98647776,580262.176338636 6570596.75705958,580265.520273189 6570591.74115775,580261.864598692 6570588.84929787,580258.190963243 6570593.98647776)))",765,SV,Storgaten 24/26,66/95,,31,Sivile konstruksjoner,Bygning,29.35,0,0,1,1,0,0,"6",1250,1350,,,,,,"1979",Riksantikvaren,445,TH/TR,,C35127,"Lindh, Jan. 1984. Innberetning over de arkeologiske utgravningene i Storgaten 24/26, Tønsberg, 1979. Riksantikvaren."
"MULTIPOLYGON (((580262.451593779 6570596.94943405,580264.274034369 6570598.2626633,580267.902658648 6570593.54908652,580265.824730049 6570591.95665526,580262.451593779 6570596.94943405)))",766,SV,Storgaten 24/26,50/60,,31,Sivile konstruksjoner,Bygning,14.56,0,0,1,1,0,0,"6",1250,1350,,,,,,"1979",Riksantikvaren,445,TH/TR,,C35127,"Lindh, Jan. 1984. Innberetning over de arkeologiske utgravningene i Storgaten 24/26, Tønsberg, 1979. Riksantikvaren."
"MULTIPOLYGON (((580256.552297905 6570593.24840082,580261.239744782 6570596.42908438,580265.491736258 6570591.04514065,580260.50964169 6570587.82185971,580256.552297905 6570593.24840082)))",767,SV,Storgaten 24/26,22/94,,31,Sivile konstruksjoner,Bygning,39.3,0,0,0,1,0,0,7B,1300,1400,,,,,,"1979",Riksantikvaren,445,TH/TR,,C35127,"Lindh, Jan. 1984. Innberetning over de arkeologiske utgravningene i Storgaten 24/26, Tønsberg, 1979. Riksantikvaren."
"MULTIPOLYGON (((580262.922751672 6570585.70777399,580272.987441275 6570593.60855534,580274.778144329 6570591.32740495,580264.713454727 6570583.42662361,580262.922751672 6570585.70777399)))",768,SV,Storgaten 24/26,24/25/21,,14,Transport,Passasje,37.13,0,0,1,0,0,0,7A/7B,1300,1350,,,,,,"1979",Riksantikvaren,445,TH/TR,,C35127,"Lindh, Jan. 1984. Innberetning over de arkeologiske utgravningene i Storgaten 24/26, Tønsberg, 1979. Riksantikvaren."
"MULTIPOLYGON (((580270.15087986 6570588.56613173,580274.260438713 6570591.71085914,580278.480496965 6570586.51918957,580274.33417907 6570583.52402674,580270.15087986 6570588.56613173)))",769,SV,Storgaten 24/26,19/26,,31,Sivile konstruksjoner,Bygning,34.04,0,0,0,1,0,0,7A,1300,1400,,,,,,"1979",Riksantikvaren,445,TH/TR,,C35127,"Lindh, Jan. 1984. Innberetning over de arkeologiske utgravningene i Storgaten 24/26, Tønsberg, 1979. Riksantikvaren."
"MULTIPOLYGON (((580270.43185353 6570580.85714431,580274.33417907 6570583.52402674,580275.305029915 6570584.22533726,580275.874806619 6570583.34730116,580271.252732291 6570579.6185753,580270.43185353 6570580.85714431)))",770,SV,Storgaten 24/26,45/52,,14,Transport,Passasje,7.42,0,0,0,1,0,0,7A,1300,1400,,,,,,"1979",Riksantikvaren,445,TH/TR,,C35127,"Lindh, Jan. 1984. Innberetning over de arkeologiske utgravningene i Storgaten 24/26, Tønsberg, 1979. Riksantikvaren."
"MULTIPOLYGON (((580272.631934417 6570580.73120705,580275.874806619 6570583.34730116,580276.145735201 6570582.91362505,580275.882768784 6570581.92363383,580273.299665287 6570579.83816868,580272.631934417 6570580.73120705)))",771,SV,Storgaten 24/26,"41",,31,Sivile konstruksjoner,Bygning,4.36,0,0,0,1,0,0,7A,1300,1400,,,,,,"1979",Riksantikvaren,445,TH/TR,,C35127,"Lindh, Jan. 1984. Innberetning over de arkeologiske utgravningene i Storgaten 24/26, Tønsberg, 1979. Riksantikvaren."
"MULTIPOLYGON (((580257.224967331 6570594.0191112,580258.625820814 6570592.24457527,580257.600938912 6570591.63762172,580256.210556189 6570593.30410173,580257.224967331 6570594.0191112)))",772,SV,Storgaten 24/26,"144",,14,Transport,Passasje,2.68,0,1,1,0,0,0,2C,1175,1250,,,,,,"1979",Riksantikvaren,445,TH/TR,,C35127,"Lindh, Jan. 1984. Innberetning over de arkeologiske utgravningene i Storgaten 24/26, Tønsberg, 1979. Riksantikvaren."
"MULTIPOLYGON (((580271.061677213 6570586.54396308,580273.611094382 6570588.55921666,580276.913196619 6570584.5287095,580274.315219123 6570582.44061545,580271.061677213 6570586.54396308)))",773,SV,Storgaten 24/26,"160",,54,Handel- og næringskonstruksjoner,Produksjon,17.2,0,1,1,0,0,0,2C,1175,1250,,,,,,"1979",Riksantikvaren,445,TH/TR,,C35127,"Lindh, Jan. 1984. Innberetning over de arkeologiske utgravningene i Storgaten 24/26, Tønsberg, 1979. Riksantikvaren."
"MULTIPOLYGON (((580272.600777233 6570580.62705184,580275.940859443 6570583.17146002,580275.90588476 6570582.1921689,580273.256699704 6570579.79652987,580272.600777233 6570580.62705184)))",774,SV,Storgaten 24/26,"162",,31,Sivile konstruksjoner,Bygning,3.48,0,1,1,0,0,0,2C,1175,1250,,,,,,"1979",Riksantikvaren,445,TH/TR,,C35127,"Lindh, Jan. 1984. Innberetning over de arkeologiske utgravningene i Storgaten 24/26, Tønsberg, 1979. Riksantikvaren."
"MULTIPOLYGON (((580272.268517746 6570573.28236845,580269.872751973 6570578.39741581,580272.600777233 6570580.62705184,580273.256699704 6570579.79652987,580272.286005088 6570578.85208669,580273.877353156 6570575.10979562,580272.268517746 6570573.28236845)))",775,SV,Storgaten 24/26,"163",,31,Sivile konstruksjoner,Bygning,13.97,0,0,1,0,0,0,2C,1175,1250,,,,,,"1979",Riksantikvaren,445,TH/TR,,C35127,"Lindh, Jan. 1984. Innberetning over de arkeologiske utgravningene i Storgaten 24/26, Tønsberg, 1979. Riksantikvaren."
"MULTIPOLYGON (((580273.055414253 6570569.82400286,580275.065152504 6570571.31648672,580276.003979993 6570567.92830422,580274.302260829 6570566.72749494,580273.239122548 6570568.52611328,580273.055414253 6570569.82400286)))",776,SV,Storgaten 24/26,"205",,31,Sivile konstruksjoner,Bygning,8.02,0,0,1,0,0,0,3A,1250,1300,,,,,,"1979",Riksantikvaren,445,TH/TR,,C35127,"Lindh, Jan. 1984. Innberetning over de arkeologiske utgravningene i Storgaten 24/26, Tønsberg, 1979. Riksantikvaren."
"MULTIPOLYGON (((580256.596264707 6570593.18086501,580263.837511234 6570598.70310073,580265.504932611 6570596.72107155,580258.076399448 6570590.9916645,580256.596264707 6570593.18086501)))",777,SV,Storgaten 24/26,100/142/152/157/158/165,,14,Transport,Passasje,24.17,0,0,1,0,0,0,4A,1250,1300,,,,,,"1979",Riksantikvaren,445,TH/TR,,C35127,"Lindh, Jan. 1984. Innberetning over de arkeologiske utgravningene i Storgaten 24/26, Tønsberg, 1979. Riksantikvaren."
"MULTIPOLYGON (((580267.156471254 6570593.0353595,580266.523229852 6570593.7969829,580267.293464801 6570594.43822386,580267.79218781 6570593.66021596,580267.156471254 6570593.0353595)))",778,SV,Storgaten 24/26,"105",,31,Sivile konstruksjoner,Bygning,0.9,0,0,1,0,0,0,4A,1250,1300,,,,,,"1979",Riksantikvaren,445,TH/TR,,C35127,"Lindh, Jan. 1984. Innberetning over de arkeologiske utgravningene i Storgaten 24/26, Tønsberg, 1979. Riksantikvaren."
"MULTIPOLYGON (((580269.521044598 6570588.16482037,580267.822515688 6570586.87944171,580264.390896878 6570592.25381707,580266.21829115 6570593.39433192,580269.521044598 6570588.16482037)))",779,SV,Storgaten 24/26,96/109/121,,14,Transport,Passasje,13.44,0,0,1,0,0,0,4A,1250,1300,,,,,,"1979",Riksantikvaren,445,TH/TR,,C35127,"Lindh, Jan. 1984. Innberetning over de arkeologiske utgravningene i Storgaten 24/26, Tønsberg, 1979. Riksantikvaren."
"MULTIPOLYGON (((580260.498204819 6570590.07457814,580261.814099567 6570590.9240798,580265.561901061 6570586.5100025,580264.429232164 6570585.44396118,580260.498204819 6570590.07457814)))",780,SV,Storgaten 24/26,77/106,,31,Sivile konstruksjoner,Bygning,9.22,0,0,1,0,0,0,4A,1250,1300,,,,,,"1979",Riksantikvaren,445,TH/TR,,C35127,"Lindh, Jan. 1984. Innberetning over de arkeologiske utgravningene i Storgaten 24/26, Tønsberg, 1979. Riksantikvaren."
"MULTIPOLYGON (((580277.214376911 6570587.44672737,580273.044685528 6570584.91277068,580270.478924609 6570589.70219107,580274.723890003 6570592.35568245,580277.214376911 6570587.44672737)))",781,SV,Storgaten 24/26,"216",,31,Sivile konstruksjoner,Bygning,26.98,1,1,0,0,0,0,"1",1050,1200,,,,,,"1979",Riksantikvaren,445,TH/TR,,C35127,"Lindh, Jan. 1984. Innberetning over de arkeologiske utgravningene i Storgaten 24/26, Tønsberg, 1979. Riksantikvaren."
"MULTIPOLYGON (((580272.892949798 6570592.52171456,580267.678282007 6570588.18665115,580264.533134368 6570592.07515546,580269.477099707 6570596.30337582,580272.892949798 6570592.52171456)))",782,SV,Storgaten 24/26,"146",,31,Sivile konstruksjoner,Bygning,33.55,0,1,1,0,0,0,2C,1175,1250,,,,,,"1979",Riksantikvaren,445,TH/TR,,C35127,"Lindh, Jan. 1984. Innberetning over de arkeologiske utgravningene i Storgaten 24/26, Tønsberg, 1979. Riksantikvaren."
"MULTIPOLYGON (((580271.975576699 6570594.12083837,580272.338566175 6570594.46774393,580273.465654962 6570592.99809159,580273.137277898 6570592.72482966,580271.975576699 6570594.12083837)))",783,SV,Storgaten 24/26,"135",,31,Sivile konstruksjoner,Bygning,0.85,0,1,1,0,0,0,2C,1175,1250,,,,,,"1979",Riksantikvaren,445,TH/TR,,C35127,"Lindh, Jan. 1984. Innberetning over de arkeologiske utgravningene i Storgaten 24/26, Tønsberg, 1979. Riksantikvaren."
"MULTIPOLYGON (((580271.2908162 6570593.66363383,580271.587612099 6570593.90389717,580272.20916976 6570593.12099204,580271.880557947 6570592.88355651,580271.2908162 6570593.66363383)))",784,SV,Storgaten 24/26,"136",,32,Sivile konstruksjoner,Gjerde,0.39,0,0,1,0,0,0,3A,1250,1300,,,,,,"1979",Riksantikvaren,445,TH/TR,,C35127,"Lindh, Jan. 1984. Innberetning over de arkeologiske utgravningene i Storgaten 24/26, Tønsberg, 1979. Riksantikvaren."
"MULTIPOLYGON (((580265.493611488 6570584.72137631,580262.638838613 6570587.91421438,580266.808309523 6570591.20095947,580269.062077584 6570588.30862379,580265.493611488 6570584.72137631)))",785,SV,Storgaten 24/26,"11",,31,Sivile konstruksjoner,Bygning,20.56,0,0,0,1,0,0,"8",1300,1400,,,,,,"1979",Riksantikvaren,445,TH/TR,,C35127,"Lindh, Jan. 1984. Innberetning over de arkeologiske utgravningene i Storgaten 24/26, Tønsberg, 1979. Riksantikvaren."
"MULTIPOLYGON (((580262.638838613 6570587.91421438,580257.784139361 6570594.01426522,580260.647037609 6570595.905823,580265.525538689 6570590.18976626,580262.638838613 6570587.91421438)))",786,SV,Storgaten 24/26,"12",Trebrolegning/gårdsplass,14,Transport,Passasje,27.14,0,0,0,1,0,0,"8",1300,1400,,,,,,"1979",Riksantikvaren,445,TH/TR,,C35127,"Lindh, Jan. 1984. Innberetning over de arkeologiske utgravningene i Storgaten 24/26, Tønsberg, 1979. Riksantikvaren."
"MULTIPOLYGON (((580267.036051448 6570585.36692959,580270.89301992 6570580.89508209,580268.992484731 6570579.34390998,580265.582701008 6570584.26294224,580267.036051448 6570585.36692959)))",787,SV,Storgaten 24/26,"9",,31,Sivile konstruksjoner,Bygning,12.71,0,0,0,1,0,0,"8",1300,1400,,,,,,"1979",Riksantikvaren,445,TH/TR,,C35127,"Lindh, Jan. 1984. Innberetning over de arkeologiske utgravningene i Storgaten 24/26, Tønsberg, 1979. Riksantikvaren."
"MULTIPOLYGON (((580268.644059038 6570589.21389325,580268.75478699 6570589.33468738,580269.189343502 6570589.12269561,580269.217831149 6570588.58979025,580268.791385854 6570588.44416416,580268.645607207 6570588.70114725,580268.644059038 6570589.21389325)))",788,SV,Storgaten 24/26,"197",,34,Sivile konstruksjoner,Grensestein,0.39,1,1,0,0,0,0,"1",1050,1200,,,,,,"1979",Riksantikvaren,445,TH/TR,,C35127,"Lindh, Jan. 1984. Innberetning over de arkeologiske utgravningene i Storgaten 24/26, Tønsberg, 1979. Riksantikvaren."
"MULTIPOLYGON (((580258.186836293 6570593.32415669,580258.281425727 6570593.67340999,580258.408165254 6570593.62271417,580258.317806279 6570593.31688058,580258.397843491 6570593.06221672,580258.652507353 6570592.61109788,580259.933102767 6570591.31595025,580260.369669385 6570591.19953248,580260.537019921 6570591.24318914,580262.254181953 6570592.39281457,580262.392428049 6570592.2691207,580260.718922679 6570591.11949527,580260.362393274 6570590.98852528,580259.823961112 6570591.19225636,580259.481983929 6570591.51240523,580258.718339528 6570592.3494257,580258.370500339 6570592.8003945,580258.224698256 6570593.10100809,580258.186836293 6570593.32415669)))",789,SV,Storgaten 24/26,"207",,32,Sivile konstruksjoner,Gjerde,0.99,0,1,1,0,0,0,2A,1175,1250,,,,,,"1979",Riksantikvaren,445,TH/TR,,C35127,"Lindh, Jan. 1984. Innberetning over de arkeologiske utgravningene i Storgaten 24/26, Tønsberg, 1979. Riksantikvaren."
"MULTIPOLYGON (((580272.364366312 6570591.62038259,580272.507744096 6570591.47148193,580271.76624882 6570590.82124761,580270.716747814 6570589.999899,580270.294665888 6570589.71470851,580269.815545864 6570589.42951802,580269.496132514 6570589.28121897,580269.279387741 6570589.00743608,580268.959974392 6570588.67661513,580268.617745803 6570588.47127797,580268.0929953 6570588.09482652,580267.830620049 6570587.76400556,580267.476983841 6570587.59289126,580267.157474097 6570587.39426007,580266.301999019 6570586.77154265,580264.588757122 6570585.32096288,580264.456172178 6570585.47453904,580266.404667596 6570587.02251027,580267.787221242 6570587.91726522,580267.971227073 6570588.23927542,580268.75325186 6570588.76829218,580269.374271542 6570589.4123126,580270.271299974 6570589.89532791,580272.364366312 6570591.62038259)))",790,SV,Storgaten 24/26,"133",,32,Sivile konstruksjoner,Gjerde,1.78,0,0,1,0,0,0,3A,1250,1300,,,,,,"1979",Riksantikvaren,445,TH/TR,,C35127,"Lindh, Jan. 1984. Innberetning over de arkeologiske utgravningene i Storgaten 24/26, Tønsberg, 1979. Riksantikvaren."
"MULTIPOLYGON (((580271.208792288 6570589.04443017,580271.668583225 6570588.55677313,580271.306323699 6570588.3617103,580270.456407118 6570587.91585243,580270.149879827 6570587.66505736,580269.676155831 6570587.34459702,580269.146699602 6570586.75940855,580268.770507016 6570586.4389482,580268.268916903 6570586.10455479,580267.44686644 6570585.57509856,580267.182138324 6570585.26857127,580266.750213505 6570584.79484728,580266.429753156 6570584.36292246,580265.774899395 6570583.76380093,580265.426572929 6570584.2096588,580266.039627511 6570584.69731587,580266.290422568 6570585.08744151,580266.847744916 6570585.77016139,580267.223937501 6570585.97915727,580267.781259849 6570586.48074738,580268.895904544 6570587.46999455,580271.208792288 6570589.04443017)))",791,SV,Storgaten 24/26,"122",,36,Sivile konstruksjoner,Vannhåndtering,4.37,0,0,1,0,0,0,3A,1250,1300,,,,,,"1979",Riksantikvaren,445,TH/TR,,C35127,"Lindh, Jan. 1984. Innberetning over de arkeologiske utgravningene i Storgaten 24/26, Tønsberg, 1979. Riksantikvaren."
"MULTIPOLYGON (((580271.347549294 6570593.68524707,580271.569727394 6570593.88574927,580272.12246316 6570593.1596062,580271.900285058 6570592.98077993,580271.347549294 6570593.68524707)))",792,SV,Storgaten 24/26,"136",,32,Sivile konstruksjoner,Gjerde,0.26,0,0,1,0,0,0,3A,1250,1300,,,,,,"1979",Riksantikvaren,445,TH/TR,,C35127,"Lindh, Jan. 1984. Innberetning over de arkeologiske utgravningene i Storgaten 24/26, Tønsberg, 1979. Riksantikvaren."
"MULTIPOLYGON (((580266.263563564 6570595.31378023,580266.457604582 6570595.04576247,580261.194031727 6570591.66906787,580260.990925948 6570591.87217365,580266.263563564 6570595.31378023)))",793,SV,Storgaten 24/26,139/173/172/171,,32,Sivile konstruksjoner,Gjerde,1.92,0,0,1,0,0,0,3A,1250,1300,,,,,,"1979",Riksantikvaren,445,TH/TR,,C35127,"Lindh, Jan. 1984. Innberetning over de arkeologiske utgravningene i Storgaten 24/26, Tønsberg, 1979. Riksantikvaren."
"MULTIPOLYGON (((580268.949970095 6570582.07643551,580269.300961307 6570581.64856784,580268.991430588 6570579.62256956,580268.639942501 6570580.00753271,580268.949970095 6570582.07643551)))",794,SV,Storgaten 24/26,"129",,36,Sivile konstruksjoner,Vannhåndtering,0.85,0,0,1,0,0,0,3A,1250,1300,,,,,,"1979",Riksantikvaren,445,TH/TR,,C35127,"Lindh, Jan. 1984. Innberetning over de arkeologiske utgravningene i Storgaten 24/26, Tønsberg, 1979. Riksantikvaren."
"MULTIPOLYGON (((580274.294445712 6570574.36949015,580274.489471677 6570573.62128005,580272.419610481 6570572.26579572,580272.328023702 6570573.12671144,580274.294445712 6570574.36949015)))",795,SV,Storgaten 24/26,"203",,36,Sivile konstruksjoner,Vannhåndtering,1.81,0,0,1,0,0,0,3A,1250,1300,,,,,,"1979",Riksantikvaren,445,TH/TR,,C35127,"Lindh, Jan. 1984. Innberetning over de arkeologiske utgravningene i Storgaten 24/26, Tønsberg, 1979. Riksantikvaren."
"MULTIPOLYGON (((580275.829482371 6570583.38328571,580276.026589247 6570582.97935518,580275.976188232 6570582.07213691,580272.925107096 6570579.47517683,580272.061709405 6570580.49290511,580275.829482371 6570583.38328571)))",796,SV,Storgaten 24/26,"132",,31,Sivile konstruksjoner,Bygning,5.46,0,0,1,0,0,0,3B,1250,1300,,,,,,"1979",Riksantikvaren,445,TH/TR,,C35127,"Lindh, Jan. 1984. Innberetning over de arkeologiske utgravningene i Storgaten 24/26, Tønsberg, 1979. Riksantikvaren."
"MULTIPOLYGON (((580268.084142763 6570583.52717328,580270.931362342 6570579.83060621,580269.549200159 6570578.8677078,580266.663639869 6570582.62866279,580268.084142763 6570583.52717328)))",797,SV,Storgaten 24/26,125/117,,31,Sivile konstruksjoner,Bygning,7.9,0,0,1,0,0,0,3B,1250,1300,,,,,,"1979",Riksantikvaren,445,TH/TR,,C35127,"Lindh, Jan. 1984. Innberetning over de arkeologiske utgravningene i Storgaten 24/26, Tønsberg, 1979. Riksantikvaren."
"MULTIPOLYGON (((580269.367722856 6570582.24896633,580269.772788097 6570582.51313931,580270.759033901 6570581.5268935,580271.445883658 6570580.47020156,580271.040818417 6570580.27647472,580270.459637854 6570581.10421673,580269.367722856 6570582.24896633)))",798,SV,Storgaten 24/26,"127",,36,Sivile konstruksjoner,Vannhåndtering,1.26,0,0,1,0,0,0,3B,1250,1300,,,,,,"1979",Riksantikvaren,445,TH/TR,,C35127,"Lindh, Jan. 1984. Innberetning over de arkeologiske utgravningene i Storgaten 24/26, Tønsberg, 1979. Riksantikvaren."
"MULTIPOLYGON (((580264.757883839 6570585.12046297,580268.371073128 6570587.9941106,580269.575469556 6570586.74745465,580265.793242173 6570583.68363917,580264.757883839 6570585.12046297)))",799,SV,Storgaten 24/26,"108",,14,Transport,Passasje,8.29,0,0,1,0,0,0,3B,1250,1300,,,,,,"1979",Riksantikvaren,445,TH/TR,,C35127,"Lindh, Jan. 1984. Innberetning over de arkeologiske utgravningene i Storgaten 24/26, Tønsberg, 1979. Riksantikvaren."
"MULTIPOLYGON (((580269.000608104 6570591.32799691,580272.090288067 6570593.68939516,580273.30409091 6570592.16662433,580270.148203519 6570589.91557178,580269.000608104 6570591.32799691)))",800,SV,Storgaten 24/26,,,54,Handel- og næringskonstruksjoner,Produksjon,7.31,0,0,1,0,0,0,4A,1250,1300,,,,,,"1979",Riksantikvaren,445,TH/TR,,C35127,"Lindh, Jan. 1984. Innberetning over de arkeologiske utgravningene i Storgaten 24/26, Tønsberg, 1979. Riksantikvaren."
"MULTIPOLYGON (((580274.977936472 6570572.92095814,580276.367526691 6570568.65491926,580273.245820756 6570566.7839665,580272.254215849 6570570.78489907,580274.977936472 6570572.92095814)))",801,SV,Storgaten 24/26,"194",,31,Sivile konstruksjoner,Bygning,14.48,0,0,1,0,0,0,4A,1250,1300,,,,,,"1979",Riksantikvaren,445,TH/TR,,C35127,"Lindh, Jan. 1984. Innberetning over de arkeologiske utgravningene i Storgaten 24/26, Tønsberg, 1979. Riksantikvaren."
"MULTIPOLYGON (((580274.354507125 6570591.58960835,580272.966199132 6570591.07469787,580271.058995783 6570589.33610184,580269.99138664 6570588.31819035,580267.473819878 6570586.41318082,580265.062690366 6570584.59940321,580264.631168156 6570585.09513926,580269.911403512 6570589.06554878,580272.224064733 6570591.05075356,580272.652780952 6570591.53357838,580274.009904083 6570592.03378922,580274.354507125 6570591.58960835)))",802,SV,Storgaten 24/26,"73",,36,Sivile konstruksjoner,Vannhåndtering,7.02,0,0,1,0,0,0,4B,1250,1300,,,,,,"1979",Riksantikvaren,445,TH/TR,,C35127,"Lindh, Jan. 1984. Innberetning over de arkeologiske utgravningene i Storgaten 24/26, Tønsberg, 1979. Riksantikvaren."
"MULTIPOLYGON (((580266.494513507 6570585.67649539,580270.618469595 6570580.18327904,580269.300138075 6570579.19453039,580265.062690366 6570584.59940321,580266.494513507 6570585.67649539)))",803,SV,Storgaten 24/26,102/76,,31,Sivile konstruksjoner,Bygning,11.82,0,0,1,0,0,0,4B,1250,1300,,,,,,"1979",Riksantikvaren,445,TH/TR,,C35127,"Lindh, Jan. 1984. Innberetning over de arkeologiske utgravningene i Storgaten 24/26, Tønsberg, 1979. Riksantikvaren."
"MULTIPOLYGON (((580267.214709263 6570584.71717598,580269.314098452 6570586.13034756,580272.1503869 6570582.13998313,580270.246927934 6570580.67818216,580267.214709263 6570584.71717598)))",804,SV,Storgaten 24/26,"83",Trebrolegning/gårdsplass,14,Transport,Passasje,12.26,0,0,1,0,0,0,4B,1250,1300,,,,,,"1979",Riksantikvaren,445,TH/TR,,C35127,"Lindh, Jan. 1984. Innberetning over de arkeologiske utgravningene i Storgaten 24/26, Tønsberg, 1979. Riksantikvaren."
"MULTIPOLYGON (((580269.455093297 6570586.20603455,580272.669115156 6570582.19063854,580270.489258347 6570580.35539177,580270.246927934 6570580.67818216,580272.1503869 6570582.13998313,580269.314098452 6570586.13034756,580269.455093297 6570586.20603455)))",805,SV,Storgaten 24/26,79/86,,32,Sivile konstruksjoner,Gjerde,2.42,0,0,1,0,0,0,4B,1250,1300,,,,,,"1979",Riksantikvaren,445,TH/TR,,C35127,"Lindh, Jan. 1984. Innberetning over de arkeologiske utgravningene i Storgaten 24/26, Tønsberg, 1979. Riksantikvaren."
"MULTIPOLYGON (((580275.691787399 6570581.75986343,580274.921207158 6570582.74060191,580275.873924545 6570583.4411294,580276.056061694 6570582.99279181,580275.859913996 6570581.91397947,580275.691787399 6570581.75986343)))",806,SV,Storgaten 24/26,"87",,31,Sivile konstruksjoner,Bygning,1.01,0,0,1,0,0,0,4B,1250,1300,,,,,,"1979",Riksantikvaren,445,TH/TR,,C35127,"Lindh, Jan. 1984. Innberetning over de arkeologiske utgravningene i Storgaten 24/26, Tønsberg, 1979. Riksantikvaren."
"MULTIPOLYGON (((580274.921207158 6570582.74060191,580275.691787399 6570581.75986343,580272.67596896 6570579.24088323,580274.061424745 6570576.06611692,580274.500440957 6570575.62710071,580271.225547793 6570573.31642519,580270.971688145 6570574.14838979,580272.560945117 6570575.21097464,580269.961481347 6570578.70619958,580274.921207158 6570582.74060191)))",807,SV,Storgaten 24/26,"91",,31,Sivile konstruksjoner,Bygning,17.9,0,0,1,0,0,0,4B,1250,1300,,,,,,"1979",Riksantikvaren,445,TH/TR,,C35127,"Lindh, Jan. 1984. Innberetning over de arkeologiske utgravningene i Storgaten 24/26, Tønsberg, 1979. Riksantikvaren."
"MULTIPOLYGON (((580271.246154746 6570573.17744379,580274.624738913 6570575.4709915,580274.984431583 6570573.56353037,580271.816047473 6570571.47175697,580271.246154746 6570573.17744379)))",808,SV,Storgaten 24/26,"185",,14,Transport,Passasje,6.94,0,0,1,0,0,0,4B,1250,1300,,,,,,"1979",Riksantikvaren,445,TH/TR,,C35127,"Lindh, Jan. 1984. Innberetning over de arkeologiske utgravningene i Storgaten 24/26, Tønsberg, 1979. Riksantikvaren."
"MULTIPOLYGON (((580274.944963459 6570573.08121437,580276.392676449 6570568.59205326,580274.278617586 6570567.19336025,580273.368262972 6570566.78612473,580272.898876947 6570567.1321113,580271.928050113 6570571.07890635,580274.944963459 6570573.08121437)))",809,SV,Storgaten 24/26,186/187/188/189,,31,Sivile konstruksjoner,Bygning,16.99,0,0,1,0,0,0,4B,1250,1300,,,,,,"1979",Riksantikvaren,445,TH/TR,,C35127,"Lindh, Jan. 1984. Innberetning over de arkeologiske utgravningene i Storgaten 24/26, Tønsberg, 1979. Riksantikvaren."
"MULTIPOLYGON (((580268.561795329 6570591.67187946,580271.329409626 6570593.72034989,580272.222891408 6570592.69611467,580270.871772617 6570591.62829499,580268.561795329 6570591.67187946)))",810,SV,Storgaten 24/26,"75",,54,Handel- og næringskonstruksjoner,Produksjon,3.6,0,0,1,0,0,0,"5",1250,1300,,,,,,"1979",Riksantikvaren,445,TH/TR,,C35127,"Lindh, Jan. 1984. Innberetning over de arkeologiske utgravningene i Storgaten 24/26, Tønsberg, 1979. Riksantikvaren."
"MULTIPOLYGON (((580274.271361833 6570587.98899114,580274.925128989 6570587.83644547,580275.143051375 6570587.29163951,580274.903336751 6570586.39815772,580274.249569595 6570586.20202758,580273.8573093 6570587.33522399,580274.271361833 6570587.98899114)))",811,SV,Storgaten 24/26,"82",,54,Handel- og næringskonstruksjoner,Produksjon,1.58,0,0,1,0,0,0,"5",1250,1300,,,,,,"1979",Riksantikvaren,445,TH/TR,,C35127,"Lindh, Jan. 1984. Innberetning over de arkeologiske utgravningene i Storgaten 24/26, Tønsberg, 1979. Riksantikvaren."
"MULTIPOLYGON (((580261.88792227 6570594.34796635,580262.716143277 6570594.92907745,580263.375487859 6570594.17219669,580264.186988883 6570593.34508988,580265.045307274 6570592.1902615,580265.482269363 6570591.08225049,580266.420058724 6570589.18854737,580267.426017105 6570587.94556741,580268.461686126 6570587.0150319,580267.855000981 6570586.5349593,580266.914267563 6570587.52821842,580265.800718703 6570588.97073149,580265.045617637 6570590.32076067,580264.176107318 6570592.105545,580263.489651804 6570593.04370088,580261.88792227 6570594.34796635)))",812,SV,Storgaten 24/26,71/63/103,,36,Sivile konstruksjoner,Vannhåndtering,7.29,0,0,1,0,0,0,"5",1250,1300,,,,,,"1979",Riksantikvaren,445,TH/TR,,C35127,"Lindh, Jan. 1984. Innberetning over de arkeologiske utgravningene i Storgaten 24/26, Tønsberg, 1979. Riksantikvaren."
"MULTIPOLYGON (((580256.861395325 6570592.77360756,580262.043561945 6570596.05491878,580265.256129964 6570591.23702356,580260.43692279 6570587.91659122,580256.861395325 6570592.77360756)))",813,SV,Storgaten 24/26,49/72/97/98,,31,Sivile konstruksjoner,Bygning,35.42,0,0,0,1,0,0,7A,1300,1400,,,,,,"1979",Riksantikvaren,445,TH/TR,,C35127,"Lindh, Jan. 1984. Innberetning over de arkeologiske utgravningene i Storgaten 24/26, Tønsberg, 1979. Riksantikvaren."
"MULTIPOLYGON (((580262.043561945 6570596.05491878,580264.558656005 6570597.982404,580268.06117919 6570593.17385522,580265.256129964 6570591.23702356,580262.043561945 6570596.05491878)))",814,SV,Storgaten 24/26,69/49,,31,Sivile konstruksjoner,Bygning,19.3,0,0,0,1,0,0,7A,1300,1400,,,,,,"1979",Riksantikvaren,445,TH/TR,,C35127,"Lindh, Jan. 1984. Innberetning over de arkeologiske utgravningene i Storgaten 24/26, Tønsberg, 1979. Riksantikvaren."
"MULTIPOLYGON (((580257.777621475 6570593.51484586,580258.148800535 6570593.92732229,580261.53544906 6570592.34254444,580264.524041659 6570590.73261493,580268.308746109 6570588.58683807,580267.917978971 6570588.00068737,580263.207064036 6570590.82289447,580257.777621475 6570593.51484586)))",815,SV,Storgaten 24/26,"65",,36,Sivile konstruksjoner,Vannhåndtering,6.97,0,0,0,1,0,0,7A,1300,1400,,,,,,"1979",Riksantikvaren,445,TH/TR,,C35127,"Lindh, Jan. 1984. Innberetning over de arkeologiske utgravningene i Storgaten 24/26, Tønsberg, 1979. Riksantikvaren."
"MULTIPOLYGON (((580263.519862712 6570587.13914176,580270.578093948 6570591.95756095,580272.027384096 6570589.9059684,580265.533811358 6570584.63582241,580263.519862712 6570587.13914176)))",816,SV,Storgaten 24/26,24/30,,14,Transport,Passasje,24.18,0,0,0,1,0,0,7B,1300,1400,,,,,,"1979",Riksantikvaren,445,TH/TR,,C35127,"Lindh, Jan. 1984. Innberetning over de arkeologiske utgravningene i Storgaten 24/26, Tønsberg, 1979. Riksantikvaren."
"MULTIPOLYGON (((580257.09394235 6570595.955027,580259.273203237 6570597.47046596,580260.045468225 6570596.35941382,580257.898267193 6570594.7838702,580257.09394235 6570595.955027)))",817,SV,Storgaten 24/26,"59",,35,Sivile konstruksjoner,Brønn,3.69,0,0,0,1,0,0,7B,1300,1400,,,,,,"1979",Riksantikvaren,445,TH/TR,,C35127,"Lindh, Jan. 1984. Innberetning over de arkeologiske utgravningene i Storgaten 24/26, Tønsberg, 1979. Riksantikvaren."
"MULTIPOLYGON (((580269.840876571 6570588.23143311,580272.964959171 6570584.25532797,580271.727497882 6570582.99758044,580268.623701532 6570587.07511682,580269.840876571 6570588.23143311)))",818,SV,Storgaten 24/26,"28",,31,Sivile konstruksjoner,Bygning,8.71,0,0,0,1,0,0,"8",1300,1400,,,,,,"1979",Riksantikvaren,445,TH/TR,,C35127,"Lindh, Jan. 1984. Innberetning over de arkeologiske utgravningene i Storgaten 24/26, Tønsberg, 1979. Riksantikvaren."
"MULTIPOLYGON (((580271.727497882 6570582.99758044,580270.296736897 6570581.58642472,580267.036051448 6570585.36692959,580268.623701532 6570587.07511682,580271.727497882 6570582.99758044)))",819,SV,Storgaten 24/26,"13",Trebrolegning/gårdsplass,14,Transport,Passasje,10.9,0,0,0,1,0,0,"8",1300,1400,,,,,,"1979",Riksantikvaren,445,TH/TR,,C35127,"Lindh, Jan. 1984. Innberetning over de arkeologiske utgravningene i Storgaten 24/26, Tønsberg, 1979. Riksantikvaren."
"MULTIPOLYGON (((580270.505173838 6570579.81727375,580271.640826662 6570578.47882577,580270.383496749 6570577.58652713,580269.410080046 6570578.96553412,580270.505173838 6570579.81727375)))",820,SV,Storgaten 24/26,"47",,31,Sivile konstruksjoner,Bygning,2.52,0,0,0,1,0,0,"8",1300,1400,,,,,,"1979",Riksantikvaren,445,TH/TR,,C35127,"Lindh, Jan. 1984. Innberetning over de arkeologiske utgravningene i Storgaten 24/26, Tønsberg, 1979. Riksantikvaren."
"MULTIPOLYGON (((580273.548277201 6570580.07910347,580272.952485486 6570580.99450526,580276.125208903 6570583.27058945,580276.19418115 6570582.58086696,580275.573430917 6570581.50030174,580273.548277201 6570580.07910347)))",821,SV,Storgaten 24/26,"33",,31,Sivile konstruksjoner,Bygning,3.78,0,0,0,0,1,1,"9",1400,1650,,,,,,"1979",Riksantikvaren,445,TH/TR,,C35127,"Lindh, Jan. 1984. Innberetning over de arkeologiske utgravningene i Storgaten 24/26, Tønsberg, 1979. Riksantikvaren."
"MULTIPOLYGON (((580269.342937831 6570579.04029155,580270.630419796 6570579.98291228,580271.733975767 6570578.30458758,580270.561447548 6570577.6148651,580269.342937831 6570579.04029155)))",822,SV,Storgaten 24/26,"34",,31,Sivile konstruksjoner,Bygning,2.86,0,0,0,0,1,1,"9",1400,1650,,,,,,"1979",Riksantikvaren,445,TH/TR,,C35127,"Lindh, Jan. 1984. Innberetning over de arkeologiske utgravningene i Storgaten 24/26, Tønsberg, 1979. Riksantikvaren."
"MULTIPOLYGON (((580286.840448239 6570663.7359123,580290.300581846 6570666.22091733,580291.432989206 6570666.81857678,580292.911409929 6570667.66788231,580293.100144489 6570667.32186894,580293.163056009 6570666.78712102,580292.879954169 6570666.44110766,580292.691219608 6570666.00072702,580292.879954169 6570665.37161182,580293.257423288 6570664.55376206,580293.163056009 6570663.51572198,580292.691219608 6570662.57204918,580292.722675368 6570661.6912879,580292.974321448 6570661.12508422,580293.100144489 6570660.87343814,580292.691219607 6570660.21286717,580292.408117768 6570659.39501741,580293.257423289 6570657.06729117,580291.307166167 6570654.92829948,580289.891656963 6570652.88367508,580288.664882321 6570651.59398892,580287.5010192 6570651.46816588,580286.52589064 6570651.62544468,580286.242788799 6570652.12873684,580286.588802159 6570652.72639628,580287.09209432 6570653.32405571,580287.12355008 6570653.82734788,580284.795823837 6570657.57058332,580284.072341356 6570658.57716765,580284.198164395 6570659.01754829,580284.795823836 6570659.26919437,580285.141837197 6570659.04900405,580285.330571758 6570658.89172524,580286.871903999 6570660.11849988,580288.413236243 6570660.59033628,580288.853616883 6570661.0621727,580288.759249602 6570661.50255333,580288.507603522 6570662.03730126,580288.727793842 6570662.28894734,580288.885072642 6570662.60350494,580288.381780483 6570663.35844317,580288.098678641 6570663.38989894,580287.28082888 6570663.13825286,580286.840448239 6570663.7359123)),((580300.71243842 6570672.24469539,580305.871183068 6570675.20153684,580309.960431874 6570669.13057515,580309.174037873 6570668.40709266,580306.81485587 6570666.29955673,580305.588081228 6570665.8591761,580304.864598747 6570666.20518946,580300.71243842 6570672.24469539)),((580307.00359043 6570662.93379042,580306.343019469 6570663.94037474,580306.248652189 6570664.56948994,580308.544922671 6570666.39392402,580309.897520354 6570666.51974706,580310.369356756 6570666.20518945,580310.935560437 6570665.38733969,580309.645874274 6570664.53803418,580309.771697314 6570664.1291093,580308.104542032 6570662.8708789,580307.632705631 6570663.43708258,580307.00359043 6570662.93379042)),((580296.15852082 6570660.72773739,580296.888648574 6570661.38019198,580297.354687566 6570661.50446904,580297.680914861 6570661.27144954,580297.52556853 6570660.82094519,580296.733302244 6570660.19955986,580296.329401785 6570660.09081742,580296.220659353 6570660.35490618,580296.15852082 6570660.72773739)),((580311.157209041 6570667.39986229,580311.949475326 6570666.12602238,580311.31255537 6570665.72212191,580310.722239314 6570666.26583407,580310.489219817 6570666.6541999,580310.644566149 6570667.01149646,580311.157209041 6570667.39986229)))",823,SØ,Storgaten 33/Tjømegaten 1,L352,,52,Handel- og næringskonstruksjoner,Jordbruk,136.74,1,0,0,0,0,0,"1",700,1000,768,T-8039A,T-8038A,T-8037A,,"1986",Riksantikvaren,440,TY,,C37038,"Nordmann, Ann-Marie, mfl. 1986. Innberetning over de arkeologiske utgravingene i Storgaten 33, Tjømegaten 1, Tønsberg 1986. Riksantikvaren."
"MULTIPOLYGON (((580302.051683508 6570670.80597628,580300.913535679 6570672.27418699,580305.853097269 6570675.16508248,580306.979863617 6570673.44647925,580302.051683508 6570670.80597628)))",824,SØ,Storgaten 33/Tjømegaten 1,114/124/122/121/123/131,,14,Transport,Passasje,11,0,0,1,0,0,0,5A,1275,1325,1217,T-7475,,,,"1986",Riksantikvaren,440,TY,,C37038,"Nordmann, Ann-Marie, mfl. 1986. Innberetning over de arkeologiske utgravingene i Storgaten 33, Tjømegaten 1, Tønsberg 1986. Riksantikvaren."
"MULTIPOLYGON (((580309.876691394 6570669.81314674,580310.972121051 6570668.51485974,580307.848117951 6570665.63428544,580307.239545919 6570665.39085664,580306.955545638 6570665.26914223,580306.428116542 6570664.70114167,580304.724114852 6570663.84914082,580302.979541691 6570663.40285467,580300.464110624 6570660.92799507,580302.857827285 6570663.3622832,580306.955545637 6570666.56742924,580309.876691394 6570669.81314674)))",825,SØ,Storgaten 33/Tjømegaten 1,206/207,,14,Transport,Passasje,10.79,1,1,1,0,0,0,"2",1000,1225,1227,T-7476,,,,"1986",Riksantikvaren,440,TY,,C37038,"Nordmann, Ann-Marie, mfl. 1986. Innberetning over de arkeologiske utgravingene i Storgaten 33, Tjømegaten 1, Tønsberg 1986. Riksantikvaren."
"MULTIPOLYGON (((580294.502827628 6570663.59771181,580295.612234248 6570662.79087063,580294.738156305 6570661.5133721,580293.494276154 6570662.58916034,580294.502827628 6570663.59771181)))",826,SØ,Storgaten 33/Tjømegaten 1,"147",,35,Sivile konstruksjoner,Brønn,2.23,0,0,1,0,0,0,4A,1250,1300,1256,T-7473,T-7474,,,"1986",Riksantikvaren,440,TY,,C37038,"Nordmann, Ann-Marie, mfl. 1986. Innberetning over de arkeologiske utgravingene i Storgaten 33, Tjømegaten 1, Tønsberg 1986. Riksantikvaren."
"MULTIPOLYGON (((580294.053818549 6570661.58728144,580294.418961769 6570661.26270968,580293.68867533 6570660.69470913,580292.512102734 6570659.76156534,580292.187530983 6570659.27470772,580291.051529856 6570658.260421,580290.524100761 6570657.93584924,580290.19952901 6570657.6112775,580289.915528729 6570657.04327693,580289.347528164 6570657.69242043,580290.929815449 6570659.11242184,580292.552674202 6570660.45128031,580294.053818549 6570661.58728144)))",827,SØ,Storgaten 33/Tjømegaten 1,"39",,36,Sivile konstruksjoner,Vannhåndtering,3.72,0,0,1,0,0,0,"3",1225,1275,1338,T-7477,,,,"1986",Riksantikvaren,440,TY,,C37038,"Nordmann, Ann-Marie, mfl. 1986. Innberetning over de arkeologiske utgravingene i Storgaten 33, Tjømegaten 1, Tønsberg 1986. Riksantikvaren."
"MULTIPOLYGON (((580298.51668012 6570663.40285467,580298.841251871 6570663.11885439,580297.867536619 6570662.34799648,580295.920106115 6570661.00913801,580294.905819395 6570660.35999451,580294.459533238 6570659.75142247,580293.404675048 6570658.81827869,580292.593245671 6570658.49370694,580292.512102734 6570658.81827869,580293.810389737 6570659.67027954,580294.581247643 6570660.48170891,580295.149248208 6570661.09028095,580296.81267843 6570662.10456767,580297.624107806 6570662.67256823,580298.51668012 6570663.40285467)))",828,SØ,Storgaten 33/Tjømegaten 1,"98",,36,Sivile konstruksjoner,Vannhåndtering,3.2,1,1,1,0,0,0,"2",1000,1225,,,,,,"1986",Riksantikvaren,440,TY,,C37038,"Nordmann, Ann-Marie, mfl. 1986. Innberetning over de arkeologiske utgravingene i Storgaten 33, Tjømegaten 1, Tønsberg 1986. Riksantikvaren."
"MULTIPOLYGON (((580307.685832076 6570672.13586333,580308.416118515 6570671.20271955,580305.697830103 6570669.49871786,580304.967543664 6570670.2290043,580307.685832076 6570672.13586333)))",829,SØ,Storgaten 33/Tjømegaten 1,"150",,36,Sivile konstruksjoner,Vannhåndtering,3.58,0,0,1,0,0,0,"3",1225,1275,,,,,,"1986",Riksantikvaren,440,TY,,C37038,"Nordmann, Ann-Marie, mfl. 1986. Innberetning over de arkeologiske utgravingene i Storgaten 33, Tjømegaten 1, Tønsberg 1986. Riksantikvaren."
"MULTIPOLYGON (((580307.645260607 6570672.37929215,580308.497261453 6570671.12157661,580303.425827849 6570668.11928792,580302.817255817 6570669.13357464,580307.645260607 6570672.37929215)))",830,SØ,Storgaten 33/Tjømegaten 1,"170",,36,Sivile konstruksjoner,Vannhåndtering,7.91,0,0,1,0,0,0,"3",1225,1275,,,,,,"1986",Riksantikvaren,440,TY,,C37038,"Nordmann, Ann-Marie, mfl. 1986. Innberetning over de arkeologiske utgravingene i Storgaten 33, Tjømegaten 1, Tønsberg 1986. Riksantikvaren."
"MULTIPOLYGON (((580293.701635186 6570662.03874312,580295.114499619 6570660.43303899,580292.28740494 6570658.01865886,580290.120653542 6570656.34716493,580288.469795335 6570658.26628759,580293.701635186 6570662.03874312)))",831,SØ,Storgaten 33/Tjømegaten 1,"37",,14,Transport,Passasje,15.29,0,0,1,0,0,0,"3",1225,1275,,,,,,"1986",Riksantikvaren,440,TY,,C37038,"Nordmann, Ann-Marie, mfl. 1986. Innberetning over de arkeologiske utgravingene i Storgaten 33, Tjømegaten 1, Tønsberg 1986. Riksantikvaren."
"MULTIPOLYGON (((580286.488765486 6570663.2807694,580290.780996825 6570666.58248581,580293.504912867 6570663.94111268,580289.130138619 6570660.30922462,580286.488765486 6570663.2807694)))",832,SØ,Storgaten 33/Tjømegaten 1,177/189,,31,Sivile konstruksjoner,Bygning,21.48,0,0,1,0,0,0,"3",1225,1275,,,,,,"1986",Riksantikvaren,440,TY,,C37038,"Nordmann, Ann-Marie, mfl. 1986. Innberetning over de arkeologiske utgravingene i Storgaten 33, Tjømegaten 1, Tønsberg 1986. Riksantikvaren."
"MULTIPOLYGON (((580290.81762612 6570653.6826128,580289.527593079 6570655.19864056,580294.046452164 6570658.41755388,580295.174854694 6570657.04033987,580290.81762612 6570653.6826128)))",833,SØ,Storgaten 33/Tjømegaten 1,36/111/118/97/69/95/37,,31,Sivile konstruksjoner,Bygning,10.4,0,0,1,0,0,0,"3",1225,1275,,,,,,"1986",Riksantikvaren,440,TY,,C37038,"Nordmann, Ann-Marie, mfl. 1986. Innberetning over de arkeologiske utgravingene i Storgaten 33, Tjømegaten 1, Tønsberg 1986. Riksantikvaren."
"MULTIPOLYGON (((580303.786219377 6570667.7250733,580307.650682088 6570670.37155361,580308.237118065 6570669.51445486,580307.139430212 6570668.73254024,580309.921241892 6570665.19888756,580306.989062013 6570662.77795956,580303.786219377 6570667.7250733)))",834,SØ,Storgaten 33/Tjømegaten 1,158/176/189/191/207/147/184,,31,Sivile konstruksjoner,Bygning,21.66,0,0,1,0,0,0,"3",1225,1275,,,,,,"1986",Riksantikvaren,440,TY,,C37038,"Nordmann, Ann-Marie, mfl. 1986. Innberetning over de arkeologiske utgravingene i Storgaten 33, Tjømegaten 1, Tønsberg 1986. Riksantikvaren."
"MULTIPOLYGON (((580302.142008119 6570672.98612663,580305.83515956 6570675.13624904,580307.529961934 6570672.55610214,580303.887401608 6570670.27950194,580302.142008119 6570672.98612663)))",835,SØ,Storgaten 33/Tjømegaten 1,161/162/186/187,,31,Sivile konstruksjoner,Bygning,13.51,0,0,1,0,0,0,"3",1225,1275,,,,,,"1986",Riksantikvaren,440,TY,,C37038,"Nordmann, Ann-Marie, mfl. 1986. Innberetning over de arkeologiske utgravingene i Storgaten 33, Tjømegaten 1, Tønsberg 1986. Riksantikvaren."
"MULTIPOLYGON (((580300.839881612 6570672.22990415,580301.156187656 6570672.38805717,580301.18494275 6570672.2155266,580301.357473319 6570671.91359811,580301.601891626 6570671.51102677,580301.932575214 6570671.13721055,580302.363901638 6570670.60524128,580302.579564849 6570670.17391487,580302.637075038 6570669.90074146,580302.996513724 6570669.55568033,580303.169044293 6570669.35439466,580303.039646365 6570669.25375184,580302.910248438 6570669.34001712,580302.565187301 6570669.64194562,580302.335146542 6570669.98700676,580302.205748616 6570670.33206789,580302.061973142 6570670.59086375,580301.875065025 6570670.74901677,580301.587514077 6570671.07970036,580301.170565202 6570671.6691798,580300.839881612 6570672.22990415)))",836,SØ,Storgaten 33/Tjømegaten 1,"153",,31,Sivile konstruksjoner,Bygning,0.99,0,0,1,0,0,0,"3",1225,1275,,,,,,"1986",Riksantikvaren,440,TY,,C37038,"Nordmann, Ann-Marie, mfl. 1986. Innberetning over de arkeologiske utgravingene i Storgaten 33, Tjømegaten 1, Tønsberg 1986. Riksantikvaren."
"MULTIPOLYGON (((580286.488765486 6570663.2807694,580290.780996825 6570666.58248581,580293.504912867 6570663.94111268,580289.130138619 6570660.30922462,580286.488765486 6570663.2807694)))",837,SØ,Storgaten 33/Tjømegaten 1,"15",,31,Sivile konstruksjoner,Bygning,21.48,0,0,1,0,0,0,4A,1250,1300,,,,,,"1986",Riksantikvaren,440,TY,,C37038,"Nordmann, Ann-Marie, mfl. 1986. Innberetning over de arkeologiske utgravingene i Storgaten 33, Tjømegaten 1, Tønsberg 1986. Riksantikvaren."
"MULTIPOLYGON (((580308.357022499 6570669.63937477,580308.766755718 6570669.86700434,580311.247917993 6570666.63466448,580310.906473643 6570666.38427197,580308.357022499 6570669.63937477)))",838,SØ,Storgaten 33/Tjømegaten 1,154/202,,32,Sivile konstruksjoner,Gjerde,1.82,0,0,1,0,0,0,4A,1250,1300,,,,,,"1986",Riksantikvaren,440,TY,,C37038,"Nordmann, Ann-Marie, mfl. 1986. Innberetning over de arkeologiske utgravingene i Storgaten 33, Tjømegaten 1, Tønsberg 1986. Riksantikvaren."
"MULTIPOLYGON (((580307.287163537 6570663.9031097,580311.54383643 6570666.79400519,580311.976332605 6570666.11111649,580309.222014852 6570664.29007995,580309.495170332 6570663.85758377,580307.970052235 6570662.82756,580307.287163537 6570663.9031097)))",839,SØ,Storgaten 33/Tjømegaten 1,151/156,,14,Transport,Passasje,4.95,0,0,1,0,0,0,4A,1250,1300,,,,,,"1986",Riksantikvaren,440,TY,,C37038,"Nordmann, Ann-Marie, mfl. 1986. Innberetning over de arkeologiske utgravingene i Storgaten 33, Tjømegaten 1, Tønsberg 1986. Riksantikvaren."
"MULTIPOLYGON (((580307.287163537 6570663.9031097,580311.54383643 6570666.79400519,580311.976332605 6570666.11111649,580309.222014852 6570664.29007995,580309.495170332 6570663.85758377,580307.970052235 6570662.82756,580307.287163537 6570663.9031097)))",840,SØ,Storgaten 33/Tjømegaten 1,"119",,14,Transport,Passasje,4.95,0,0,1,0,0,0,4B,1250,1300,,,,,,"1986",Riksantikvaren,440,TY,,C37038,"Nordmann, Ann-Marie, mfl. 1986. Innberetning over de arkeologiske utgravingene i Storgaten 33, Tjømegaten 1, Tønsberg 1986. Riksantikvaren."
"MULTIPOLYGON (((580309.313066678 6570665.49082592,580306.786378491 6570668.95079533,580309.017148242 6570670.31657273,580311.521073472 6570666.90212923,580309.313066678 6570665.49082592)))",841,SØ,Storgaten 33/Tjømegaten 1,130/149/128,,31,Sivile konstruksjoner,Bygning,11.13,0,0,1,0,0,0,4B,1250,1300,,,,,,"1986",Riksantikvaren,440,TY,,C37038,"Nordmann, Ann-Marie, mfl. 1986. Innberetning over de arkeologiske utgravingene i Storgaten 33, Tjømegaten 1, Tønsberg 1986. Riksantikvaren."
"MULTIPOLYGON (((580305.830334313 6570665.02987604,580310.565029294 6570668.48984546,580312.044621475 6570666.25907571,580309.335829635 6570664.39251326,580309.586222158 6570664.02830595,580308.129392933 6570663.02673587,580307.674133799 6570663.55028387,580307.082296927 6570663.14055065,580305.830334313 6570665.02987604)))",842,SØ,Storgaten 33/Tjømegaten 1,115/126/137,Trebrolegning/gårdsplass,14,Transport,Passasje,15.82,0,0,1,0,0,0,5A,1275,1325,,,,,,"1986",Riksantikvaren,440,TY,,C37038,"Nordmann, Ann-Marie, mfl. 1986. Innberetning over de arkeologiske utgravingene i Storgaten 33, Tjømegaten 1, Tønsberg 1986. Riksantikvaren."
"MULTIPOLYGON (((580301.553842185 6570671.65551038,580300.967441021 6570672.29077831,580305.805250626 6570675.17391737,580306.831452662 6570673.70791446,580301.553842185 6570671.65551038)))",843,SØ,Storgaten 33/Tjømegaten 1,"85",,14,Transport,Passasje,7.31,0,0,0,1,0,0,"6",1300,1400,,,,,,"1986",Riksantikvaren,440,TY,,C37038,"Nordmann, Ann-Marie, mfl. 1986. Innberetning over de arkeologiske utgravingene i Storgaten 33, Tjømegaten 1, Tønsberg 1986. Riksantikvaren."
"MULTIPOLYGON (((580309.760111999 6570669.33395476,580304.991003012 6570665.87769038,580301.888390639 6570670.79985395,580306.223469379 6570673.4600378,580305.51266065 6570674.52481328,580306.037746185 6570674.85820092,580306.67894608 6570673.64758704,580309.760111999 6570669.33395476)))",844,SØ,Storgaten 33/Tjømegaten 1,76/52,,31,Sivile konstruksjoner,Bygning,32.77,0,0,0,0,1,0,"7",1400,1500,,,,,,"1986",Riksantikvaren,440,TY,,C37038,"Nordmann, Ann-Marie, mfl. 1986. Innberetning over de arkeologiske utgravingene i Storgaten 33, Tjømegaten 1, Tønsberg 1986. Riksantikvaren."
"MULTIPOLYGON (((580307.054044539 6570673.24569584,580309.760111999 6570669.414333,580304.937417516 6570665.90448312,580302.365313793 6570670.19132265,580307.054044539 6570673.24569584)))",845,SØ,Storgaten 33/Tjømegaten 1,81/63/66/48/49/47/55,,31,Sivile konstruksjoner,Bygning,27.98,0,0,0,0,0,1,"8",1500,1600,,,,,,"1986",Riksantikvaren,440,TY,,C37038,"Nordmann, Ann-Marie, mfl. 1986. Innberetning over de arkeologiske utgravingene i Storgaten 33, Tjømegaten 1, Tønsberg 1986. Riksantikvaren."
"MULTIPOLYGON (((580304.301193484 6570666.94301959,580306.517047749 6570668.3997386,580307.604457715 6570666.86095091,580305.491189294 6570665.4042319,580304.301193484 6570666.94301959)))",846,SØ,Storgaten 33/Tjømegaten 1,89/101,,31,Sivile konstruksjoner,Bygning,4.99,0,0,0,1,0,0,"6",1300,1400,,,,,,"1986",Riksantikvaren,440,TY,,C37038,"Nordmann, Ann-Marie, mfl. 1986. Innberetning over de arkeologiske utgravingene i Storgaten 33, Tjømegaten 1, Tønsberg 1986. Riksantikvaren."
"MULTIPOLYGON (((580305.901532675 6570664.96824206,580309.040659555 6570667.43030235,580310.948756284 6570665.44013695,580309.307382753 6570664.37324415,580309.512554445 6570663.98341794,580308.117386942 6570662.91652515,580307.583940545 6570663.53204021,580307.173597164 6570663.26531702,580305.901532675 6570664.96824206)))",847,SØ,Storgaten 33/Tjømegaten 1,58/59/83/84,,31,Sivile konstruksjoner,Bygning,11.39,0,0,0,0,1,0,"7",1400,1500,,,,,,"1986",Riksantikvaren,440,TY,,C37038,"Nordmann, Ann-Marie, mfl. 1986. Innberetning over de arkeologiske utgravingene i Storgaten 33, Tjømegaten 1, Tønsberg 1986. Riksantikvaren."
"MULTIPOLYGON (((580271.619116335 6570667.48413019,580275.049043588 6570669.70103439,580278.353485698 6570664.26334483,580275.049043588 6570662.17192579,580271.619116335 6570667.48413019)))",848,SØ,Storgaten 35/37,,,52,Handel- og næringskonstruksjoner,Jordbruk,25.37,1,0,0,0,0,0,"1",540,1000,,,,,,"1974",Riksantikvaren,253,TJ,,C34551 eller C34307,"Tjeldvoll, Gro Andreassen. 1990. De arkeologiske undersøkelsene i Storgaten 35–37, Tønsberg 1974. Riksantikvaren."
"MULTIPOLYGON (((580275.374786197 6570670.15629048,580276.314738374 6570671.29412731,580277.27118094 6570672.30004106,580277.930796503 6570672.9926374,580278.376037007 6570673.45436829,580278.524450509 6570673.99855113,580278.425508175 6570674.70763786,580278.145171561 6570675.18585913,580277.716421445 6570675.49917653,580277.304161718 6570675.61460926,580276.792959657 6570675.49917653,580276.661036543 6570675.79600354,580277.353632885 6570675.92792665,580278.029738838 6570676.01037859,580278.392527396 6570675.79600354,580278.788296734 6570675.28480148,580278.936710236 6570674.85605136,580278.969691014 6570674.22941658,580278.771806345 6570673.45436829,580278.310075451 6570672.66282962,580276.875411602 6570671.40956005,580275.721084367 6570669.94191542,580275.374786197 6570670.15629048)),((580274.880074526 6570670.5520598,580275.638632422 6570671.57446394,580276.677526933 6570672.59686806,580277.452575219 6570672.94316623,580277.848344557 6570673.00912779,580276.792959657 6570671.9372525,580275.30882464 6570670.25523281,580274.880074526 6570670.5520598)),((580275.885988258 6570669.87595386,580277.205219383 6570671.45903121,580277.914306113 6570672.20109871,580277.782383001 6570671.78883899,580276.743488489 6570670.50258865,580276.215796039 6570669.82648269,580275.885988258 6570669.87595386)))",849,SØ,Storgaten 35/37,"22",,31,Sivile konstruksjoner,Bygning,6.17,0,1,0,0,0,0,"2",1110,1170,,,,,,"1974",Riksantikvaren,253,TJ,,C34551 eller C34307,"Tjeldvoll, Gro Andreassen. 1990. De arkeologiske undersøkelsene i Storgaten 35–37, Tønsberg 1974. Riksantikvaren."
"MULTIPOLYGON (((580296.394236108 6570677.0641654,580297.733980768 6570675.03594085,580292.542470215 6570672.02151537,580291.519054156 6570673.93809453,580294.272973734 6570675.50112997,580294.105505651 6570675.798851,580296.394236108 6570677.0641654)))",850,SØ,Storgaten 35/37,"102",,14,Transport,Passasje,13.52,0,0,1,0,0,0,"4",1200,1300,,,,,,"1974",Riksantikvaren,253,TJ,,C34551 eller C34307,"Tjeldvoll, Gro Andreassen. 1990. De arkeologiske undersøkelsene i Storgaten 35–37, Tønsberg 1974. Riksantikvaren."
"MULTIPOLYGON (((580281.940810225 6570677.92011337,580284.806375189 6570672.33784397,580284.266755812 6570671.6865792,580283.987642342 6570671.50050355,580283.671313743 6570671.38885816,580283.001441413 6570671.27721277,580279.633472201 6570670.21658158,580277.288919048 6570676.18960985,580281.940810225 6570677.92011337)))",851,SØ,Storgaten 35/37,"9, 12",,31,Sivile konstruksjoner,Bygning,34.63,0,0,0,1,0,0,"5",1250,1350,,,,,,"1974",Riksantikvaren,253,TJ,,C34551 eller C34307,"Tjeldvoll, Gro Andreassen. 1990. De arkeologiske undersøkelsene i Storgaten 35–37, Tønsberg 1974. Riksantikvaren."
"MULTIPOLYGON (((580279.544879457 6570667.66846504,580280.35253029 6570665.7166422,580278.378272695 6570664.63977442,580277.391143899 6570666.16533711,580279.544879457 6570667.66846504)))",852,SØ,Storgaten 35/37,"3",,14,Transport,Passasje,4.75,0,0,1,1,0,0,"5",1250,1350,,,,,,"1974",Riksantikvaren,253,TJ,,C34551 eller C34307,"Tjeldvoll, Gro Andreassen. 1990. De arkeologiske undersøkelsene i Storgaten 35–37, Tønsberg 1974. Riksantikvaren."
"MULTIPOLYGON (((580296.38654638 6570677.11493851,580292.526015106 6570674.80898359,580291.826455749 6570676.05264466,580294.728163648 6570677.63051481,580294.998833953 6570677.1545084,580295.950846749 6570677.77985015,580296.38654638 6570677.11493851)))",853,SØ,Storgaten 35/37,"16, 103",,31,Sivile konstruksjoner,Bygning,5.39,0,0,1,1,0,0,"5",1250,1350,,,,,,"1974",Riksantikvaren,253,TJ,,C34551 eller C34307,"Tjeldvoll, Gro Andreassen. 1990. De arkeologiske undersøkelsene i Storgaten 35–37, Tønsberg 1974. Riksantikvaren."
"MULTIPOLYGON (((580296.394236108 6570677.0641654,580297.733980768 6570675.03594085,580292.542470215 6570672.02151537,580291.519054156 6570673.93809453,580294.272973734 6570675.50112997,580294.105505651 6570675.798851,580296.394236108 6570677.0641654)))",854,SØ,Storgaten 35/37,"16",,14,Transport,Passasje,13.52,0,0,1,1,0,0,"5",1250,1350,,,,,,"1974",Riksantikvaren,253,TJ,,C34551 eller C34307,"Tjeldvoll, Gro Andreassen. 1990. De arkeologiske undersøkelsene i Storgaten 35–37, Tønsberg 1974. Riksantikvaren."
"MULTIPOLYGON (((580292.402274302 6570672.24046797,580295.631981652 6570674.13215369,580295.978021726 6570673.55542025,580295.078317535 6570672.99022146,580295.320545586 6570672.60957737,580294.847624153 6570672.33274532,580294.536188087 6570672.77106274,580292.67910636 6570671.5945265,580292.402274302 6570672.24046797)))",855,SØ,Storgaten 35/37,"17",,14,Transport,Passasje,2.81,0,0,1,1,0,0,"6",1250,1350,,,,,,"1974",Riksantikvaren,253,TJ,,C34551 eller C34307,"Tjeldvoll, Gro Andreassen. 1990. De arkeologiske undersøkelsene i Storgaten 35–37, Tønsberg 1974. Riksantikvaren."
"MULTIPOLYGON (((580292.171580919 6570672.81720142,580291.191134045 6570674.55028545,580292.206184927 6570675.30003895,580292.506086324 6570675.61147502,580293.244305148 6570676.24588182,580294.132474669 6570676.96103129,580295.793467021 6570677.79152747,580297.281439336 6570675.52784867,580292.171580919 6570672.81720142)))",856,SØ,Storgaten 35/37,"8, 14",,31,Sivile konstruksjoner,Bygning,14.11,0,0,1,1,0,0,"6",1250,1350,,,,,,"1974",Riksantikvaren,253,TJ,,C34551 eller C34307,"Tjeldvoll, Gro Andreassen. 1990. De arkeologiske undersøkelsene i Storgaten 35–37, Tønsberg 1974. Riksantikvaren."
"MULTIPOLYGON (((580280.53322564 6570676.46833915,580279.988291052 6570677.34353712,580281.226778752 6570677.92149805,580284.727570652 6570672.71984971,580284.050530708 6570672.2409678,580283.439543443 6570671.13458546,580280.53322564 6570676.46833915)))",857,SØ,Storgaten 35/37,"1",,31,Sivile konstruksjoner,Bygning,10.56,0,0,1,1,0,0,"6",1250,1350,,,,,,"1974",Riksantikvaren,253,TJ,,C34551 eller C34307,"Tjeldvoll, Gro Andreassen. 1990. De arkeologiske undersøkelsene i Storgaten 35–37, Tønsberg 1974. Riksantikvaren."
"MULTIPOLYGON (((580280.830462688 6570667.09497691,580280.222815734 6570668.18455076,580281.312389583 6570668.8341044,580282.06670994 6570667.59785715,580280.830462688 6570667.09497691)))",858,SØ,Storgaten 35/37,"6",,14,Transport,Passasje,1.75,0,0,1,1,0,0,"6",1250,1350,,,,,,"1974",Riksantikvaren,253,TJ,,C34551 eller C34307,"Tjeldvoll, Gro Andreassen. 1990. De arkeologiske undersøkelsene i Storgaten 35–37, Tønsberg 1974. Riksantikvaren."
"MULTIPOLYGON (((580297.558629315 6570675.23269855,580297.859617117 6570674.73105221,580297.207476877 6570674.32973514,580297.483382364 6570673.95350039,580297.006818343 6570673.57726563,580296.730912857 6570674.02874733,580295.175809209 6570673.02545466,580295.552043963 6570672.49872601,580294.950068357 6570672.07232662,580294.598915921 6570672.64921991,580292.868236055 6570671.470351,580292.040519597 6570673.00037235,580297.558629315 6570675.23269855)))",859,SØ,Storgaten 35/37,"11",,31,Sivile konstruksjoner,Bygning,7.5,0,0,1,1,0,0,"7",1250,1350,,,,,,"1974",Riksantikvaren,253,TJ,,C34551 eller C34307,"Tjeldvoll, Gro Andreassen. 1990. De arkeologiske undersøkelsene i Storgaten 35–37, Tønsberg 1974. Riksantikvaren."
"MULTIPOLYGON (((580297.157312244 6570675.88483879,580291.965272646 6570673.15086625,580290.610827534 6570675.28286318,580294.473504336 6570677.61551865,580294.674162871 6570677.26436622,580295.827949449 6570677.84125951,580297.157312244 6570675.88483879)))",860,SØ,Storgaten 35/37,"5, 10",,31,Sivile konstruksjoner,Bygning,15.08,0,0,1,1,0,0,"7",1250,1350,,,,,,"1974",Riksantikvaren,253,TJ,,C34551 eller C34307,"Tjeldvoll, Gro Andreassen. 1990. De arkeologiske undersøkelsene i Storgaten 35–37, Tønsberg 1974. Riksantikvaren."
"MULTIPOLYGON (((580291.138186311 6570674.72722519,580291.627654559 6570673.99973259,580291.467795621 6570673.93393193,580291.017730386 6570674.64236794,580291.138186311 6570674.72722519)))",861,SØ,Storgaten 35/37,"100",,36,Sivile konstruksjoner,Vannhåndtering,0.14,0,1,1,0,0,0,"3",1150,1225,,,,,,"1974",Riksantikvaren,253,TJ,,C34551 eller C34307,"Tjeldvoll, Gro Andreassen. 1990. De arkeologiske undersøkelsene i Storgaten 35–37, Tønsberg 1974. Riksantikvaren."
"MULTIPOLYGON (((580277.391143899 6570666.16533711,580279.020916904 6570666.89813532,580279.421800649 6570666.60274731,580280.506310817 6570667.67621475,580281.478520511 6570668.56183426,580282.143590283 6570668.86035576,580282.417879161 6570668.39617459,580280.89874076 6570667.57330795,580279.506197227 6570666.11746698,580278.936520326 6570666.53944987,580277.649414901 6570665.76619101,580277.391143899 6570666.16533711)))",862,SØ,Storgaten 35/37,21a/21b,,36,Sivile konstruksjoner,Vannhåndtering,2.42,0,0,1,0,0,0,"4",1200,1300,,,,,,"1974",Riksantikvaren,253,TJ,,C34551 eller C34307,"Tjeldvoll, Gro Andreassen. 1990. De arkeologiske undersøkelsene i Storgaten 35–37, Tønsberg 1974. Riksantikvaren."
"MULTIPOLYGON (((580292.187664405 6570672.7283774,580291.017730386 6570674.64236794,580291.138186311 6570674.72722519,580292.101426794 6570673.43216977,580292.187664405 6570672.7283774)))",863,SØ,Storgaten 35/37,"101",,36,Sivile konstruksjoner,Vannhåndtering,0.45,0,0,1,1,0,0,"4",1200,1300,,,,,,"1974",Riksantikvaren,253,TJ,,C34551 eller C34307,"Tjeldvoll, Gro Andreassen. 1990. De arkeologiske undersøkelsene i Storgaten 35–37, Tønsberg 1974. Riksantikvaren."
"MULTIPOLYGON (((580297.540065825 6570674.17579263,580292.95400108 6570671.09703588,580292.67910636 6570671.5945265,580297.154584707 6570674.69951732,580297.540065825 6570674.17579263)))",864,SØ,Storgaten 35/37,"24",,36,Sivile konstruksjoner,Vannhåndtering,3.34,0,0,1,1,0,0,"5",1250,1350,,,,,,"1974",Riksantikvaren,253,TJ,,C34551 eller C34307,"Tjeldvoll, Gro Andreassen. 1990. De arkeologiske undersøkelsene i Storgaten 35–37, Tønsberg 1974. Riksantikvaren."
"MULTIPOLYGON (((580146.560626035 6570792.06231207,580146.774995935 6570791.83007802,580141.353069203 6570785.16421996,580140.683317948 6570785.7919925,580146.560626035 6570792.06231207)))",865,NØ,Storgaten 47,131/151/150,,14,Transport,Passasje,5.29,1,0,0,0,0,0,"4",1200,1230,965,T-1090,,,,"1971",Riksantikvaren,1100,TF,,"C33450, C34740","Eriksson, Jan E.G. 1990. De arkeologiske undersøkelsene i Storgaten 47, Tønsberg, 1971. Arkeologiske rapporter fra Tønsberg nr. 5. Riksantikvaren."
"MULTIPOLYGON (((580137.518336951 6570786.56980568,580139.864626442 6570789.88221438,580141.279300989 6570788.72632177,580141.727856334 6570788.43303558,580142.435193606 6570788.01898449,580142.607714892 6570787.88096746,580141.676099947 6570787.67394192,580141.26204886 6570787.39790785,580139.209045555 6570785.48292159,580137.518336951 6570786.56980568)))",866,NØ,Storgaten 47,"167",,31,Sivile konstruksjoner,Bygning,9.73,1,1,0,0,0,0,"1",1090,1110,,,,,,"1971",Riksantikvaren,1100,TF,,"C33450, C34740","Eriksson, Jan E.G. 1990. De arkeologiske undersøkelsene i Storgaten 47, Tønsberg, 1971. Arkeologiske rapporter fra Tønsberg nr. 5. Riksantikvaren."
"MULTIPOLYGON (((580152.7701792 6570793.84144174,580154.615542661 6570792.32960363,580153.711941371 6570790.89352302,580151.920874532 6570792.62004691,580152.7701792 6570793.84144174)))",867,NØ,Storgaten 47,"16",,31,Sivile konstruksjoner,Bygning,3.84,0,0,1,1,0,0,"6",1280,1330,,,,,,"1971",Riksantikvaren,1100,TF,,"C33450, C34740","Eriksson, Jan E.G. 1990. De arkeologiske undersøkelsene i Storgaten 47, Tønsberg, 1971. Arkeologiske rapporter fra Tønsberg nr. 5. Riksantikvaren."
"MULTIPOLYGON (((580133.499494388 6570780.49836251,580134.399233203 6570779.76645485,580133.562503775 6570778.57572451,580132.615883916 6570779.24091683,580133.499494388 6570780.49836251)))",868,,Storgaten 47,"173",Strete,13,Transport,Strete,1.73,0,0,1,0,0,0,"5",,,,,,,,"1971",Riksantikvaren,1100,TF,,"C33450, C34740","Eriksson, Jan E.G. 1990. De arkeologiske undersøkelsene i Storgaten 47, Tønsberg, 1971. Arkeologiske rapporter fra Tønsberg nr. 5. Riksantikvaren."
"MULTIPOLYGON (((580139.926604095 6570790.5571654,580141.026029661 6570789.86637589,580140.092004401 6570788.65019717,580139.089873134 6570789.2826101,580139.926604095 6570790.5571654)))",869,NØ,Storgaten 47,"162",,31,Sivile konstruksjoner,Bygning,1.9,0,1,0,0,0,0,"3",1170,1200,,,,,,"1971",Riksantikvaren,1100,TF,,"C33450, C34740","Eriksson, Jan E.G. 1990. De arkeologiske undersøkelsene i Storgaten 47, Tønsberg, 1971. Arkeologiske rapporter fra Tønsberg nr. 5. Riksantikvaren."
"MULTIPOLYGON (((580146.588013355 6570792.23278922,580141.315508874 6570786.96028474,580138.729745917 6570789.19466372,580142.720833562 6570794.88010402,580146.588013355 6570792.23278922)))",870,NØ,Storgaten 47,"19",,31,Sivile konstruksjoner,Bygning,29,0,0,1,1,0,0,"6",1280,1330,,,,,,"1971",Riksantikvaren,1100,TF,,"C33450, C34740","Eriksson, Jan E.G. 1990. De arkeologiske undersøkelsene i Storgaten 47, Tønsberg, 1971. Arkeologiske rapporter fra Tønsberg nr. 5. Riksantikvaren."
"MULTIPOLYGON (((580136.324463318 6570786.3100531,580135.395527085 6570787.23898933,580136.020772626 6570788.1500614,580136.949708859 6570787.09607605,580136.324463318 6570786.3100531)))",871,NØ,Storgaten 47,"22",,35,Sivile konstruksjoner,Brønn,1.41,0,0,1,0,0,0,"4",1200,1230,,,,,,"1971",Riksantikvaren,1100,TF,,"C33450, C34740","Eriksson, Jan E.G. 1990. De arkeologiske undersøkelsene i Storgaten 47, Tønsberg, 1971. Arkeologiske rapporter fra Tønsberg nr. 5. Riksantikvaren."
"MULTIPOLYGON (((580141.022736955 6570792.58037267,580142.88060942 6570791.50852317,580141.630118339 6570789.29336753,580139.843702508 6570790.79395682,580141.022736955 6570792.58037267)))",872,NØ,Storgaten 47,"163",,31,Sivile konstruksjoner,Bygning,5.21,0,0,1,0,0,0,"4",1200,1230,,,,,,"1971",Riksantikvaren,1100,TF,,"C33450, C34740","Eriksson, Jan E.G. 1990. De arkeologiske undersøkelsene i Storgaten 47, Tønsberg, 1971. Arkeologiske rapporter fra Tønsberg nr. 5. Riksantikvaren."
"MULTIPOLYGON (((580133.610214267 6570780.63584967,580134.688787521 6570779.90568373,580133.970738403 6570778.79041594,580132.875896771 6570779.49531397,580133.610214267 6570780.63584967)))",873,,Storgaten 47,"174",Strete,13,Transport,Strete,1.75,0,0,1,0,0,0,"4",1200,1230,,,,,,"1971",Riksantikvaren,1100,TF,,"C33450, C34740","Eriksson, Jan E.G. 1990. De arkeologiske undersøkelsene i Storgaten 47, Tønsberg, 1971. Arkeologiske rapporter fra Tønsberg nr. 5. Riksantikvaren."
"MULTIPOLYGON (((580136.078770958 6570780.99519653,580137.602089167 6570782.51851474,580138.656694083 6570781.46390981,580137.375544408 6570779.80778951,580136.078770958 6570780.99519653)))",874,NØ,Storgaten 47,"152",,14,Transport,Passasje,3.44,0,0,1,0,0,0,"4",1200,1230,,,,,,"1971",Riksantikvaren,1100,TF,,"C33450, C34740","Eriksson, Jan E.G. 1990. De arkeologiske undersøkelsene i Storgaten 47, Tønsberg, 1971. Arkeologiske rapporter fra Tønsberg nr. 5. Riksantikvaren."
"MULTIPOLYGON (((580144.105856938 6570804.24316236,580144.679822503 6570805.06828976,580146.376369674 6570803.88956423,580145.802865604 6570803.06411617,580144.105856938 6570804.24316236)))",875,NØ,Storgaten 47,"102",,31,Sivile konstruksjoner,Bygning,2.08,0,0,1,0,0,0,"5",1230,1280,,,,,,"1971",Riksantikvaren,1100,TF,,"C33450, C34740","Eriksson, Jan E.G. 1990. De arkeologiske undersøkelsene i Storgaten 47, Tønsberg, 1971. Arkeologiske rapporter fra Tønsberg nr. 5. Riksantikvaren."
"MULTIPOLYGON (((580146.346294024 6570802.51455878,580147.270298534 6570801.92563283,580145.909676508 6570799.80346862,580144.538900585 6570801.30624518,580146.346294024 6570802.51455878)))",876,NØ,Storgaten 47,"105",,31,Sivile konstruksjoner,Bygning,3.57,0,0,1,0,0,0,"5",1230,1280,,,,,,"1971",Riksantikvaren,1100,TF,,"C33450, C34740","Eriksson, Jan E.G. 1990. De arkeologiske undersøkelsene i Storgaten 47, Tønsberg, 1971. Arkeologiske rapporter fra Tønsberg nr. 5. Riksantikvaren."
"MULTIPOLYGON (((580148.637889624 6570801.52164443,580149.738533815 6570800.79102189,580147.759206963 6570798.0069138,580146.370671401 6570798.9940758,580148.637889624 6570801.52164443)))",877,NØ,Storgaten 47,"106",,31,Sivile konstruksjoner,Bygning,5.13,0,0,1,0,0,0,"5",1230,1280,,,,,,"1971",Riksantikvaren,1100,TF,,"C33450, C34740","Eriksson, Jan E.G. 1990. De arkeologiske undersøkelsene i Storgaten 47, Tønsberg, 1971. Arkeologiske rapporter fra Tønsberg nr. 5. Riksantikvaren."
"MULTIPOLYGON (((580149.01141601 6570794.12728236,580149.255105381 6570793.9566998,580143.491851754 6570787.65732956,580141.431425141 6570784.8918045,580140.705899076 6570785.52885178,580143.01665748 6570788.13252383,580149.01141601 6570794.12728236)))",878,NØ,Storgaten 47,130/149,,14,Transport,Passasje,6.94,0,0,1,0,0,0,"5",1230,1280,,,,,,"1971",Riksantikvaren,1100,TF,,"C33450, C34740","Eriksson, Jan E.G. 1990. De arkeologiske undersøkelsene i Storgaten 47, Tønsberg, 1971. Arkeologiske rapporter fra Tønsberg nr. 5. Riksantikvaren."
"MULTIPOLYGON (((580142.797337046 6570794.37097172,580145.709425031 6570792.16558293,580144.941803513 6570791.3979614,580142.383065116 6570793.9566998,580142.797337046 6570794.37097172)))",879,NØ,Storgaten 47,"143",,31,Sivile konstruksjoner,Bygning,3.03,0,0,1,0,0,0,"5",1230,1280,,,,,,"1971",Riksantikvaren,1100,TF,,"C33450, C34740","Eriksson, Jan E.G. 1990. De arkeologiske undersøkelsene i Storgaten 47, Tønsberg, 1971. Arkeologiske rapporter fra Tønsberg nr. 5. Riksantikvaren."
"MULTIPOLYGON (((580141.140249323 6570792.12902952,580143.089764291 6570790.17951455,580141.530152316 6570787.59640722,580139.629375221 6570789.20475707,580141.140249323 6570792.12902952)))",880,NØ,Storgaten 47,142/159,,31,Sivile konstruksjoner,Bygning,8.04,0,0,1,0,0,0,"5",1230,1280,,,,,,"1971",Riksantikvaren,1100,TF,,"C33450, C34740","Eriksson, Jan E.G. 1990. De arkeologiske undersøkelsene i Storgaten 47, Tønsberg, 1971. Arkeologiske rapporter fra Tønsberg nr. 5. Riksantikvaren."
"MULTIPOLYGON (((580151.245954313 6570791.79564092,580151.589114043 6570792.09404068,580153.334752661 6570790.15444222,580153.036352897 6570789.6770026,580151.245954313 6570791.79564092)))",881,NØ,Storgaten 47,"21",,31,Sivile konstruksjoner,Bygning,1.34,0,0,1,1,0,0,"6",1280,1330,,,,,,"1971",Riksantikvaren,1100,TF,,"C33450, C34740","Eriksson, Jan E.G. 1990. De arkeologiske undersøkelsene i Storgaten 47, Tønsberg, 1971. Arkeologiske rapporter fra Tønsberg nr. 5. Riksantikvaren."
"MULTIPOLYGON (((580155.220973768 6570798.60424011,580156.057810541 6570797.97866042,580153.267038628 6570794.76736123,580152.480540852 6570795.45086524,580155.220973768 6570798.60424011)),((580150.397061034 6570798.22883833,580151.476341119 6570799.30811843,580152.114524128 6570798.66993541,580151.025858997 6570797.58127028,580150.397061034 6570798.22883833)))",882,NØ,Storgaten 47,"121",,14,Transport,Passasje,5.78,0,0,1,1,0,0,"6",1280,1330,,,,,,"1971",Riksantikvaren,1100,TF,,"C33450, C34740","Eriksson, Jan E.G. 1990. De arkeologiske undersøkelsene i Storgaten 47, Tønsberg, 1971. Arkeologiske rapporter fra Tønsberg nr. 5. Riksantikvaren."
"MULTIPOLYGON (((580149.294318336 6570796.32836687,580150.47683391 6570795.6526437,580146.835436747 6570790.11077508,580141.535545775 6570783.92796855,580140.873199308 6570784.60619318,580139.965584369 6570785.53556602,580145.577840819 6570791.01643185,580149.294318336 6570796.32836687)))",883,NØ,Storgaten 47,124/126/127/128/148,,14,Transport,Passasje,24.65,0,0,1,1,0,0,"6",1280,1330,,,,,,"1971",Riksantikvaren,1100,TF,,"C33450, C34740","Eriksson, Jan E.G. 1990. De arkeologiske undersøkelsene i Storgaten 47, Tønsberg, 1971. Arkeologiske rapporter fra Tønsberg nr. 5. Riksantikvaren."
"MULTIPOLYGON (((580133.491169736 6570780.57611164,580134.635013252 6570779.65567506,580133.929047332 6570778.54757665,580132.584137574 6570779.66907948,580133.491169736 6570780.57611164)))",884,,Storgaten 47,"172",Strete,13,Transport,Strete,2.08,0,0,1,1,0,0,"6",,,,,,,,"1971",Riksantikvaren,1100,TF,,"C33450, C34740","Eriksson, Jan E.G. 1990. De arkeologiske undersøkelsene i Storgaten 47, Tønsberg, 1971. Arkeologiske rapporter fra Tønsberg nr. 5. Riksantikvaren."
"MULTIPOLYGON (((580133.184238976 6570780.5171263,580134.474706948 6570779.41719722,580133.565316768 6570778.0920858,580132.206032771 6570779.02492777,580133.184238976 6570780.5171263)))",885,,Storgaten 47,"171",Strete,13,Transport,Strete,2.83,0,0,0,1,0,0,"7",,,,,,,,"1971",Riksantikvaren,1100,TF,,"C33450, C34740","Eriksson, Jan E.G. 1990. De arkeologiske undersøkelsene i Storgaten 47, Tønsberg, 1971. Arkeologiske rapporter fra Tønsberg nr. 5. Riksantikvaren."
"MULTIPOLYGON (((580146.777391266 6570803.69779035,580143.357456498 6570800.27785559,580141.633038686 6570801.40498901,580143.713900404 6570805.83645379,580146.777391266 6570803.69779035)))",886,NØ,Storgaten 47,"1",,31,Sivile konstruksjoner,Bygning,13.9,0,0,0,1,0,0,"7",1300,1380,,,,,,"1971",Riksantikvaren,1100,TF,,"C33450, C34740","Eriksson, Jan E.G. 1990. De arkeologiske undersøkelsene i Storgaten 47, Tønsberg, 1971. Arkeologiske rapporter fra Tønsberg nr. 5. Riksantikvaren."
"MULTIPOLYGON (((580141.536702496 6570801.11598045,580144.831400216 6570798.9195153,580142.461529926 6570796.26063644,580139.956788968 6570797.95615339,580141.536702496 6570801.11598045)))",887,NØ,Storgaten 47,"43983",,31,Sivile konstruksjoner,Bygning,12.29,0,0,0,1,0,0,"7",1300,1380,,,,,,"1971",Riksantikvaren,1100,TF,,"C33450, C34740","Eriksson, Jan E.G. 1990. De arkeologiske undersøkelsene i Storgaten 47, Tønsberg, 1971. Arkeologiske rapporter fra Tønsberg nr. 5. Riksantikvaren."
"MULTIPOLYGON (((580141.958816499 6570795.04437844,580145.48596909 6570798.57153103,580148.830232288 6570796.08946069,580145.616604371 6570792.48392693,580141.958816499 6570795.04437844)))",888,NØ,Storgaten 47,"12",,31,Sivile konstruksjoner,Bygning,21,0,0,0,1,0,0,"7",1300,1380,,,,,,"1971",Riksantikvaren,1100,TF,,"C33450, C34740","Eriksson, Jan E.G. 1990. De arkeologiske undersøkelsene i Storgaten 47, Tønsberg, 1971. Arkeologiske rapporter fra Tønsberg nr. 5. Riksantikvaren."
"MULTIPOLYGON (((580150.868142674 6570792.45779986,580152.892989532 6570790.43295301,580151.860970811 6570788.90452023,580149.189549447 6570790.70830046,580150.868142674 6570792.45779986)))",889,NØ,Storgaten 47,"13",,31,Sivile konstruksjoner,Bygning,6.45,0,0,0,1,0,0,"7",1300,1380,,,,,,"1971",Riksantikvaren,1100,TF,,"C33450, C34740","Eriksson, Jan E.G. 1990. De arkeologiske undersøkelsene i Storgaten 47, Tønsberg, 1971. Arkeologiske rapporter fra Tønsberg nr. 5. Riksantikvaren."
"MULTIPOLYGON (((580152.340806275 6570800.2826724,580154.55653866 6570798.87616401,580148.564427602 6570790.89471062,580147.518242698 6570791.65188695,580144.796666541 6570788.23989739,580142.86114899 6570789.78169225,580145.044682577 6570792.18488967,580145.273499068 6570792.00183647,580152.340806275 6570800.2826724)))",890,NØ,Storgaten 47,11/129/147/134/135,,14,Transport,Passasje,38.74,0,0,0,1,0,0,"7",1300,1380,,,,,,"1971",Riksantikvaren,1100,TF,,"C33450, C34740","Eriksson, Jan E.G. 1990. De arkeologiske undersøkelsene i Storgaten 47, Tønsberg, 1971. Arkeologiske rapporter fra Tønsberg nr. 5. Riksantikvaren."
"MULTIPOLYGON (((580156.250342229 6570797.44429886,580157.027782018 6570796.77720449,580155.80239919 6570794.91941901,580154.987667446 6570795.72429512,580156.250342229 6570797.44429886)))",891,NØ,Storgaten 47,"18",,31,Sivile konstruksjoner,Bygning,2.34,0,0,0,1,0,0,"7",1300,1380,,,,,,"1971",Riksantikvaren,1100,TF,,"C33450, C34740","Eriksson, Jan E.G. 1990. De arkeologiske undersøkelsene i Storgaten 47, Tønsberg, 1971. Arkeologiske rapporter fra Tønsberg nr. 5. Riksantikvaren."
"MULTIPOLYGON (((580151.013785622 6570801.10419547,580152.363358085 6570800.25678952,580151.484566714 6570798.75029003,580149.946681815 6570799.6290814,580151.013785622 6570801.10419547)))",892,NØ,Storgaten 47,"119",,31,Sivile konstruksjoner,Bygning,2.99,0,0,0,1,0,0,"8",1300,1380,,,,,,"1971",Riksantikvaren,1100,TF,,"C33450, C34740","Eriksson, Jan E.G. 1990. De arkeologiske undersøkelsene i Storgaten 47, Tønsberg, 1971. Arkeologiske rapporter fra Tønsberg nr. 5. Riksantikvaren."
"MULTIPOLYGON (((580148.926891851 6570795.87601808,580145.898391138 6570792.64258123,580141.515993178 6570795.37726389,580144.891957732 6570799.11679386,580148.926891851 6570795.87601808)))",893,NØ,Storgaten 47,146/103,,31,Sivile konstruksjoner,Bygning,24.26,0,0,0,1,0,0,"8",1300,1380,,,,,,"1971",Riksantikvaren,1100,TF,,"C33450, C34740","Eriksson, Jan E.G. 1990. De arkeologiske undersøkelsene i Storgaten 47, Tønsberg, 1971. Arkeologiske rapporter fra Tønsberg nr. 5. Riksantikvaren."
"MULTIPOLYGON (((580156.359368173 6570797.46908046,580157.235515871 6570796.71133109,580155.270103469 6570793.7632125,580154.725471116 6570794.24864568,580155.424021307 6570795.17215271,580155.11618563 6570795.58654689,580156.359368173 6570797.46908046)))",894,NØ,Storgaten 47,4A/4B,,31,Sivile konstruksjoner,Bygning,3.49,0,0,0,1,0,0,"9",1380,1400,,,,,,"1971",Riksantikvaren,1100,TF,,"C33450, C34740","Eriksson, Jan E.G. 1990. De arkeologiske undersøkelsene i Storgaten 47, Tønsberg, 1971. Arkeologiske rapporter fra Tønsberg nr. 5. Riksantikvaren."
"MULTIPOLYGON (((580146.24488561 6570794.19136081,580148.56247445 6570796.84483209,580150.88006329 6570795.06465515,580148.56247445 6570792.71347806,580146.24488561 6570794.19136081)),((580151.243481681 6570795.42803157,580150.517623362 6570795.84741638,580151.098310017 6570796.55714451,580150.404712068 6570797.17009153,580151.840298521 6570799.52509852,580154.034003663 6570797.94434041,580151.243481681 6570795.42803157)),((580145.026307175 6570793.26134944,580147.366452281 6570791.78949347,580147.218207795 6570791.50359339,580144.846296013 6570793.00721603,580145.026307175 6570793.26134944)))",895,NØ,Storgaten 47,"8",,14,Transport,Passasje,17.7,0,0,0,1,0,0,"9",1380,1400,,,,,,"1971",Riksantikvaren,1100,TF,,"C33450, C34740","Eriksson, Jan E.G. 1990. De arkeologiske undersøkelsene i Storgaten 47, Tønsberg, 1971. Arkeologiske rapporter fra Tønsberg nr. 5. Riksantikvaren."
"MULTIPOLYGON (((580149.600240893 6570790.45215949,580151.109027936 6570791.66702699,580152.461057886 6570790.2954024,580151.383352854 6570789.15891345,580149.600240893 6570790.45215949)))",896,NØ,Storgaten 47,110/111,,31,Sivile konstruksjoner,Bygning,3.57,0,0,0,1,0,0,"9",1380,1400,,,,,,"1971",Riksantikvaren,1100,TF,,"C33450, C34740","Eriksson, Jan E.G. 1990. De arkeologiske undersøkelsene i Storgaten 47, Tønsberg, 1971. Arkeologiske rapporter fra Tønsberg nr. 5. Riksantikvaren."
"MULTIPOLYGON (((580152.576257395 6570798.48572855,580153.770408807 6570797.52202741,580148.595752694 6570790.54566917,580147.29685116 6570791.38367015,580144.740948142 6570787.54981563,580143.651546856 6570788.3668666,580152.576257395 6570798.48572855)))",897,NØ,Storgaten 47,"9",,14,Transport,Passasje,21.61,0,0,0,0,1,1,"10",1400,1600,,,,,,"1971",Riksantikvaren,1100,TF,,"C33450, C34740","Eriksson, Jan E.G. 1990. De arkeologiske undersøkelsene i Storgaten 47, Tønsberg, 1971. Arkeologiske rapporter fra Tønsberg nr. 5. Riksantikvaren."
"MULTIPOLYGON (((580145.369448884 6570798.40192844,580146.312199997 6570797.81532776,580145.453248983 6570796.6630764,580144.552397919 6570797.48012735,580145.369448884 6570798.40192844)))",898,NØ,Storgaten 47,"7",,35,Sivile konstruksjoner,Brønn,1.55,0,0,0,0,1,1,"10",1400,1600,,,,,,"1971",Riksantikvaren,1100,TF,,"C33450, C34740","Eriksson, Jan E.G. 1990. De arkeologiske undersøkelsene i Storgaten 47, Tønsberg, 1971. Arkeologiske rapporter fra Tønsberg nr. 5. Riksantikvaren."
"MULTIPOLYGON (((580153.141908062 6570790.41996902,580150.711705193 6570792.74542176,580152.869557743 6570795.28037475,580155.048360315 6570793.2063223,580153.141908062 6570790.41996902)))",899,NØ,Storgaten 47,108/109,,31,Sivile konstruksjoner,Bygning,10.61,0,0,0,0,1,1,"10",1400,1600,,,,,,"1971",Riksantikvaren,1100,TF,,"C33450, C34740","Eriksson, Jan E.G. 1990. De arkeologiske undersøkelsene i Storgaten 47, Tønsberg, 1971. Arkeologiske rapporter fra Tønsberg nr. 5. Riksantikvaren."
"MULTIPOLYGON (((580153.141908063 6570790.23141879,580151.947756653 6570788.42971667,580148.532902621 6570790.58756921,580150.439354872 6570792.82922186,580153.141908063 6570790.23141879)))",900,NØ,Storgaten 47,"145",,31,Sivile konstruksjoner,Bygning,9.88,0,0,0,0,1,1,"10",1400,1600,,,,,,"1971",Riksantikvaren,1100,TF,,"C33450, C34740","Eriksson, Jan E.G. 1990. De arkeologiske undersøkelsene i Storgaten 47, Tønsberg, 1971. Arkeologiske rapporter fra Tønsberg nr. 5. Riksantikvaren."
"MULTIPOLYGON (((580155.153110439 6570798.48572855,580157.415713112 6570796.70497644,580154.901710143 6570792.91302196,580152.031556752 6570795.13372459,580155.153110439 6570798.48572855)))",901,NØ,Storgaten 47,"144",,31,Sivile konstruksjoner,Bygning,14.81,0,0,0,0,1,1,"10",1400,1600,,,,,,"1971",Riksantikvaren,1100,TF,,"C33450, C34740","Eriksson, Jan E.G. 1990. De arkeologiske undersøkelsene i Storgaten 47, Tønsberg, 1971. Arkeologiske rapporter fra Tønsberg nr. 5. Riksantikvaren."
"MULTIPOLYGON (((580135.070228751 6570781.46940219,580136.857588732 6570783.57001084,580138.313273665 6570781.9116356,580138.129009749 6570781.76422447,580137.981598616 6570781.93006199,580137.281395738 6570781.35884385,580137.07870543 6570781.56153416,580136.12053307 6570780.54808262,580135.070228751 6570781.46940219)))",902,NØ,Storgaten 47,"154",,31,Sivile konstruksjoner,Bygning,4.37,0,1,0,0,0,0,"2",1110,1170,,,,,,"1971",Riksantikvaren,1100,TF,,"C33450, C34740","Eriksson, Jan E.G. 1990. De arkeologiske undersøkelsene i Storgaten 47, Tønsberg, 1971. Arkeologiske rapporter fra Tønsberg nr. 5. Riksantikvaren."
"MULTIPOLYGON (((580134.370025873 6570786.13127926,580135.346624626 6570786.97889328,580135.623020498 6570784.93356381,580133.8725133 6570782.46442734,580132.601092283 6570783.4410261,580134.370025873 6570786.13127926)))",903,NØ,Storgaten 47,"164",,31,Sivile konstruksjoner,Bygning,6.29,0,1,0,0,0,0,"2",1110,1170,,,,,,"1971",Riksantikvaren,1100,TF,,"C33450, C34740","Eriksson, Jan E.G. 1990. De arkeologiske undersøkelsene i Storgaten 47, Tønsberg, 1971. Arkeologiske rapporter fra Tønsberg nr. 5. Riksantikvaren."
"MULTIPOLYGON (((580132.435254759 6570779.05554491,580133.080178464 6570779.94001169,580134.056777216 6570779.29508799,580133.467132686 6570778.39219481,580132.435254759 6570779.05554491)))",904,,Storgaten 47,"176",Strete,13,Transport,Strete,1.3,0,1,0,0,0,0,"2",1110,1170,,,,,,"1971",Riksantikvaren,1100,TF,,"C33450, C34740","Eriksson, Jan E.G. 1990. De arkeologiske undersøkelsene i Storgaten 47, Tønsberg, 1971. Arkeologiske rapporter fra Tønsberg nr. 5. Riksantikvaren."
"MULTIPOLYGON (((580139.975251244 6570784.60032202,580139.576344623 6570784.88247547,580141.230347685 6570786.99376174,580141.454124571 6570787.25645635,580141.454124571 6570787.35375065,580141.54168944 6570787.45104493,580141.755736894 6570787.34402122,580141.94059606 6570787.62617468,580141.94059606 6570787.71373955,580142.495173558 6570788.51155279,580143.127586494 6570788.10291674,580141.084406239 6570785.29111153,580140.393616725 6570784.33762741,580139.975251244 6570784.60032202)))",905,NØ,Storgaten 47,"153",,14,Transport,Passasje,4.02,0,1,0,0,0,0,"3",1170,1200,,,,,,"1971",Riksantikvaren,1100,TF,,"C33450, C34740","Eriksson, Jan E.G. 1990. De arkeologiske undersøkelsene i Storgaten 47, Tønsberg, 1971. Arkeologiske rapporter fra Tønsberg nr. 5. Riksantikvaren."
"MULTIPOLYGON (((580142.495173558 6570788.51155279,580141.94059606 6570787.71373955,580141.94059606 6570787.62617468,580141.755736894 6570787.34402122,580141.54168944 6570787.45104493,580141.454124571 6570787.35375065,580141.454124571 6570787.25645635,580141.230347685 6570786.99376174,580141.006570802 6570786.93538516,580140.830200697 6570786.99509151,580140.695229048 6570787.2078092,580140.685499618 6570787.36348008,580140.773064486 6570787.51915094,580140.899547073 6570787.69428069,580140.928735363 6570788.00562244,580141.04548852 6570788.13210503,580141.269265405 6570788.22939933,580141.843301762 6570788.98829485,580142.495173558 6570788.51155279)))",906,NØ,Storgaten 47,"161",,31,Sivile konstruksjoner,Bygning,1.74,0,1,0,0,0,0,"3",1170,1200,,,,,,"1971",Riksantikvaren,1100,TF,,"C33450, C34740","Eriksson, Jan E.G. 1990. De arkeologiske undersøkelsene i Storgaten 47, Tønsberg, 1971. Arkeologiske rapporter fra Tønsberg nr. 5. Riksantikvaren."
"MULTIPOLYGON (((580133.286699819 6570780.20833138,580133.376906034 6570780.16885135,580133.256995065 6570779.98554573,580133.494633097 6570779.8073172,580133.301552196 6570779.52512204,580133.925352029 6570778.90132221,580133.37581408 6570778.11414623,580132.321295313 6570778.93102696,580133.286699819 6570780.20833138)))",907,,Storgaten 47,"175",Strete,13,Transport,Strete,1.52,0,1,0,0,0,0,"3",1170,1200,,,,,,"1971",Riksantikvaren,1100,TF,,"C33450, C34740","Eriksson, Jan E.G. 1990. De arkeologiske undersøkelsene i Storgaten 47, Tønsberg, 1971. Arkeologiske rapporter fra Tønsberg nr. 5. Riksantikvaren."
"MULTIPOLYGON (((580147.371240697 6570791.65825135,580144.871088805 6570788.27709357,580142.870967293 6570789.80099566,580145.656850828 6570792.82498891,580147.371240697 6570791.65825135)),((580143.493559323 6570790.4813606,580141.842634522 6570791.66133341,580142.725440383 6570792.89445906,580144.575128856 6570791.6753462,580143.493559323 6570790.4813606)),((580148.190015413 6570793.94247895,580148.995053115 6570794.51379602,580149.124897905 6570794.20216854,580148.579549784 6570793.52697562,580148.190015413 6570793.94247895)))",908,NØ,Storgaten 47,10/122,,14,Transport,Passasje,13.22,0,0,0,1,0,0,"8",1300,1380,,,,,,"1971",Riksantikvaren,1100,TF,,"C33450, C34740","Eriksson, Jan E.G. 1990. De arkeologiske undersøkelsene i Storgaten 47, Tønsberg, 1971. Arkeologiske rapporter fra Tønsberg nr. 5. Riksantikvaren."
"MULTIPOLYGON (((580151.468415658 6570797.75677719,580150.198360418 6570796.18232855,580149.361487349 6570796.79177402,580150.859628849 6570798.33407503,580151.468415658 6570797.75677719)))",909,NØ,Storgaten 47,"3",,14,Transport,Passasje,1.95,0,0,0,0,1,1,"10",1400,1600,,,,,,"1971",Riksantikvaren,1100,TF,,"C33450, C34740","Eriksson, Jan E.G. 1990. De arkeologiske undersøkelsene i Storgaten 47, Tønsberg, 1971. Arkeologiske rapporter fra Tønsberg nr. 5. Riksantikvaren."
"MULTIPOLYGON (((580065.321799999 6570805.2462,580065.607 6570805.323,580066.233 6570805.807,580066.553100001 6570805.87059999,580066.8609 6570805.8706,580067.3006 6570805.5804,580067.355 6570805.143,580066.354 6570803.394,580063.48 6570800.465,580063.172 6570800.396,580062.4459 6570800.9103,580062.5602 6570801.3765,580065.321799999 6570805.2462)))",910,NV,Storgaten 51,SL1048,,52,Handel- og næringskonstruksjoner,Jordbruk,10.33,1,0,0,0,0,0,,1050,1100,729,Beta-438160,,,,"2016",NIKU,4,,1020841,C60323,NIKU Oppdragsrapport 94/2016 
"MULTIPOLYGON (((580194.059089886 6570865.34021712,580194.196543364 6570865.56166994,580194.723448359 6570865.56166995,580195.479442484 6570865.1187643,580194.639449012 6570864.5918593,580194.059089886 6570865.34021712)))",911,NØ,Tollbodgaten 9/11,"216",,35,Sivile konstruksjoner,Brønn,0.76,1,1,0,0,0,0,"2",1000,1150,,,,,,"1983",Riksantikvaren,292,TW,,C36204,"Flodin, Lena og Christian Runeby. Innberetning over de arkeologiske utgravingene i Tollbodgaten 9–11, Øvre Langgate 65, Tønsberg, 1983. Riksantikvaren."
"MULTIPOLYGON (((580189.183323235 6570858.6695642,580190.036725756 6570859.38073297,580191.056067656 6570860.89789301,580192.312465815 6570862.96028242,580192.644344573 6570863.12622181,580193.782214602 6570864.92784935,580194.215303718 6570865.57379682,580194.748666204 6570865.58649592,580195.773487154 6570864.90414372,580196.105365911 6570864.76190997,580196.221762592 6570864.67216023,580196.221762592 6570864.48167363,580196.38685098 6570864.34198346,580196.526541155 6570864.53247006,580197.898044689 6570863.84671829,580197.910743796 6570863.54193973,580198.049227211 6570863.52921744,580198.21516659 6570863.52921745,580198.333694718 6570863.29216119,580198.641867852 6570862.98398806,580198.262577842 6570862.67581493,580197.385469694 6570861.98835177,580196.626889676 6570861.34829989,580195.275669015 6570860.49489737,580193.497747095 6570859.07255983,580192.265054563 6570857.86357292,580191.150890161 6570856.84423102,580190.39231014 6570857.53169417,580190.463427016 6570857.67392792,580190.653072022 6570858.10062917,580190.629366397 6570858.29027419,580190.321193264 6570858.31397981,580189.989314505 6570858.29027419,580190.226370761 6570858.5747417,580190.060431382 6570858.78809233,580189.752258249 6570859.02514858,580189.183323235 6570858.6695642)),((580191.387946416 6570856.60717477,580192.265054563 6570857.2946379,580193.142162711 6570858.21915731,580194.49338337 6570859.47555547,580195.678664651 6570860.518603,580196.626889675 6570860.99271551,580196.508361547 6570860.708248,580195.583842148 6570859.87855111,580195.133435261 6570859.23849921,580192.525816445 6570856.58346915,580192.004292682 6570855.96712288,580189.420379491 6570853.6676772,580189.13164371 6570854.05649434,580190.126708274 6570855.28950913,580190.667504232 6570855.93846428,580191.127184534 6570856.32270726,580191.127184534 6570856.32270726,580191.387946416 6570856.60717477)))",912,NØ,Tollbodgaten 9/11,"222",,52,Handel- og næringskonstruksjoner,Jordbruk,39.36,1,0,0,0,0,0,1B,700,1000,,,,,,"1983",Riksantikvaren,292,TW,,C36204,"Flodin, Lena og Christian Runeby. Innberetning over de arkeologiske utgravingene i Tollbodgaten 9–11, Øvre Langgate 65, Tønsberg, 1983. Riksantikvaren."
"MULTIPOLYGON (((580190.667504232 6570855.93846428,580190.126708274 6570855.28950913,580189.13164371 6570854.05649434,580189.420379491 6570853.6676772,580182.120951368 6570847.50084984,580181.61592672 6570849.95710608,580185.480204361 6570854.42210315,580186.599410044 6570855.75377225,580188.924596358 6570858.39704224,580189.562613244 6570857.7450448,580190.036725756 6570857.24722666,580190.407922172 6570856.93352885,580190.797295262 6570856.60905127,580191.127184534 6570856.32270726,580190.667504232 6570855.93846428)))",913,NØ,Tollbodgaten 9/11,"215",,52,Handel- og næringskonstruksjoner,Jordbruk,33.72,1,0,0,0,0,0,1B,700,1000,,,,,,"1983",Riksantikvaren,292,TW,,C36204,"Flodin, Lena og Christian Runeby. Innberetning over de arkeologiske utgravingene i Tollbodgaten 9–11, Øvre Langgate 65, Tønsberg, 1983. Riksantikvaren."
"MULTIPOLYGON (((580190.073959078 6570859.49535021,580191.589468394 6570858.06693913,580188.088119285 6570854.79204543,580186.781645737 6570855.90690286,580188.889423062 6570858.34565348,580190.073959078 6570859.49535021)))",914,NØ,Tollbodgaten 9/11,195/201,,31,Sivile konstruksjoner,Bygning,9.4,1,1,0,0,0,0,"2",1000,1150,,,,,,"1983",Riksantikvaren,292,TW,,C36204,"Flodin, Lena og Christian Runeby. Innberetning over de arkeologiske utgravingene i Tollbodgaten 9–11, Øvre Langgate 65, Tønsberg, 1983. Riksantikvaren."
"MULTIPOLYGON (((580185.719047251 6570851.86554469,580186.206797375 6570852.3532948,580186.868743974 6570852.68426811,580187.147458329 6570853.31137541,580188.070699637 6570854.21719707,580189.168137418 6570855.22753662,580189.464271422 6570855.48883133,580189.847503663 6570855.48883133,580190.509450261 6570856.20303686,580191.150890161 6570856.84423102,580192.477870407 6570858.01468019,580193.000459826 6570858.58952855,580193.94112078 6570859.39083232,580194.986299618 6570860.33149328,580196.205674931 6570861.08053811,580197.385469694 6570861.98835177,580197.825702129 6570862.35217236,580197.181175179 6570861.55086859,580196.626889675 6570860.99271551,580195.678664651 6570860.518603,580194.49338337 6570859.47555547,580193.142162711 6570858.21915731,580192.265054563 6570857.2946379,580191.387946416 6570856.60717477,580190.892682501 6570856.16819757,580190.126708274 6570855.28950913,580189.13164371 6570854.05649434,580188.088119285 6570852.89330387,580187.408753041 6570852.61458951,580187.112619034 6570852.56233058,580186.711967147 6570852.14425904,580186.346154554 6570851.93522327,580185.962922312 6570851.69134821,580185.719047251 6570851.86554469)))",915,NØ,Tollbodgaten 9/11,184/211,,36,Sivile konstruksjoner,Vannhåndtering,6.78,0,1,0,0,0,0,"3",1150,1225,,,,,,"1983",Riksantikvaren,292,TW,,C36204,"Flodin, Lena og Christian Runeby. Innberetning over de arkeologiske utgravingene i Tollbodgaten 9–11, Øvre Langgate 65, Tønsberg, 1983. Riksantikvaren."
"MULTIPOLYGON (((580197.778698497 6570863.79018941,580198.666116412 6570863.01217918,580195.760734471 6570859.92445109,580194.192557608 6570858.23471012,580193.159262775 6570857.22572811,580192.186749993 6570858.68449729,580197.778698497 6570863.79018941)),((580190.711356926 6570856.65507585,580191.334251364 6570856.04515837,580189.608314693 6570854.28029081,580188.90755845 6570854.92913918,580190.711356926 6570856.65507585)))",916,NØ,Tollbodgaten 9/11,192/200,,14,Transport,Passasje,13.72,0,1,0,0,0,0,"3",1150,1225,,,,,,"1983",Riksantikvaren,292,TW,,C36204,"Flodin, Lena og Christian Runeby. Innberetning over de arkeologiske utgravingene i Tollbodgaten 9–11, Øvre Langgate 65, Tønsberg, 1983. Riksantikvaren."
"MULTIPOLYGON (((580194.059089886 6570865.34021712,580194.196543364 6570865.56166994,580194.723448359 6570865.56166995,580195.479442484 6570865.1187643,580194.639449012 6570864.5918593,580194.059089886 6570865.34021712)))",917,NØ,Tollbodgaten 9/11,"216",,35,Sivile konstruksjoner,Brønn,0.76,0,1,0,0,0,0,"3",1150,1225,,,,,,"1983",Riksantikvaren,292,TW,,C36204,"Flodin, Lena og Christian Runeby. Innberetning over de arkeologiske utgravingene i Tollbodgaten 9–11, Øvre Langgate 65, Tønsberg, 1983. Riksantikvaren."
"MULTIPOLYGON (((580189.592480519 6570855.46185831,580192.882429801 6570859.76931768,580198.291173649 6570863.70274906,580198.925937515 6570863.04447542,580196.128274544 6570860.22330267,580190.576073603 6570854.59697474,580189.592480519 6570855.46185831)))",918,NØ,Tollbodgaten 9/11,145/149/150/158/178/185/194,,14,Transport,Passasje,18.4,0,1,1,0,0,0,4A,1175,1250,,,,,,"1983",Riksantikvaren,292,TW,,C36204,"Flodin, Lena og Christian Runeby. Innberetning over de arkeologiske utgravingene i Tollbodgaten 9–11, Øvre Langgate 65, Tønsberg, 1983. Riksantikvaren."
"MULTIPOLYGON (((580190.073959078 6570859.49535021,580190.548500621 6570860.17540334,580191.93002717 6570858.81361288,580188.379314972 6570854.60547939,580186.781645737 6570855.90690286,580188.889423062 6570858.34565348,580190.073959078 6570859.49535021)))",919,NØ,Tollbodgaten 9/11,"39",,31,Sivile konstruksjoner,Bygning,11.16,0,1,0,0,0,0,4A,1175,1250,,,,,,"1983",Riksantikvaren,292,TW,,C36204,"Flodin, Lena og Christian Runeby. Innberetning over de arkeologiske utgravingene i Tollbodgaten 9–11, Øvre Langgate 65, Tønsberg, 1983. Riksantikvaren."
"MULTIPOLYGON (((580188.583915332 6570854.77631009,580188.835745587 6570855.11420891,580189.122640811 6570855.28634604,580189.291590222 6570855.37560234,580189.521106403 6570855.48717269,580189.74105941 6570855.52303461,580189.808001628 6570855.56128729,580189.839878876 6570855.67604539,580189.913196543 6570855.83861936,580190.110835477 6570856.03625829,580190.267033989 6570856.10001278,580190.43397259 6570856.32105184,580190.740026689 6570856.63638032,580190.968794401 6570856.42925279,580190.764758334 6570856.35196641,580190.569996634 6570856.16338761,580190.480344423 6570855.96553447,580190.452521324 6570855.79550441,580190.353594746 6570855.69348638,580190.208296334 6570855.65329745,580190.10009539 6570855.6223829,580190.038266279 6570855.51418195,580189.933156789 6570855.38743228,580189.809498568 6570855.31942024,580189.695114713 6570855.28541423,580189.648742879 6570855.23826955,580189.648742879 6570855.17334898,580189.62091978 6570855.09297112,580189.512718835 6570855.00022747,580189.407609346 6570854.91057526,580189.324140046 6570854.82092305,580189.249945112 6570854.77455121,580189.092280879 6570854.78073412,580188.971714113 6570854.73127084,580188.919159368 6570854.6014297,580188.950073924 6570854.50791317,580188.583915332 6570854.77631009)))",920,NØ,Tollbodgaten 9/11,"44",,36,Sivile konstruksjoner,Vannhåndtering,0.94,0,0,1,1,1,0,"5",1200,1500,,,,,,"1983",Riksantikvaren,292,TW,,C36204,"Flodin, Lena og Christian Runeby. Innberetning over de arkeologiske utgravingene i Tollbodgaten 9–11, Øvre Langgate 65, Tønsberg, 1983. Riksantikvaren."
"MULTIPOLYGON (((580185.719047251 6570851.86554469,580186.206797375 6570852.3532948,580186.868743974 6570852.68426811,580187.147458329 6570853.31137541,580188.070699637 6570854.21719707,580189.168137418 6570855.22753662,580189.464271422 6570855.48883133,580189.847503663 6570855.48883133,580190.509450261 6570856.20303686,580191.150890161 6570856.84423102,580192.477870407 6570858.01468019,580193.000459826 6570858.58952855,580193.94112078 6570859.39083232,580194.986299618 6570860.33149328,580196.205674931 6570861.08053811,580197.385469694 6570861.98835177,580197.825702129 6570862.35217236,580197.181175179 6570861.55086859,580196.626889675 6570860.99271551,580195.678664651 6570860.518603,580194.49338337 6570859.47555547,580193.142162711 6570858.21915731,580192.265054563 6570857.2946379,580191.387946416 6570856.60717477,580190.892682501 6570856.16819757,580190.126708274 6570855.28950913,580189.13164371 6570854.05649434,580188.088119285 6570852.89330387,580187.408753041 6570852.61458951,580187.112619034 6570852.56233058,580186.711967147 6570852.14425904,580186.346154554 6570851.93522327,580185.962922312 6570851.69134821,580185.719047251 6570851.86554469)))",921,NØ,Tollbodgaten 9/11,184/211,,36,Sivile konstruksjoner,Vannhåndtering,6.78,1,1,0,0,0,0,"2",1000,1150,,,,,,"1983",Riksantikvaren,292,TW,,C36204,"Flodin, Lena og Christian Runeby. Innberetning over de arkeologiske utgravingene i Tollbodgaten 9–11, Øvre Langgate 65, Tønsberg, 1983. Riksantikvaren."
"MULTIPOLYGON (((580180.178415697 6570851.77944124,580181.010662682 6570852.69929318,580181.711502249 6570852.15176227,580180.791650318 6570851.21000909,580180.178415697 6570851.77944124)),((580189.749256034 6570853.92576242,580188.325675663 6570852.76499689,580185.850835942 6570854.80181189,580186.902095292 6570856.00637989,580189.749256034 6570853.92576242)))",922,NØ,Tollbodgaten 9/11,"34",Kirkegårdsmur,43,Religiøse konstruksjoner,Gravplass,6.8,0,0,1,1,1,0,"5",1250,1500,,,,,,"1983",Riksantikvaren,292,TW,,C36204,"Flodin, Lena og Christian Runeby. Innberetning over de arkeologiske utgravingene i Tollbodgaten 9–11, Øvre Langgate 65, Tønsberg, 1983. Riksantikvaren."
"MULTIPOLYGON (((580181.591045448 6570849.96163863,580185.850835942 6570854.80181189,580188.325675663 6570852.76499689,580182.116675123 6570847.46489767,580181.591045448 6570849.96163863)))",923,NØ,Tollbodgaten 9/11,,,43,Religiøse konstruksjoner,Gravplass,19.48,0,0,1,1,1,0,"5",1200,1500,,,,,,"1983",Riksantikvaren,292,TW,,C36204,"Flodin, Lena og Christian Runeby. Innberetning over de arkeologiske utgravingene i Tollbodgaten 9–11, Øvre Langgate 65, Tønsberg, 1983. Riksantikvaren."
"MULTIPOLYGON (((580187.897168135 6570852.33736645,580187.47976193 6570851.99822391,580187.088443615 6570852.59824533,580186.697125298 6570853.06782731,580186.384070644 6570853.56349717,580185.992752328 6570854.08525493,580185.470994572 6570854.39830957,580185.888400777 6570854.81571578,580186.20145543 6570854.60701269,580186.566685859 6570854.24178226,580187.166707277 6570853.5113214,580187.505849818 6570853.01565153,580187.61020137 6570852.67650899,580187.897168135 6570852.33736645)))",924,NØ,Tollbodgaten 9/11,"45",,36,Sivile konstruksjoner,Vannhåndtering,1.8,0,0,0,0,0,1,"6",1500,1550,,,,,,"1983",Riksantikvaren,292,TW,,C36204,"Flodin, Lena og Christian Runeby. Innberetning over de arkeologiske utgravingene i Tollbodgaten 9–11, Øvre Langgate 65, Tønsberg, 1983. Riksantikvaren."
"MULTIPOLYGON (((580290.115255549 6570788.37346989,580286.832867567 6570785.79090257,580285.145694664 6570788.21708511,580288.169133803 6570790.31959163,580290.115255549 6570788.37346989)))",925,SØ,Torvgaten 2,"5",,31,Sivile konstruksjoner,Bygning,11.16,0,0,1,0,0,0,"1",1200,1250,,,,,,"1976",Riksantikvaren,18,TM,,C35125,"Brendalsmo, Jan. 1986. Innberetning over de arkeologiske utgravingene i kvartalet Øvre Langgate/Torvgaten/Fayes Gate/Kammegaten, Tønsberg, 1976–1982. Riksantikvaren."
"MULTIPOLYGON (((580287.143944669 6570789.22489815,580288.490591413 6570790.5715449,580290.732106638 6570788.33002967,580289.385459895 6570786.98338292,580287.143944669 6570789.22489815)))",926,SØ,Torvgaten 2,"4",,31,Sivile konstruksjoner,Bygning,6.04,0,0,1,0,0,0,"2",1250,1300,,,,,,"1976",Riksantikvaren,18,TM,,C35125,"Brendalsmo, Jan. 1986. Innberetning over de arkeologiske utgravingene i kvartalet Øvre Langgate/Torvgaten/Fayes Gate/Kammegaten, Tønsberg, 1976–1982. Riksantikvaren."
"MULTIPOLYGON (((580288.742544675 6570790.18058294,580290.653914247 6570788.25183727,580288.01274902 6570785.97556988,580286.613974016 6570788.05201228,580288.742544675 6570790.18058294)))",927,SØ,Torvgaten 2,"2",,31,Sivile konstruksjoner,Bygning,8.43,0,0,1,0,0,0,"3",1250,1300,,,,,,"1976",Riksantikvaren,18,TM,,C35125,"Brendalsmo, Jan. 1986. Innberetning over de arkeologiske utgravingene i kvartalet Øvre Langgate/Torvgaten/Fayes Gate/Kammegaten, Tønsberg, 1976–1982. Riksantikvaren."
"MULTIPOLYGON (((580287.014980723 6570787.65571932,580288.543020817 6570785.9684818,580287.484509242 6570785.07933208,580286.093982478 6570786.73472108,580287.014980723 6570787.65571932)))",928,SØ,Torvgaten 2,"1",,31,Sivile konstruksjoner,Bygning,2.98,0,0,1,0,0,0,"4",1250,1300,,,,,,"1976",Riksantikvaren,18,TM,,C35125,"Brendalsmo, Jan. 1986. Innberetning over de arkeologiske utgravingene i kvartalet Øvre Langgate/Torvgaten/Fayes Gate/Kammegaten, Tønsberg, 1976–1982. Riksantikvaren."
"MULTIPOLYGON (((580289.747877479 6570787.49920982,580287.98413574 6570789.26295156,580288.891589894 6570790.17040571,580290.704993302 6570788.3570023,580289.747877479 6570787.49920982)))",929,SØ,Torvgaten 2,"3",,31,Sivile konstruksjoner,Bygning,3.25,0,0,1,0,0,0,"4",1250,1300,,,,,,"1976",Riksantikvaren,18,TM,,C35125,"Brendalsmo, Jan. 1986. Innberetning over de arkeologiske utgravingene i kvartalet Øvre Langgate/Torvgaten/Fayes Gate/Kammegaten, Tønsberg, 1976–1982. Riksantikvaren."
"MULTIPOLYGON (((580305.397116981 6570803.95252097,580303.741524404 6570803.09802158,580298.034354875 6570808.778488,580301.551869703 6570810.84192234,580305.397116981 6570803.95252097)))",930,SØ,Torvgaten 6,"1",,31,Sivile konstruksjoner,Bygning,23.24,0,0,1,0,0,0,"2",1200,1250,,,,,,"1978",Riksantikvaren,55,TO,,C36207,"Brendalsmo, Jan. 1986. Innberetning over de arkeologiske utgravingene i kvartalet Øvre Langgate/Torvgaten/Fayes Gate/Kammegaten, Tønsberg, 1976–1982. Riksantikvaren."
"MULTIPOLYGON (((580300.136605079 6570806.2756912,580304.061961676 6570808.27842416,580304.197639223 6570808.01249616,580300.27012061 6570806.00866014,580300.136605079 6570806.2756912)))",931,SØ,Torvgaten 6,"11",,36,Sivile konstruksjoner,Vannhåndtering,1.32,0,0,1,0,0,0,"4",1250,1300,,,,,,"1978",Riksantikvaren,55,TO,,C36207,"Brendalsmo, Jan. 1986. Innberetning over de arkeologiske utgravingene i kvartalet Øvre Langgate/Torvgaten/Fayes Gate/Kammegaten, Tønsberg, 1976–1982. Riksantikvaren."
"MULTIPOLYGON (((579996.546296164 6571124.7206069,579989.349978059 6571147.74874459,579993.457877907 6571148.92233639,579984.800387926 6571179.24297604,579992.274621199 6571182.02484933,580000.769021258 6571151.28815893,580002.650893615 6571151.55842485,580008.861010722 6571128.34089916,579996.546296164 6571124.7206069)))",932,,Tunsberghus,12373-2,Bredestuen,21,Administrative og militære konstruksjoner,Borg,570.4,0,0,1,1,1,0,,1225,1503,,,,,,,,,,,,Askeladden
"MULTIPOLYGON (((580052.793116538 6571160.70153381,580061.606034301 6571163.10263952,580065.849074021 6571148.33589227,580057.108714615 6571146.24233112,580052.793116538 6571160.70153381)))",933,,Tunsberghus,12373-7,Kjøkkenfløyen,21,Administrative og militære konstruksjoner,Borg,137.96,0,0,0,1,1,0,,1350,1503,,,,,,,,,,,,Askeladden
"MULTIPOLYGON (((580024.789459189 6571239.57696544,579980.60280462 6571231.24111001,579980.087004519 6571231.28001374,579979.659742697 6571231.57171883,579979.435647679 6571232.03788437,579979.474578364 6571232.5533859,579979.766274454 6571232.98074726,579980.232422027 6571233.20504132,580025.118120455 6571241.6726486,580025.721814977 6571241.5981385,580026.170481995 6571241.18716707,580030.101652858 6571234.31836805,580030.233704642 6571233.81820602,580030.097975281 6571233.31914608,580029.730768094 6571232.95469544,580029.23058809 6571232.82284269,580028.731528167 6571232.95857205,580028.367294535 6571233.32559817,580024.789459189 6571239.57696544)))",934,,Tunsberghus,12373-9,Indre ringmur,21,Administrative og militære konstruksjoner,Borg,110.04,0,0,1,1,1,0,,1250,1503,,,,,,,,,,,,Askeladden
"MULTIPOLYGON (((579997.799078987 6571191.95477486,579997.756140273 6571195.76345294,580008.078480462 6571195.89293426,580008.387353771 6571198.02776482,580014.520914004 6571197.87932272,580014.827127553 6571195.59937457,580018.056666237 6571195.38935517,580018.368864182 6571203.04265958,580024.239815117 6571202.46918186,580025.348507047 6571195.74682922,580027.392140745 6571194.22575537,580028.151015229 6571192.48833518,580028.801384056 6571190.84144717,580027.914035491 6571189.55735295,580026.321067783 6571188.30987066,580014.930978219 6571187.78297949,580014.919996369 6571184.5714143,580009.238432069 6571184.15869053,580008.398677377 6571186.7917806,579997.949858167 6571186.95187005,579997.799078987 6571191.95477486)))",935,,Tunsberghus,12373-1,Mikaelskirken,41,Religiøse konstruksjoner,Kirke,325.03,0,1,1,1,1,1,,1125,1526,,,,,,,,,,,,Askeladden
"MULTIPOLYGON (((580045.512654643 6571209.10578736,580045.468443795 6571208.85096891,580045.302769871 6571208.65240355,580045.059993653 6571208.56325902,580044.805175209 6571208.60746987,580044.606609841 6571208.7731438,580044.517465322 6571209.01592001,580044.56167617 6571209.27073844,580044.72735009 6571209.46930381,580044.970126308 6571209.55844835,580045.22494475 6571209.5142375,580045.423510123 6571209.34856358,580045.512654643 6571209.10578736)))",936,,Tunsberghus,12373-6,Rondeller,21,Administrative og militære konstruksjoner,Borg,0.75,0,0,0,1,1,0,,1350,1503,,,,,,,,,,,,Askeladden
"MULTIPOLYGON (((579890.936819808 6571262.06764556,579890.892609151 6571261.8128274,579890.726935543 6571261.61426221,579890.484159676 6571261.52511767,579890.229341532 6571261.56932833,579890.030776327 6571261.73500193,579889.941631789 6571261.97777779,579889.985842446 6571262.23259593,579890.151516052 6571262.43116115,579890.394291916 6571262.52030569,579890.649110061 6571262.47609503,579890.847675271 6571262.31042142,579890.936819808 6571262.06764556)))",937,,Tunsberghus,12373-8,Vinkelmuren F,21,Administrative og militære konstruksjoner,Borg,0.75,0,0,0,1,1,0,,1350,1503,,,,,,,,,,,,Askeladden
"MULTIPOLYGON (((579851.960043709 6571195.94175083,579850.013592705 6571208.60825958,579865.140446546 6571209.97424282,579866.191893627 6571198.3305453,579851.960043709 6571195.94175083)))",938,,Tunsberghus,12373-5,Vestkastellet,21,Administrative og militære konstruksjoner,Borg,181.36,0,0,1,1,1,0,,1225,1503,,,,,,,,,,,,Askeladden
"MULTIPOLYGON (((580040.211799851 6571120.0352318,580054.026958559 6571121.48341555,580056.190413253 6571108.63581961,580041.072521485 6571107.17032982,580040.211799851 6571120.0352318)))",939,,Tunsberghus,12373-3,Magnus Lagabøtes teglkastell,21,Administrative og militære konstruksjoner,Borg,188.31,0,0,1,1,1,0,,1276,1503,,,,,,,,,,,,Askeladden
"MULTIPOLYGON (((579900.776638781 6571317.71529993,579900.915779337 6571318.14102506,579901.226798736 6571318.46327955,579902.8377371 6571319.51172486,579903.400446888 6571319.67330382,579903.9571968 6571319.49201743,579905.349597391 6571318.51412124,579905.710225813 6571318.04924911,579906.101341935 6571317.01344118,579909.275594069 6571317.30008489,579927.76490124 6571320.87067973,579927.792143766 6571320.87564806,579935.898758329 6571322.20978043,579936.226491894 6571322.20917623,579946.719378054 6571320.44779268,579947.0742539 6571320.31549778,579970.210914316 6571306.20665931,579973.876744876 6571306.06935111,579974.512027259 6571305.80947403,579976.917333997 6571303.61864945,579977.212836972 6571303.12612428,579977.835582741 6571300.67409968,579977.850490595 6571300.25124894,579977.689170082 6571299.86004093,579976.766691295 6571298.52501659,579985.04270266 6571287.45945892,579998.378559446 6571277.04294856,580000.764383328 6571277.59440066,580001.143411216 6571277.60795972,580003.585767474 6571277.22672838,580004.084806183 6571276.99568342,580004.386000942 6571276.53567747,580004.810372688 6571275.16937328,580004.854882295 6571274.8986879,580004.924870631 6571272.16819467,580009.239443496 6571267.43774817,580009.293865444 6571267.37283261,580013.614790578 6571261.7431961,580013.642269829 6571261.70554536,580018.830575868 6571254.24795656,580018.871193638 6571254.18480438,580026.106506885 6571241.91340088,580028.200937581 6571242.25413156,580028.925868562 6571242.09254652,580031.385570137 6571240.40818353,580031.751322306 6571239.94878988,580032.66363697 6571237.6232431,580032.722115332 6571237.11342732,580032.407591019 6571234.96785213,580035.854906781 6571230.10852174,580035.992159954 6571229.83296759,580041.590289421 6571212.2083761,580044.460700687 6571204.77143124,580044.516104591 6571204.56453642,580047.165516022 6571187.44661494,580047.173203979 6571187.38369967,580047.39341445 6571184.9450877,580056.099102558 6571163.60143681,580056.11004133 6571163.57362976,580065.222390939 6571139.16648716,580067.763670622 6571134.12992284,580067.870743078 6571133.67305496,580067.692968747 6571106.96287963,580070.737620473 6571099.29846463,580070.800059087 6571099.05588533,580072.172816378 6571088.28255415,580074.300284694 6571077.99113656,580076.745144965 6571067.51808677,580077.892635995 6571063.63698134,580077.933104444 6571063.32660134,580077.840754455 6571059.90722718,580077.672909301 6571059.37938205,580073.438832257 6571053.03661127,580073.870938739 6571045.09594844,580076.322065202 6571036.60007457,580076.361181938 6571036.31355149,580076.30326344 6571030.28849426,580076.210376994 6571029.8771795,580074.362450024 6571025.89775414,580074.240290517 6571025.6995065,580070.999297076 6571021.59428716,580070.518463839 6571021.26151482,580064.374581798 6571019.30209509,580064.29881225 6571019.28120682,580057.913736942 6571017.78620876,580057.1748053 6571014.88294107,580057.028470904 6571014.56131131,580055.253769704 6571011.99312521,580054.908921998 6571011.68326749,580054.461128616 6571011.5623667,580051.159030387 6571011.46484778,580050.715109463 6571011.55438859,580050.356249768 6571011.83080059,580050.156418783 6571012.23715354,580049.282100031 6571015.99303207,580034.622951488 6571022.95138422,580034.286011257 6571023.21171599,580034.088026158 6571023.58873842,580030.151236697 6571037.88188727,580026.00020173 6571037.13040708,580025.113265396 6571035.45285565,580024.787402283 6571035.09053382,580024.328943505 6571034.92552778,580023.846934192 6571034.99688051,580011.484441145 6571040.1276159,580001.076521113 6571040.95921039,579987.697560634 6571040.79592588,579986.656359531 6571037.73794498,579986.372217206 6571037.31136664,579985.913773849 6571037.08174924,579983.353242616 6571036.54954126,579982.745218265 6571036.61423026,579980.863813453 6571037.44764248,579980.485820983 6571037.740386,579980.28683943 6571038.17510854,579979.616716163 6571041.71184136,579958.271260237 6571051.47784139,579928.24380633 6571053.75316663,579927.814098057 6571053.88753389,579927.487012087 6571054.19651241,579925.977588733 6571056.46813862,579925.811333277 6571056.98487641,579925.939698162 6571057.51216573,579927.669463282 6571060.57794412,579928.03140844 6571060.94733657,579928.529746894 6571061.08624601,579929.030800536 6571060.95731799,579929.400011927 6571060.59515582,579929.538921367 6571060.09681736,579929.409975362 6571059.59596276,579927.981171361 6571057.06382881,579928.881456711 6571055.70919735,579958.600216006 6571053.4569651,579958.94042667 6571053.36929647,579980.917781647 6571043.31421762,579981.288735917 6571043.02164123,579981.483884519 6571042.59158908,579982.152709752 6571039.06256477,579983.26095698 6571038.57149332,579984.948356039 6571038.92211889,579986.033348141 6571042.10846379,579986.392505754 6571042.59539247,579986.967084619 6571042.78553243,580001.098083013 6571042.95813354,580001.189868719 6571042.95498417,580011.801112215 6571042.10723637,580012.104493712 6571042.03410077,580023.771950693 6571037.19165965,580024.46059248 6571038.49412875,580024.753819356 6571038.83343746,580025.165857726 6571039.01030461,580030.693984331 6571040.0111484,580031.181164358 6571039.97808717,580031.594531156 6571039.71803498,580031.83535068 6571039.29331071,580035.893299469 6571024.5606188,580050.57446158 6571017.5918136,580050.924238772 6571017.31598609,580051.119314841 6571016.91562492,580051.917368472 6571013.48655857,580053.897017136 6571013.54512522,580055.282361434 6571015.54971196,580056.126747193 6571018.86733543,580056.395408113 6571019.33425341,580056.867213634 6571019.59367159,580063.804875067 6571021.21792977,580069.620100133 6571023.07262463,580072.599100096 6571026.84597079,580074.306946691 6571030.52339379,580074.361408042 6571036.18674845,580071.919155448 6571044.65101675,580071.881583359 6571044.87376881,580071.425265749 6571053.26032104,580071.592001943 6571053.86933366,580075.850617803 6571060.24923525,580075.931082535 6571063.22247019,580074.820499363 6571066.97928801,580074.805588186 6571067.0355312,580072.351235422 6571077.54926045,580072.345786186 6571077.57405165,580070.207962648 6571087.91570253,580070.195270841 6571087.99181089,580068.833588465 6571098.67805183,580065.76393394 6571106.40602573,580065.693315803 6571106.78140622,580065.870673099 6571133.44509044,580063.41323739 6571138.31535321,580063.36924068 6571138.41592458,580054.243063521 6571162.86064606,580045.486400264 6571184.32881879,580045.4164799 6571184.61647308,580045.185683084 6571187.17231832,580042.557556885 6571204.15230094,580039.714929841 6571211.5171088,580039.694699826 6571211.57447696,580034.134675401 6571229.07930334,580030.545935483 6571234.138162,580030.372276583 6571234.86131363,580030.706241231 6571237.14047849,580030.003000085 6571238.93288691,580028.1270031 6571240.21746932,580025.753373272 6571239.83095868,580025.168699174 6571239.91260421,580024.73211025 6571240.3098174,580017.168665102 6571253.13731888,580012.015176902 6571260.54487658,580007.734279181 6571266.1223439,580003.197431458 6571271.09658746,580002.936661794 6571271.74445054,580002.86059019 6571274.70896694,580002.66220123 6571275.34821622,580001.026009545 6571275.60379257,579998.364214489 6571274.98859178,579997.923151371 6571274.98648698,579997.524115933 6571275.17449096,579983.707283405 6571285.96644762,579983.522256879 6571286.15551694,579974.735953121 6571297.90339254,579974.537112167 6571298.48320524,579974.713875444 6571299.07004741,579975.786695957 6571300.62231871,579975.349763422 6571302.34325984,579973.436606958 6571304.08600492,579969.875679312 6571304.21934191,579969.392800817 6571304.3647592,579946.198570902 6571318.50893266,579936.059410218 6571320.21075745,579928.130336207 6571318.90600158,579909.60495554 6571315.32823662,579909.505487988 6571315.31423791,579905.52473538 6571314.95476506,579904.904132381 6571315.10319616,579904.499970595 6571315.5968448,579903.949272156 6571317.05548164,579903.361595122 6571317.46814627,579902.72366352 6571317.05296193,579902.566759619 6571315.3107032,579902.388664354 6571314.82527535,579901.991605443 6571314.49364599,579901.481898794 6571314.40507801,579900.996253943 6571314.58335434,579900.664823623 6571314.98043121,579900.576273627 6571315.48993882,579900.776638781 6571317.71529993)))",940,,Tunsberghus,12373-4,Ytre ringmur,21,Administrative og militære konstruksjoner,Borg,1167.87,0,0,1,1,1,0,,1225,1503,,,,,,,,,,,,Askeladden
"MULTIPOLYGON (((580027.288929595 6571233.14464442,580030.591027405 6571233.2421695,580035.019792541 6571226.41830372,580038.279296207 6571215.87695495,580036.477639215 6571213.60732272,580039.574050823 6571202.64992438,580034.389415051 6571201.17843849,580030.063494503 6571213.52976606,580034.687628172 6571215.65295122,580034.91562056 6571218.68345264,580028.871926604 6571217.83670459,580023.768491283 6571231.02079405,580027.288929595 6571233.14464442)))",941,,Tunsberghus,12373-10,Bygningsfundamenter I - II - III,21,Administrative og militære konstruksjoner,Borg,216.96,0,0,0,1,1,0,,1350,1503,,,,,,,,,,,,Askeladden
"MULTIPOLYGON (((580258.650326079 6570721.40578291,580260.968764742 6570720.23461288,580258.02888891 6570716.96011703,580256.642605996 6570718.29859709,580256.690408856 6570719.4458657,580258.650326079 6570721.40578291)))",942,SØ,"Va2010, grøft 3",K40,Mariakirkens gravplass,43,Religiøse konstruksjoner,Gravplass,10.1,0,1,1,1,1,1,,,,,,,,,"2010",NIKU,,,1563553,C59052,NIKU Oppdragsrapport 43/2012
"MULTIPOLYGON (((580243.541 6570689.226,580243.672 6570689.223,580244.719 6570687.722,580244.516 6570687.324,580244.103 6570686.86499999,580243.506 6570687.321,580243.532 6570687.48,580243.927 6570688.236,580243.950999999 6570688.811,580243.541 6570689.226)))",944,SØ,"Va2010, grøft1",K12,Kirkegårdsmur,43,Religiøse konstruksjoner,Gravplass,1.19,0,1,1,1,1,1,,,,,,,,,"2010",NIKU,,,1563553,C59052,NIKU Oppdragsrapport 43/2012
"MULTIPOLYGON (((580425.557192233 6570598.54762003,580428.172762384 6570596.2026261,580424.565079417 6570591.96359862,580422.0 6570594.0,580425.557192233 6570598.54762003)))",946,SØ,Øvre Langgate 29,,Dyrkningsspor,52,Handel- og næringskonstruksjoner,Jordbruk,19.24,1,0,0,0,0,0,,,,908,T-5216A,T-5217A,,,"1982",Riksantikvaren,,,,,Riksantikvarens saksarkiv. RADS-D-Da-0010-0003-0001.
"MULTIPOLYGON (((580295.557101049 6570756.42895942,580295.85698923 6570756.1807761,580295.61914688 6570755.9636157,580295.370963556 6570755.74645529,580295.195167035 6570755.80850111,580295.133121206 6570755.93259278,580295.257212866 6570756.14975319,580295.557101049 6570756.42895942)))",947,SØ,Øvre Langgate 57/59,"126",,31,Sivile konstruksjoner,Bygning,0.25,1,0,0,0,0,0,"1",,,1039,T-4885A,,,,"1982",Riksantikvaren,259,TV,,C35854,"Flodin, Lena, Peter Germer og Jan Lindh. 1983. Rapport over de arkeologiske utgravningene i Øvre Langgate 57/59, Tønsberg, 1982. Riksantikvaren."
"MULTIPOLYGON (((580298.788529399 6570756.95183475,580299.067254199 6570757.24449579,580299.44353268 6570756.63130123,580299.61076756 6570756.08778787,580299.33204276 6570755.55821075,580298.607358279 6570754.83352627,580297.715438918 6570754.40150283,580297.492459077 6570754.44331155,580297.450650357 6570754.55480147,580297.576076516 6570754.65235515,580298.035972438 6570754.87533499,580298.663103239 6570755.30735843,580299.192680359 6570755.83693555,580299.29023404 6570756.11566034,580299.136935399 6570756.42225762,580298.788529399 6570756.95183475)))",948,SØ,Øvre Langgate 57/59,142/143/124,,31,Sivile konstruksjoner,Bygning,1.18,1,0,0,0,0,0,"1",,,1086,T-4889A,T-4890A,T-4893A,T-4894A,"1982",Riksantikvaren,259,TV,,C35854,"Flodin, Lena, Peter Germer og Jan Lindh. 1983. Rapport over de arkeologiske utgravningene i Øvre Langgate 57/59, Tønsberg, 1982. Riksantikvaren."
"MULTIPOLYGON (((580297.533505654 6570755.428637,580298.013327869 6570756.01841847,580298.213253791 6570755.92845181,580298.383190825 6570756.1983518,580299.032950071 6570756.12837773,580299.162901921 6570755.79849996,580298.942983406 6570755.54859255,580298.563124155 6570755.21871477,580298.363198232 6570754.6689185,580298.57312045 6570754.24907406,580299.352831547 6570754.06914073,580299.632727838 6570753.85921851,580299.142909328 6570753.26943704,580299.002961183 6570753.14948149,580298.843020445 6570753.1194926,580298.693076003 6570753.04951851,580298.713068596 6570752.86958519,580298.783042668 6570752.55970002,580298.773046372 6570752.00990373,580298.653090819 6570751.92993336,580298.4431686 6570752.41975187,580298.533135265 6570752.44974076,580298.573120451 6570752.51971483,580298.463161193 6570752.92956297,580298.193261198 6570752.94955556,580298.173268605 6570753.23944815,580298.353201935 6570753.26943704,580298.193261199 6570754.06914073,580297.953350091 6570754.30905182,580297.823398241 6570754.19909258,580297.683450096 6570754.28905924,580298.113290829 6570755.00879256,580298.053313052 6570755.20871849,580297.90336861 6570755.30868145,580297.533505654 6570755.428637)))",949,SØ,Øvre Langgate 57/59,"141",,52,Handel- og næringskonstruksjoner,Jordbruk,3.06,0,1,0,0,0,0,"1",,,1120,T-4886A,,,,"1982",Riksantikvaren,259,TV,,C35854,"Flodin, Lena, Peter Germer og Jan Lindh. 1983. Rapport over de arkeologiske utgravningene i Øvre Langgate 57/59, Tønsberg, 1982. Riksantikvaren."
"MULTIPOLYGON (((580291.480539771 6570757.70559831,580296.763355624 6570752.71070843,580293.996762487 6570749.74381897,580288.826613324 6570754.76374589,580291.480539771 6570757.70559831)))",950,SØ,Øvre Langgate 57/59,"45970",,31,Sivile konstruksjoner,Bygning,29.03,0,0,0,0,1,0,"4",,,,,,,,"1982",Riksantikvaren,259,TV,,C35854,"Flodin, Lena, Peter Germer og Jan Lindh. 1983. Rapport over de arkeologiske utgravningene i Øvre Langgate 57/59, Tønsberg, 1982. Riksantikvaren."
"MULTIPOLYGON (((580301.603354461 6570732.32608764,580301.737462487 6570732.32608765,580301.882746181 6570732.21991879,580301.994502871 6570732.01875675,580301.988915037 6570731.79524337,580301.731874653 6570731.9125879,580301.553063951 6570732.02993242,580301.603354461 6570732.32608764)),((580301.525124778 6570731.34262879,580301.530712613 6570731.82877038,580301.681584144 6570731.79524337,580301.804516499 6570731.66113535,580301.849219176 6570731.49908815,580301.748638156 6570731.41527063,580301.597766626 6570731.33145312,580301.525124778 6570731.34262879)))",951,SØ,Øvre Langgate 57/59,"3",,31,Sivile konstruksjoner,Bygning,0.26,0,0,0,0,1,1,"4",,,,,,,,"1982",Riksantikvaren,259,TV,,C35854,"Flodin, Lena, Peter Germer og Jan Lindh. 1983. Rapport over de arkeologiske utgravningene i Øvre Langgate 57/59, Tønsberg, 1982. Riksantikvaren."
"MULTIPOLYGON (((580302.592096122 6570734.11384606,580303.152937714 6570734.59221093,580303.532330554 6570734.19632276,580303.136442372 6570733.65197651,580302.592096122 6570734.11384606)))",952,SØ,Øvre Langgate 57/59,"12",,31,Sivile konstruksjoner,Bygning,0.44,0,0,0,0,1,1,"4",,,,,,,,"1982",Riksantikvaren,259,TV,,C35854,"Flodin, Lena, Peter Germer og Jan Lindh. 1983. Rapport over de arkeologiske utgravningene i Øvre Langgate 57/59, Tønsberg, 1982. Riksantikvaren."
"MULTIPOLYGON (((580300.319862914 6570730.25393629,580299.346637802 6570731.09519867,580299.511591211 6570731.24365673,580300.4353303 6570730.40239435,580300.319862914 6570730.25393629)))",953,SØ,Øvre Langgate 57/59,"36",,32,Sivile konstruksjoner,Gjerde,0.26,0,0,0,0,1,1,"4",,,,,,,,"1982",Riksantikvaren,259,TV,,C35854,"Flodin, Lena, Peter Germer og Jan Lindh. 1983. Rapport over de arkeologiske utgravningene i Øvre Langgate 57/59, Tønsberg, 1982. Riksantikvaren."
"MULTIPOLYGON (((580304.526174843 6570733.43753708,580302.843650071 6570732.00244241,580302.546733935 6570732.29935855,580304.262249387 6570733.73445321,580304.526174843 6570733.43753708)),((580304.938558365 6570733.78393924,580304.641642229 6570734.17982742,580305.499399956 6570734.8561364,580305.812811433 6570734.50973424,580304.938558365 6570733.78393924)))",954,SØ,Øvre Langgate 57/59,"45781",,31,Sivile konstruksjoner,Bygning,1.44,0,0,0,0,0,1,"5",,,,,,,,"1982",Riksantikvaren,259,TV,,C35854,"Flodin, Lena, Peter Germer og Jan Lindh. 1983. Rapport over de arkeologiske utgravningene i Øvre Langgate 57/59, Tønsberg, 1982. Riksantikvaren."
"MULTIPOLYGON (((580310.448002226 6570742.18831542,580310.794404384 6570741.79242724,580308.88094484 6570740.10990247,580308.435570637 6570740.57177201,580310.448002226 6570742.18831542)))",955,SØ,Øvre Langgate 57/59,"118",,31,Sivile konstruksjoner,Bygning,1.5,0,0,0,0,0,1,"5",,,,,,,,"1982",Riksantikvaren,259,TV,,C35854,"Flodin, Lena, Peter Germer og Jan Lindh. 1983. Rapport over de arkeologiske utgravningene i Øvre Langgate 57/59, Tønsberg, 1982. Riksantikvaren."
"MULTIPOLYGON (((580305.808910308 6570735.69906872,580308.610094552 6570737.63620609,580309.571695113 6570738.43057177,580310.198825914 6570738.84865897,580310.519359434 6570738.75110529,580310.491486953 6570738.36089057,580306.25486999 6570735.25310904,580305.808910308 6570735.69906872)))",956,SØ,Øvre Langgate 57/59,"116",,31,Sivile konstruksjoner,Bygning,3.12,1,1,1,0,0,0,"1",1000,1250,,,,,,"1982",Riksantikvaren,259,TV,,C35854,"Flodin, Lena, Peter Germer og Jan Lindh. 1983. Rapport over de arkeologiske utgravningene i Øvre Langgate 57/59, Tønsberg, 1982. Riksantikvaren."
"MULTIPOLYGON (((580300.249515997 6570730.51197147,580300.508521889 6570730.59485337,580300.860769902 6570730.09756205,580300.581043539 6570729.86963687,580300.38419906 6570730.11828252,580300.249515997 6570730.51197147)))",957,SØ,Øvre Langgate 57/59,81B,,36,Sivile konstruksjoner,Vannhåndtering,0.23,0,0,1,1,1,1,"3",1250,1536,,,,,,"1982",Riksantikvaren,259,TV,,C35854,"Flodin, Lena, Peter Germer og Jan Lindh. 1983. Rapport over de arkeologiske utgravningene i Øvre Langgate 57/59, Tønsberg, 1982. Riksantikvaren."
"MULTIPOLYGON (((580294.171410827 6570757.51476147,580293.72674904 6570757.07009968,580292.444468537 6570758.29033434,580292.858107409 6570758.71431419,580294.171410827 6570757.51476147)))",958,SØ,Øvre Langgate 57/59,68/73,,31,Sivile konstruksjoner,Bygning,1.08,0,0,1,1,1,1,"3",1250,1536,,,,,,"1982",Riksantikvaren,259,TV,,C35854,"Flodin, Lena, Peter Germer og Jan Lindh. 1983. Rapport over de arkeologiske utgravningene i Øvre Langgate 57/59, Tønsberg, 1982. Riksantikvaren."
"MULTIPOLYGON (((580299.560056752 6570757.75190235,580300.265289995 6570758.57338283,580300.947273791 6570757.9688972,580303.915453268 6570760.90607741,580304.589687248 6570760.3170914,580302.977725548 6570758.71287952,580304.202196455 6570757.54265732,580303.644209713 6570757.05441891,580302.466237701 6570758.19364186,580300.807777105 6570756.63592887,580299.560056752 6570757.75190235)))",959,SØ,Øvre Langgate 57/59,72/137,,31,Sivile konstruksjoner,Bygning,6.86,0,0,1,1,1,1,"3",1250,1536,,,,,,"1982",Riksantikvaren,259,TV,,C35854,"Flodin, Lena, Peter Germer og Jan Lindh. 1983. Rapport over de arkeologiske utgravningene i Øvre Langgate 57/59, Tønsberg, 1982. Riksantikvaren."
"MULTIPOLYGON (((580300.676540784 6570756.50067553,580303.697673118 6570752.34443567,580302.946755832 6570751.54112881,580302.318080897 6570751.12201218,580298.807979167 6570754.49240837,580300.676540784 6570756.50067553)))",960,SØ,Øvre Langgate 57/59,79/80/101–106,,31,Sivile konstruksjoner,Bygning,11.49,0,0,1,1,1,1,"3",1250,1536,,,,,,"1982",Riksantikvaren,259,TV,,C35854,"Flodin, Lena, Peter Germer og Jan Lindh. 1983. Rapport over de arkeologiske utgravningene i Øvre Langgate 57/59, Tønsberg, 1982. Riksantikvaren."
"MULTIPOLYGON (((580291.004835973 6570752.81085661,580289.339872685 6570754.36315321,580290.303798799 6570755.32707932,580291.655799065 6570753.9375235,580292.281725114 6570753.95004201,580292.081428778 6570753.53693083,580291.430465688 6570753.57448638,580291.004835973 6570752.81085661)))",961,SØ,Øvre Langgate 57/59,121/30,,31,Sivile konstruksjoner,Bygning,3.01,0,0,1,1,1,1,"3",1250,1536,,,,,,"1982",Riksantikvaren,259,TV,,C35854,"Flodin, Lena, Peter Germer og Jan Lindh. 1983. Rapport over de arkeologiske utgravningene i Øvre Langgate 57/59, Tønsberg, 1982. Riksantikvaren."
"MULTIPOLYGON (((580310.864153326 6570753.00507696,580309.14139645 6570751.57212964,580306.951724159 6570752.03904506,580308.320269341 6570753.5363945,580310.864153326 6570753.00507696)))",962,SØ,Øvre Langgate 57/59,48/50,,31,Sivile konstruksjoner,Bygning,4.24,0,0,0,1,1,1,"4",1350,1536,,,,,,"1982",Riksantikvaren,259,TV,,C35854,"Flodin, Lena, Peter Germer og Jan Lindh. 1983. Rapport over de arkeologiske utgravningene i Øvre Langgate 57/59, Tønsberg, 1982. Riksantikvaren."
"MULTIPOLYGON (((580310.928555452 6570752.97287588,580312.68351339 6570752.69916686,580311.475973524 6570751.07301317,580309.237999639 6570751.55602911,580310.928555452 6570752.97287588)))",963,SØ,Øvre Langgate 57/59,"49",,31,Sivile konstruksjoner,Bygning,3.59,0,0,0,1,1,1,"4",1350,1536,,,,,,"1982",Riksantikvaren,259,TV,,C35854,"Flodin, Lena, Peter Germer og Jan Lindh. 1983. Rapport over de arkeologiske utgravningene i Øvre Langgate 57/59, Tønsberg, 1982. Riksantikvaren."
"MULTIPOLYGON (((580198.32782669 6570837.40980861,580199.24064044 6570837.54673068,580202.116003752 6570837.86621549,580204.740343283 6570838.23134099,580205.493414625 6570838.43672408,580206.109563908 6570838.43672408,580206.314947001 6570838.34544271,580209.099028938 6570838.48236477,580209.601076501 6570839.03005302,580210.148764751 6570839.25825646,580210.399788533 6570839.18979543,580210.582351282 6570838.96159199,580211.312602282 6570838.91595129,580211.495165032 6570837.66083239,580210.125944407 6570835.94930661,580208.870825502 6570834.07803843,580207.821089689 6570832.8685602,580207.022377658 6570832.80009917,580204.877265345 6570832.7088178,580204.352397439 6570832.86856021,580203.234200595 6570833.50752983,580201.61395619 6570834.96803183,580199.925250752 6570834.32906221,580199.582945596 6570835.15059458,580198.373467378 6570835.76674386,580197.831484214 6570836.06340833,580197.215334933 6570836.7251983,580197.717382495 6570837.4554493,580198.32782669 6570837.40980861)))",964,NØ,Øvre Langgate 65,156/391,,52,Handel- og næringskonstruksjoner,Jordbruk,53.74,1,0,0,0,0,0,1B,700,1000,814,T-6920A,,,,"1983",Riksantikvaren,292,TW,,C36204,"Flodin, Lena og Christian Runeby. Innberetning over de arkeologiske utgravingene i Tollbodgaten 9–11, Øvre Langgate 65, Tønsberg, 1983. Riksantikvaren."
"MULTIPOLYGON (((580208.389163715 6570833.4354038,580207.126985395 6570835.40357631,580206.026591506 6570836.9374587,580205.559757734 6570837.93781678,580205.659793543 6570838.50468635,580206.260008392 6570838.30461474,580206.059936775 6570837.97116205,580206.360044199 6570837.43763773,580207.327057012 6570836.47062493,580207.693854975 6570836.13717222,580207.827236053 6570835.63699319,580208.294069825 6570834.70332564,580208.843172776 6570834.01694538,580208.389163715 6570833.4354038)))",965,NØ,Øvre Langgate 65,392/398,,31,Sivile konstruksjoner,Bygning,3.65,1,0,0,0,0,0,1A,700,1000,891,T-6917A,T-6918A,,,"1983",Riksantikvaren,292,TW,,C36204,"Flodin, Lena og Christian Runeby. Innberetning over de arkeologiske utgravingene i Tollbodgaten 9–11, Øvre Langgate 65, Tønsberg, 1983. Riksantikvaren."
"MULTIPOLYGON (((580197.239626399 6570836.72046834,580198.092662649 6570837.62681935,580198.279264328 6570837.49353243,580201.691409326 6570837.8667358,580202.517788193 6570838.10665223,580204.010601628 6570838.26659654,580205.55672983 6570838.61314252,580205.74333151 6570838.4798556,580206.356451314 6570838.4798556,580206.409766081 6570838.37322607,580207.689320455 6570838.45319821,580207.875922134 6570838.55982775,580209.262106039 6570838.61314252,580209.901883226 6570839.14629016,580210.168457053 6570839.2529197,580210.408373499 6570839.22626231,580210.594975178 6570838.93303111,580210.968178537 6570838.87971635,580211.341381896 6570838.87971635,580211.448011428 6570837.52018982,580208.389163715 6570833.4354038,580207.582690923 6570832.2953428,580207.209487565 6570832.13539849,580206.862941588 6570832.05542634,580206.383108697 6570832.10874112,580205.156869089 6570832.50860186,580204.357147606 6570832.82849044,580204.063916394 6570832.80183307,580203.850657333 6570832.80183307,580203.610740887 6570832.93511998,580201.344863349 6570830.85584413,580200.945002606 6570831.44230655,580200.811715693 6570831.81550991,580200.598456631 6570832.66854616,580200.065308974 6570833.97475791,580198.412551242 6570835.49422873,580197.239626399 6570836.72046834)))",966,NØ,Øvre Langgate 65,,Peterskirkens kirkegård,43,Religiøse konstruksjoner,Gravplass,65.8,0,0,1,1,1,0,"5",1250,1500,1231,T-6180,T-6580,T-6922,T-6923,"1983",Riksantikvaren,292,TW,,C36204,"Flodin, Lena og Christian Runeby. Innberetning over de arkeologiske utgravingene i Tollbodgaten 9–11, Øvre Langgate 65, Tønsberg, 1983. Riksantikvaren."
"MULTIPOLYGON (((580200.964554986 6570837.75531978,580201.629658969 6570837.82183017,580201.795934966 6570837.32300219,580201.795934965 6570837.02370538,580202.061976559 6570836.75766379,580202.361273351 6570836.5913878,580202.693825343 6570836.19232541,580202.926611738 6570835.56047663,580203.62497092 6570834.66258625,580203.092887733 6570834.19701346,580201.696169368 6570836.458367,580200.964554986 6570837.75531978)))",967,NØ,Øvre Langgate 65,"387",,36,Sivile konstruksjoner,Vannhåndtering,2.34,1,1,0,0,0,0,2A,1000,1150,,,,,,"1983",Riksantikvaren,292,TW,,C36204,"Flodin, Lena og Christian Runeby. Innberetning over de arkeologiske utgravingene i Tollbodgaten 9–11, Øvre Langgate 65, Tønsberg, 1983. Riksantikvaren."
"MULTIPOLYGON (((580207.449318825 6570838.35391336,580207.495012836 6570838.41095872,580207.652005035 6570838.41095872,580207.645966872 6570838.1633941,580207.748615618 6570838.12112697,580207.682105221 6570837.82183017,580206.551428448 6570836.49162221,580205.454006875 6570835.52722142,580204.788902892 6570834.56282065,580203.358929327 6570833.29912308,580202.627314945 6570833.69818548,580203.092887733 6570834.19701346,580203.62497092 6570834.66258625,580204.090543709 6570835.09490384,580205.387496477 6570836.15907021,580207.449318825 6570838.35391336)))",968,NØ,Øvre Langgate 65,"403",,36,Sivile konstruksjoner,Vannhåndtering,4.46,1,1,0,0,0,0,2A,1000,1150,,,,,,"1983",Riksantikvaren,292,TW,,C36204,"Flodin, Lena og Christian Runeby. Innberetning over de arkeologiske utgravingene i Tollbodgaten 9–11, Øvre Langgate 65, Tønsberg, 1983. Riksantikvaren."
"MULTIPOLYGON (((580200.964554986 6570837.75531978,580201.629658969 6570837.82183017,580201.795934966 6570837.32300219,580201.795934965 6570837.02370538,580202.061976559 6570836.75766379,580202.361273351 6570836.5913878,580202.693825343 6570836.19232541,580202.926611738 6570835.56047663,580203.62497092 6570834.66258625,580203.092887733 6570834.19701346,580201.696169368 6570836.458367,580200.964554986 6570837.75531978)))",969,NØ,Øvre Langgate 65,"387",,36,Sivile konstruksjoner,Vannhåndtering,2.34,1,1,0,0,0,0,2B,1025,1150,,,,,,"1983",Riksantikvaren,292,TW,,C36204,"Flodin, Lena og Christian Runeby. Innberetning over de arkeologiske utgravingene i Tollbodgaten 9–11, Øvre Langgate 65, Tønsberg, 1983. Riksantikvaren."
"MULTIPOLYGON (((580207.495012836 6570838.41095872,580207.495012836 6570838.41095872,580207.561047275 6570838.45993985,580209.010050605 6570838.51009765,580208.481493035 6570837.89796484,580207.578576563 6570837.21527191,580207.468464798 6570836.95100367,580207.221037545 6570836.85107112,580205.90080972 6570835.55360584,580204.788902892 6570834.56282065,580203.358929327 6570833.29912308,580202.718649562 6570832.91516823,580202.535689303 6570832.82663907,580202.470767919 6570832.60826714,580200.965772227 6570831.56362307,580200.71198864 6570832.11250387,580201.797946315 6570832.92107017,580202.152062949 6570833.35191208,580202.506179583 6570833.78275398,580203.092887733 6570834.19701346,580203.62497092 6570834.66258625,580204.090543709 6570835.09490384,580205.387496477 6570836.15907021,580207.495012836 6570838.41095872)))",970,NØ,Øvre Langgate 65,383/403,,36,Sivile konstruksjoner,Vannhåndtering,8.21,1,1,0,0,0,0,2B,1025,1150,,,,,,"1983",Riksantikvaren,292,TW,,C36204,"Flodin, Lena og Christian Runeby. Innberetning over de arkeologiske utgravingene i Tollbodgaten 9–11, Øvre Langgate 65, Tønsberg, 1983. Riksantikvaren."
"MULTIPOLYGON (((580202.441724689 6570837.99575881,580203.144574935 6570838.05600312,580203.586366521 6570838.09616599,580203.747018006 6570838.2166546,580205.413777168 6570838.47771327,580206.297360337 6570838.57812044,580206.458011823 6570838.31706177,580207.58257222 6570838.41746896,580204.771171227 6570835.70647514,580202.441724689 6570837.99575881)))",971,NØ,Øvre Langgate 65,344/374,,31,Sivile konstruksjoner,Bygning,6.92,0,1,0,0,0,0,"3",1150,1200,,,,,,"1983",Riksantikvaren,292,TW,,C36204,"Flodin, Lena og Christian Runeby. Innberetning over de arkeologiske utgravingene i Tollbodgaten 9–11, Øvre Langgate 65, Tønsberg, 1983. Riksantikvaren."
"MULTIPOLYGON (((580203.094371347 6570834.24053034,580201.36736788 6570836.95152416,580200.94565773 6570837.85518876,580201.68867085 6570837.97567738,580202.311195357 6570836.77079123,580202.612416892 6570836.34908108,580202.913638426 6570835.80688232,580203.255022833 6570835.20443925,580203.596407239 6570834.7224848,580203.094371347 6570834.24053034)))",972,NØ,Øvre Langgate 65,"387",,36,Sivile konstruksjoner,Vannhåndtering,2.82,0,1,0,0,0,0,"3",1150,1200,,,,,,"1983",Riksantikvaren,292,TW,,C36204,"Flodin, Lena og Christian Runeby. Innberetning over de arkeologiske utgravingene i Tollbodgaten 9–11, Øvre Langgate 65, Tønsberg, 1983. Riksantikvaren."
"MULTIPOLYGON (((580207.572531504 6570832.75450409,580205.845528036 6570835.23456141,580209.600756506 6570837.91543307,580210.644991162 6570836.50973256,580208.034404523 6570832.864952,580207.572531504 6570832.75450409)))",973,NØ,Øvre Langgate 65,"390",,31,Sivile konstruksjoner,Bygning,11.8,0,1,0,0,0,0,"3",1150,1200,,,,,,"1983",Riksantikvaren,292,TW,,C36204,"Flodin, Lena og Christian Runeby. Innberetning over de arkeologiske utgravingene i Tollbodgaten 9–11, Øvre Langgate 65, Tønsberg, 1983. Riksantikvaren."
"MULTIPOLYGON (((580163.798300382 6570819.58767818,580185.143834604 6570820.87964473,580185.432721534 6570819.1784217,580193.810442486 6570819.59570282,580204.566400227 6570819.97349508,580205.4231676 6570809.87854037,580205.4231676 6570809.87854037,580193.393161366 6570809.16367481,580186.07469249 6570808.61799949,580186.074692489 6570806.88467792,580165.001939553 6570805.69193951,580164.553582813 6570811.3924752,580164.233327999 6570813.69830986,580163.798300382 6570819.58767818)))",974,NØ,Peterskirken - Gotisk,"85259",Peterskirken - Gotisk,41,Religiøse konstruksjoner,Kirke,498.81,0,0,1,1,1,1,,1250,1536,,,,,,"1983",Riksantikvaren,292,TW,,C36205,"Flodin, Lena og Christian Runeby. Innberetning over de arkeologiske utgravingene i Tollbodgaten 9–11, Øvre Langgate 65, Tønsberg, 1983. Riksantikvaren."
"MULTIPOLYGON (((580205.845528036 6570835.23456141,580210.461688264 6570839.06631802,580210.568317795 6570838.45319822,580210.701604709 6570837.7067915,580210.701604709 6570837.33358814,580210.88820639 6570836.80044048,580208.034404523 6570832.864952,580207.572531504 6570832.75450409,580205.845528036 6570835.23456141)))",975,NØ,Øvre Langgate 65,"376",,31,Sivile konstruksjoner,Bygning,14.36,0,0,1,0,0,0,"4",1200,1250,,,,,,"1983",Riksantikvaren,292,TW,,C36206,"Flodin, Lena og Christian Runeby. Innberetning over de arkeologiske utgravingene i Tollbodgaten 9–11, Øvre Langgate 65, Tønsberg, 1983. Riksantikvaren."
"MULTIPOLYGON (((580163.798300382 6570819.58767818,580185.143834604 6570820.87964473,580185.432721534 6570819.1784217,580193.810442486 6570819.59570282,580194.837596012 6570819.05002751,580195.736355348 6570818.40805655,580196.282030658 6570817.66978996,580196.924001613 6570816.73893207,580197.309184186 6570815.67968,580197.405479829 6570814.07475261,580196.924001613 6570812.30933249,580196.249932111 6570811.25008041,580195.351172775 6570810.38341963,580194.805497465 6570809.74144867,580193.393161366 6570809.16367481,580186.07469249 6570808.61799949,580186.074692489 6570806.88467792,580165.001939553 6570805.69193951,580163.798300382 6570819.58767818)))",976,NØ,Peterskirken - Romansk,"85259",Peterskirken - Romansk,41,Religiøse konstruksjoner,Kirke,409.96,0,1,1,0,0,0,,1150,1250,,,,,,"1983",Riksantikvaren,292,TW,,C36207,"Flodin, Lena og Christian Runeby. Innberetning over de arkeologiske utgravingene i Tollbodgaten 9–11, Øvre Langgate 65, Tønsberg, 1983. Riksantikvaren."
"MULTIPOLYGON (((580186.759073805 6570816.95271004,580187.31670562 6570817.43838935,580188.485933615 6570816.88075754,580189.871019085 6570815.92738703,580190.266757791 6570815.69354143,580190.140840931 6570815.51366019,580190.194805299 6570815.36975522,580190.302734037 6570815.3517671,580190.590544005 6570815.40573146,580190.698472743 6570815.33377897,580190.608532129 6570815.22585022,580190.176817177 6570815.00999276,580189.9609597 6570814.75815904,580190.086876561 6570814.34443221,580190.356698406 6570814.20052722,580190.716460866 6570814.36242033,580191.094211449 6570814.56028967,580191.256104555 6570814.27247972,580190.914330219 6570814.25449158,580190.644508374 6570813.93070537,580189.331375395 6570814.63224218,580189.529244748 6570815.1179215,580189.655161609 6570815.58561269,580189.691137855 6570815.81945829,580189.637173486 6570815.90939891,580189.385339764 6570816.05330389,580189.169482287 6570815.94537515,580188.647826721 6570815.69354143,580188.629838598 6570816.50300696,580187.028895651 6570816.57495946,580186.95694316 6570816.80880505,580186.759073805 6570816.95271004)),((580186.201441992 6570817.13259127,580186.075525132 6570817.56430623,580187.010907528 6570817.63625871,580187.136824389 6570817.56430623,580186.579192574 6570817.34844875,580186.201441992 6570817.13259127)))",977,NØ,Øvre Langgate 65/67,"86",,52,Handel- og næringskonstruksjoner,Jordbruk,3.11,1,0,0,0,0,0,"1",700,1000,370,Ua-1750,,,,"1985",Riksantikvaren,416,TX,,C36204,"Blohme, Mats og Christian Runeby. Innberetning over de arkeologiske utgravingene i Øvre Langgate 65/67 (1985), Tønsberg, 1985. Riksantikvaren."
"MULTIPOLYGON (((580196.670547331 6570832.27674676,580197.52165722 6570832.7023017,580198.707131707 6570833.09745987,580199.862209412 6570833.46222125,580201.017287118 6570833.73579228,580201.625222753 6570832.18555641,580201.351651717 6570832.00317571,580201.108477463 6570831.91198538,580200.804509647 6570831.8815886,580200.500541828 6570831.76000147,580200.226970793 6570831.57762078,580200.014193321 6570831.547224,580199.223876996 6570831.66881112,580198.58554458 6570831.63841434,580198.038402508 6570831.60801755,580197.643244346 6570831.57762078,580196.670547331 6570832.27674676)))",978,NØ,Øvre Langgate 65/67,"109",,33,Sivile konstruksjoner,Grøft,6.62,0,1,0,0,0,0,"1",700,1000,1115,T-6940,,,,"1985",Riksantikvaren,416,TX,,C36204,"Blohme, Mats og Christian Runeby. Innberetning over de arkeologiske utgravingene i Øvre Langgate 65/67 (1985), Tønsberg, 1985. Riksantikvaren."
"MULTIPOLYGON (((580201.584194778 6570815.16652288,580201.070455059 6570815.52916268,580200.617155306 6570815.74070256,580200.254515504 6570815.98246242,580200.224295522 6570816.1940023,580200.04297562 6570816.28466225,580199.831435735 6570816.34510223,580199.710555801 6570816.4055422,580198.834176279 6570817.00994187,580197.020977269 6570818.15830124,580196.174817731 6570818.9440208,580193.364359264 6570821.24073956,580190.31214093 6570823.32591842,580187.350582547 6570824.71603765,580187.834102283 6570825.41109727,580191.672040188 6570823.26547846,580193.394579248 6570821.93579918,580195.207778258 6570820.72699984,580198.743516329 6570818.09786128,580199.61989585 6570817.43302164,580200.707815257 6570816.73796202,580201.644634746 6570815.98246243,580201.916614597 6570815.74070256,580201.584194778 6570815.16652288)))",979,NØ,Øvre Langgate 65/67,"43070",,36,Sivile konstruksjoner,Vannhåndtering,13.01,1,1,0,0,0,0,3A,1075,1125,1129,T-6941,,,,"1985",Riksantikvaren,416,TX,,C36204,"Blohme, Mats og Christian Runeby. Innberetning over de arkeologiske utgravingene i Øvre Langgate 65/67 (1985), Tønsberg, 1985. Riksantikvaren."
"MULTIPOLYGON (((580184.900620123 6570817.05232459,580185.703364146 6570817.88015436,580186.23016491 6570817.93032585,580187.057994684 6570817.65438261,580188.312282219 6570816.97706733,580189.641827005 6570816.1241518,580190.620171282 6570815.69769405,580191.573429809 6570815.27123629,580193.003317599 6570814.46849227,580193.479946862 6570814.16746326,580193.75589012 6570814.24272051,580194.107090631 6570814.44340651,580194.533548392 6570814.21763476,580197.017037712 6570813.51523374,580198.296410996 6570812.91317572,580199.299841024 6570812.01008869,580199.87681329 6570811.03174441,580199.45035553 6570809.30082761,580198.923554764 6570809.60185663,580195.411549666 6570811.43311643,580194.809491649 6570811.73414543,580190.971371792 6570814.04203451,580190.89611454 6570814.01694875,580190.695428535 6570813.89152,580187.760395704 6570815.44683655,580184.900620123 6570817.05232459)))",980,NØ,Øvre Langgate 65/67,"16, 46, 54, 95",,43,Religiøse konstruksjoner,Gravplass,29.83,0,0,1,0,0,0,"2",1000,1075,1161,T-6942,T-6943,T-6944,T-6945,"1985",Riksantikvaren,416,TX,,C36204,"Blohme, Mats og Christian Runeby. Innberetning over de arkeologiske utgravingene i Øvre Langgate 65/67 (1985), Tønsberg, 1985. Riksantikvaren."
"MULTIPOLYGON (((580199.305340403 6570835.93086712,580199.499649778 6570835.974047,580199.715549083 6570835.67178797,580200.190527554 6570835.23998936,580200.557556373 6570834.89455047,580200.795045609 6570834.48434179,580200.989354984 6570833.98777339,580196.304340061 6570832.49806818,580194.879404646 6570833.68551436,580199.305340403 6570835.93086712)))",981,NØ,Øvre Langgate 65/67,"76",,52,Handel- og næringskonstruksjoner,Jordbruk,10.49,1,0,0,0,0,0,"1",700,1000,,,,,,"1985",Riksantikvaren,416,TX,,C36204,"Blohme, Mats og Christian Runeby. Innberetning over de arkeologiske utgravingene i Øvre Langgate 65/67 (1985), Tønsberg, 1985. Riksantikvaren."
"MULTIPOLYGON (((580186.153121513 6570817.34363031,580187.236543329 6570817.45418354,580188.67373553 6570816.59186823,580189.956153189 6570815.97277005,580192.122996819 6570814.93356954,580194.864717329 6570813.73959447,580195.218487718 6570813.23104954,580194.953159926 6570812.76672591,580194.53305759 6570812.39084487,580193.427525126 6570812.54561941,580191.570230587 6570813.71748382,580190.86268981 6570814.09336486,580190.685804615 6570813.91647967,580188.916952673 6570814.91145889,580188.253633194 6570815.26522927,580187.324985925 6570815.70744226,580186.683777096 6570816.01699135,580186.462670603 6570816.19387654,580186.57322385 6570816.48131499,580186.462670603 6570816.81297472,580186.307896058 6570817.10041315,580186.153121513 6570817.34363031)))",982,NØ,Øvre Langgate 65/67,,Gravplass til Peterskirkens forgjenger,43,Religiøse konstruksjoner,Gravplass,13.6,1,0,0,0,0,0,3B,,,1038,T-6937,T-6938,T-6939,,"1985",Riksantikvaren,416,TX,,C36204,"Blohme, Mats og Christian Runeby. Innberetning over de arkeologiske utgravingene i Øvre Langgate 65/67 (1985), Tønsberg, 1985. Riksantikvaren."
"MULTIPOLYGON (((580192.931512018 6570812.91504323,580193.175094101 6570813.68638649,580193.229223453 6570814.10588897,580193.31041748 6570814.33593871,580193.445740858 6570814.45772976,580193.919372686 6570814.25474467,580194.907233352 6570813.68638649,580195.245541798 6570813.32101337,580195.001959718 6570812.92857557,580194.609521918 6570812.56320245,580194.365939836 6570812.64439647,580193.987034375 6570812.61733179,580193.689322941 6570812.40081439,580192.931512018 6570812.91504323)))",983,NØ,Øvre Langgate 65/67,"41",,43,Religiøse konstruksjoner,Gravplass,2.89,0,0,0,0,1,1,4A,1475,1525,,,,,,"1985",Riksantikvaren,416,TX,,C36204,"Blohme, Mats og Christian Runeby. Innberetning over de arkeologiske utgravingene i Øvre Langgate 65/67 (1985), Tønsberg, 1985. Riksantikvaren."
"MULTIPOLYGON (((580199.333825352 6570827.26961397,580198.945995117 6570826.6684771,580198.829646046 6570826.80421769,580198.810254534 6570826.99813281,580198.635730928 6570827.19204793,580198.422424299 6570827.17265641,580198.170334645 6570827.07569885,580197.898853481 6570826.93995828,580197.685546851 6570827.05630735,580196.851711845 6570827.57987816,580196.289358003 6570828.06466596,580195.92091928 6570828.21979805,580195.571872068 6570828.56884526,580195.261607881 6570828.89850095,580194.738037062 6570829.16998212,580194.524730433 6570829.51902934,580194.001159615 6570830.04260016,580192.566187744 6570830.87643515,580192.19774902 6570831.24487389,580191.325130991 6570832.05931738,580189.967725167 6570832.99010994,580190.336163891 6570833.55246378,580190.452512961 6570833.84333646,580190.491295986 6570834.03725157,580190.355555402 6570834.09542612,580189.967725167 6570834.28934124,580189.366588302 6570834.65777996,580188.78484295 6570835.00682717,580188.338838178 6570835.37526589,580188.300055154 6570835.47222345,580188.493970272 6570835.58857252,580189.192064696 6570835.66613857,580189.928942143 6570835.23952531,580190.588253544 6570834.94865264,580191.305739479 6570834.65777996,580191.53843762 6570834.42508182,580191.984442391 6570834.01786007,580192.488621698 6570833.70759587,580192.818277397 6570833.39733169,580193.128541585 6570833.16463355,580193.690895427 6570832.48593064,580194.679862527 6570831.74905319,580196.231183469 6570830.37225585,580198.441815811 6570828.31675561,580199.333825352 6570827.26961397)))",984,NØ,Øvre Langgate 65/67,"91",,36,Sivile konstruksjoner,Vannhåndtering,21.25,0,1,0,0,0,0,"3",,,,,,,,"1985",Riksantikvaren,416,TX,,C36204,"Blohme, Mats og Christian Runeby. Innberetning over de arkeologiske utgravingene i Øvre Langgate 65/67 (1985), Tønsberg, 1985. Riksantikvaren."
"MULTIPOLYGON (((580199.583210543 6570824.05668626,580198.962444079 6570824.31210006,580198.541192075 6570824.89537206,580198.281960071 6570825.64066407,580197.569072064 6570826.19153207,580196.046084048 6570826.90442008,580195.39800404 6570827.19605609,580194.749924033 6570828.1681761,580194.393480029 6570828.4598121,580193.421360017 6570828.3950041,580192.935300014 6570828.68664009,580191.541927997 6570830.24203212,580190.829039989 6570830.53366812,580190.051343981 6570830.82530413,580189.856919978 6570830.82530413,580188.812220691 6570830.96833957,580190.472595985 6570833.90368416,580190.224269681 6570834.17366532,580189.80269975 6570834.37110979,580188.491303333 6570835.23104187,580188.24407286 6570835.51589436,580188.598794842 6570835.62338588,580188.894396494 6570835.68788079,580189.403263974 6570835.75071218,580190.148555982 6570835.68590418,580190.327849151 6570835.64495483,580190.602211987 6570835.75071218,580190.71906487 6570835.77521764,580190.982419069 6570835.71609731,580191.250291994 6570835.78311618,580191.444715996 6570836.07475219,580191.412311996 6570836.39879218,580191.310268173 6570836.54378192,580191.358639352 6570836.65664802,580191.498378316 6570836.66739717,580191.793979966 6570836.57065481,580192.046585015 6570836.55453107,580192.481925628 6570836.63514972,580192.870492013 6570836.82004418,580193.207493318 6570837.09198863,580193.71299602 6570837.3061042,580195.235984038 6570837.4357202,580197.018204058 6570837.75976019,580197.507153704 6570837.84442919,580198.152344071 6570837.8893762,580198.254219697 6570837.8444292,580198.259594272 6570837.70469024,580198.152102762 6570837.5595767,580198.130935922 6570837.4739088,580198.141353611 6570837.2962225,580198.261477459 6570837.09860189,580198.848914386 6570836.46221189,580199.713752082 6570835.74423342,580200.516652595 6570834.94095753,580200.921261317 6570834.17773495,580201.051802855 6570833.50463014,580201.296568242 6570832.9865434,580201.49238055 6570832.63979245,580201.802416705 6570831.37109187,580201.745057541 6570831.19070198,580201.198662087 6570830.65311339,580200.5296367 6570829.7515609,580200.121694391 6570828.77249936,580200.741766701 6570828.52773396,580201.117073625 6570828.10347397,580201.198662087 6570827.51603704,580201.247615164 6570826.83069396,580200.823355164 6570826.14535088,580200.415412853 6570825.57423165,580200.235918236 6570825.06838319,580200.18696516 6570824.74202934,580199.811658236 6570824.3993578,580199.811658237 6570823.9587801,580199.583210543 6570824.05668626)))",985,NØ,Øvre Langgate 65/67,,,43,Religiøse konstruksjoner,Gravplass,105.61,0,1,1,1,1,0,"4",,1536,,,,,,"1985",Riksantikvaren,416,TX,,C36204,"Blohme, Mats og Christian Runeby. Innberetning over de arkeologiske utgravingene i Øvre Langgate 65/67 (1985), Tønsberg, 1985. Riksantikvaren."
"MULTIPOLYGON (((580179.642478661 6570817.10967196,580179.388416684 6570816.7969803,580174.463522976 6570819.27082736,580173.81208201 6570820.21541677,580174.815301098 6570820.7088833,580176.873854553 6570819.79035154,580179.642478661 6570817.10967196)))",992,NØ,Øvre Langgate 69,SL20271,Kirkegårdslag,43,Religiøse konstruksjoner,Gravplass,7.32,0,0,1,0,0,0,,,,1239,UBA-44449,,,,"2010",NIKU,,,1563553,C59052,NIKU Oppdragsrapport 43/2012
"MULTIPOLYGON (((580319.2059698 6570613.35417228,580319.248045373 6570613.3164614,580319.275999999 6570613.322,580319.447 6570613.11,580319.596 6570612.783,580319.387 6570612.756,580319.346432666 6570612.74186686,580319.277 6570612.625,580319.365 6570612.683,580319.583 6570612.704,580319.645 6570612.622,580319.83 6570612.37,580320.006000001 6570612.09699999,580319.565 6570611.834,580319.282 6570611.79099999,580319.057 6570611.575,580318.707 6570611.405,580318.408000001 6570611.237,580318.178 6570611.362,580317.9774 6570611.5257,580317.972836656 6570611.52594366,580317.907942195 6570611.47850476,580318.017000001 6570611.337,580317.941000001 6570611.25299999,580317.839598472 6570611.42231264,580317.754 6570611.346,580317.6968 6570611.2999,580317.658 6570611.207,580317.525 6570611.11899999,580317.511765633 6570611.11845183,580317.552 6570611.08,580317.572 6570610.975,580317.455 6570610.99699999,580317.341489029 6570611.10528349,580317.234750662 6570611.05587888,580317.047011593 6570610.93555992,580317.118 6570610.706,580317.02 6570610.7,580316.976372842 6570610.89028867,580316.965 6570610.883,580316.962906052 6570610.88202607,580317.01 6570610.739,580316.609 6570610.55199999,580316.560265809 6570610.65333617,580316.555 6570610.65,580316.514217061 6570610.70424131,580316.483 6570610.688,580316.403160084 6570610.87109022,580316.343000001 6570610.89499999,580316.370137202 6570610.91486563,580316.2687 6570611.0873,580316.03 6570611.41099999,580316.063017045 6570611.47957385,580315.928999999 6570611.395,580315.957 6570611.578,580316.730496944 6570612.02550206,580316.79 6570612.07,580317.012033546 6570612.20128939,580317.022853878 6570612.2102517,580317.053484855 6570612.2558856,580317.054 6570612.258,580317.054704225 6570612.25770221,580317.069 6570612.279,580317.102692704 6570612.2355129,580317.120078639 6570612.22748974,580317.123 6570612.22899999,580317.130653461 6570612.22260973,580317.283210957 6570612.15220836,580317.395546406 6570612.1925498,580317.539620216 6570612.28892683,580317.676731441 6570612.3955689,580317.906 6570612.59799999,580318.399000001 6570613.02499999,580318.540929629 6570613.123771,580318.635 6570613.195,580318.64657923 6570613.19729417,580319.06 6570613.485,580319.169516186 6570613.38684441,580319.212 6570613.356,580319.2059698 6570613.35417228)))",994,SØ,Prestegaten,SA2470,,11,Transport,Veite,4.99,0,0,0,1,0,0,,,,1348,FTMC-KL28-2,,,,"2024",NIKU,2658,,1022557,,
"MULTIPOLYGON (((580312.359 6570609.74999999,580312.444999999 6570609.818,580312.53 6570609.891,580312.607 6570609.935,580312.639000001 6570609.932,580312.650017365 6570609.90206151,580312.673794182 6570609.91389755,580312.651 6570609.939,580312.78 6570610.035,580312.790688209 6570609.98114787,580312.998 6570610.101,580313.112000001 6570610.139,580313.154999999 6570610.128,580313.20700273 6570610.07768842,580313.238 6570610.102,580313.264 6570610.06099999,580313.245311568 6570610.04062539,580313.278 6570610.009,580313.204000001 6570609.86299999,580313.082 6570609.749,580312.861 6570609.67,580312.715 6570609.584,580312.614 6570609.464,580312.476 6570609.572,580312.420000001 6570609.637,580312.382693828 6570609.71865124,580312.359 6570609.74999999)))",995,SØ,Prestegaten,SA7570,,11,Transport,Veite,0.3,0,0,0,0,0,0,,,,,,,,,"2024",NIKU,2658,,1022557,,
"MULTIPOLYGON (((580324.506 6570576.662,580324.515422372 6570576.66668117,580324.505889996 6570576.67828018,580324.497999999 6570576.674,580324.413 6570576.79299999,580324.417856186 6570576.79626859,580324.403228095 6570576.8166683,580324.129 6570577.134,580324.185555358 6570577.10981861,580324.158 6570577.145,580324.204999999 6570577.188,580324.215907463 6570577.17613229,580324.283 6570577.14699999,580324.414 6570577.07899999,580324.502179133 6570576.97443976,580324.557000001 6570576.951,580324.902828782 6570576.69407322,580324.873999999 6570576.748,580324.949 6570576.751,580325.015000001 6570576.76399999,580325.206556094 6570576.43683736,580325.292 6570576.363,580325.501000001 6570575.997,580325.374929952 6570575.92259168,580325.534 6570575.74,580325.619300001 6570575.58309999,580325.743 6570575.453,580325.686 6570575.409,580325.593000001 6570575.538,580325.467 6570575.614,580325.418 6570575.688,580325.4258 6570575.6989,580325.414519829 6570575.70807522,580325.388 6570575.657,580325.252 6570575.779,580325.210612198 6570575.82560903,580325.174 6570575.804,580324.852 6570576.23699999,580324.670429577 6570576.47806808,580324.585610724 6570576.58127584,580324.506 6570576.662)))",996,SV,Prestegaten,SA20077,,14,Transport,Passasje,0.62,0,0,0,0,0,0,,,,,,,,,"2024",NIKU,2658,,1022557,,
"MULTIPOLYGON (((580313.745 6570612.413,580314.015 6570612.592,580314.446 6570612.86399999,580314.87 6570613.087,580315.363000001 6570613.31199999,580315.416 6570613.231,580315.335 6570613.104,580315.263 6570613.049,580315.125 6570612.95699999,580314.667 6570612.762,580314.515 6570612.653,580314.084999999 6570612.443,580313.733 6570612.344,580313.608 6570612.338,580313.745 6570612.413)),((580313.812 6570613.56899999,580314.006999999 6570613.655,580314.242999999 6570613.794,580314.478000001 6570613.922,580314.641000001 6570613.99399999,580314.688000001 6570613.93699999,580314.566123863 6570613.85807069,580314.617 6570613.883,580314.676 6570613.755,580314.765 6570613.616,580314.73820327 6570613.6025009,580314.77 6570613.51799999,580315.034000001 6570613.234,580314.881 6570613.09999999,580314.746 6570613.326,580314.64697874 6570613.55654568,580314.632000001 6570613.54899999,580314.579 6570613.691,580314.51962108 6570613.82795461,580314.478 6570613.80099999,580314.171 6570613.627,580313.875 6570613.51,580313.812 6570613.56899999)),((580315.206 6570613.35499999,580315.054 6570613.305,580315.007 6570613.399,580315.206 6570613.35499999)),((580312.016 6570613.4679,580311.9213 6570613.4254,580311.7094 6570613.3292,580311.71 6570613.326,580311.635 6570613.328,580311.621999999 6570613.359,580311.6966 6570613.3988,580311.692000001 6570613.447,580311.666453338 6570613.56028558,580311.657 6570613.59199999,580311.912 6570613.742,580311.923330459 6570613.7247777,580311.934 6570613.7663,580311.9863 6570613.8059,580312.0768 6570613.7691,580312.188600001 6570613.77469999,580312.268 6570613.69,580312.2508 6570613.622,580312.272 6570613.5683,580312.2716 6570613.5681,580312.272 6570613.56699999,580312.1986 6570613.5395,580312.016 6570613.4679)),((580313.239 6570612.646,580313.349 6570612.512,580313.21 6570612.402,580313.087 6570612.332,580313.049 6570612.421,580313.139 6570612.514,580313.239 6570612.646)),((580314.539 6570612.332,580314.462000001 6570612.21599999,580314.424 6570612.265,580314.539 6570612.332)),((580313.568999999 6570614.063,580313.346000001 6570613.94099999,580313.302 6570614.00399999,580313.520000001 6570614.109,580313.568999999 6570614.063)),((580314.006 6570614.99799999,580314.089999999 6570614.843,580314.048 6570614.771,580314.004 6570614.698,580313.884 6570614.878,580313.786 6570615.085,580314.006 6570614.99799999)),((580312.544 6570610.801,580312.673999999 6570610.597,580312.521 6570610.451,580312.272 6570610.299,580312.344000001 6570610.239,580312.072 6570610.192,580311.91 6570610.319,580311.779 6570610.596,580311.742 6570610.828,580311.766 6570610.961,580311.828182512 6570611.0305269,580311.82 6570611.053,580311.849972164 6570611.05489014,580311.893 6570611.103,580312.063 6570611.124,580312.256 6570611.034,580312.441000001 6570610.959,580312.544 6570610.801)),((580313.983 6570611.864,580313.986 6570611.948,580314.034000001 6570612.028,580314.097 6570612.10299999,580314.182999999 6570612.095,580314.23 6570612.028,580314.27 6570611.928,580314.296 6570611.78099999,580314.223 6570611.715,580314.143 6570611.688,580314.083 6570611.697,580314.025 6570611.778,580313.983 6570611.864)),((580316.47 6570613.04299999,580316.441 6570612.93899999,580316.333 6570612.953,580316.223 6570612.983,580316.201999999 6570613.059,580316.208 6570613.106,580316.234 6570613.141,580316.318 6570613.195,580316.394 6570613.205,580316.463 6570613.181,580316.485000001 6570613.117,580316.47 6570613.04299999)),((580313.213104037 6570611.62115653,580313.327000001 6570611.66099999,580313.387 6570611.58,580313.091 6570611.48899999,580313.044 6570611.562,580313.164163665 6570611.60403605,580313.135999999 6570611.656,580313.181 6570611.663,580313.213104037 6570611.62115653)),((580312.994 6570613.02499999,580313.221 6570613.173,580313.32 6570613.045,580313.059 6570612.836,580312.786 6570612.692,580312.772 6570612.74699999,580313.04 6570612.91999999,580312.994 6570613.02499999)),((580312.545 6570613.54699999,580312.689 6570613.619,580312.809 6570613.629,580312.803 6570613.60699999,580312.784 6570613.55199999,580312.679999999 6570613.461,580312.584 6570613.36199999,580312.457000001 6570613.32599999,580312.372 6570613.448,580312.545 6570613.54699999)),((580314.592 6570612.119,580314.689000001 6570612.131,580314.764 6570612.194,580314.991 6570612.294,580315.159 6570612.33299999,580315.321 6570612.295,580315.232 6570612.22999999,580315.09 6570612.164,580314.907 6570612.084,580314.751 6570612.01599999,580314.559 6570611.994,580314.485 6570612.09999999,580314.592 6570612.119)))",997,SØ,Prestegaten,SA1533,Ubrent bygning,31,Sivile konstruksjoner,Bygning,1.83,0,0,0,1,0,0,,,,1326,FTMC-AB24-1,,,,"2024",NIKU,2658,,1022557,,
"MULTIPOLYGON (((580310.128000001 6570615.988,580310.09295753 6570615.95996601,580310.121 6570615.821,580310.099 6570615.821,580310.032 6570615.714,580309.989 6570615.665,580309.959 6570615.623,580309.876999999 6570615.664,580309.877817393 6570615.66500602,580309.789 6570615.779,580309.751 6570615.862,580309.730026316 6570615.86281293,580309.682 6570615.82,580309.581821217 6570615.84527031,580309.546 6570615.65899999,580309.519160557 6570615.66915391,580309.511000001 6570615.64099999,580309.097445595 6570615.76051136,580309.024 6570615.672,580308.981622189 6570615.74680604,580308.942 6570615.736,580308.903342831 6570615.81660431,580308.594 6570615.906,580308.639880597 6570615.97824875,580308.636 6570615.982,580308.642849592 6570616.00068071,580308.610905517 6570616.01276582,580308.596 6570615.986,580308.607396379 6570616.0140934,580308.605 6570616.015,580308.608977673 6570616.01799147,580308.682 6570616.19799999,580308.6988 6570616.2096,580308.688999999 6570616.153,580308.617301942 6570616.02425187,580308.66451046 6570616.05975579,580308.668412169 6570616.07039683,580308.664 6570616.075,580308.692026348 6570616.08044957,580308.716442957 6570616.09881247,580308.768000001 6570616.17999999,580308.863401908 6570616.19236691,580308.900999999 6570616.216,580309.431 6570616.71199999,580309.779932271 6570616.52234941,580310.080000001 6570616.49399999,580310.08 6570616.482,580310.009916524 6570616.19048255,580310.004 6570616.132,580309.992798759 6570616.11927995,580309.986000001 6570616.09099999,580309.901790822 6570616.01593195,580309.886 6570615.998,580309.864621806 6570615.98279773,580309.848399832 6570615.96833669,580309.851 6570615.969,580310.042 6570615.98999999,580310.049276518 6570615.98983078,580310.076 6570616.04399999,580310.087108551 6570615.98895095,580310.128000001 6570615.988),(580309.021 6570615.75199999,580309.087265428 6570615.76345328,580309.025050352 6570615.78143255,580309.021 6570615.75199999),(580308.971065352 6570615.76544116,580308.949664714 6570615.80321794,580308.935117888 6570615.80742177,580308.971065352 6570615.76544116),(580310.003100001 6570615.8967,580310.002928529 6570615.89588215,580310.003435963 6570615.89691073,580310.003100001 6570615.8967),(580309.901383275 6570615.69401018,580309.981 6570615.792,580309.98119465 6570615.79294544,580309.901383275 6570615.69401018)))",998,SØ,Prestegaten,SA2815,,36,Sivile konstruksjoner,Vannhåndtering,0.99,0,0,0,0,0,0,,,,,,,,,"2024",NIKU,2658,,1022557,,
"MULTIPOLYGON (((580312.601166733 6570613.91706472,580312.651999999 6570613.955,580313.077 6570613.376,580313.02 6570613.336,580312.961 6570613.347,580312.914999999 6570613.386,580312.91 6570613.493,580312.843 6570613.59,580312.738 6570613.67999999,580312.644 6570613.717,580312.565 6570613.748,580312.54 6570613.789,580312.527 6570613.824,580312.569897439 6570613.88390849,580312.519999999 6570613.831,580312.4 6570613.76,580312.201 6570613.649,580312.126 6570613.603,580312.075 6570613.604,580312.019000001 6570613.635,580311.952000001 6570613.68499999,580312.058 6570613.766,580312.059078538 6570613.76677841,580311.987 6570613.86,580311.9759 6570613.8807,580312.118 6570613.974,580312.188 6570613.874,580312.163488721 6570613.84213533,580312.173 6570613.849,580312.313 6570613.98,580312.433 6570614.031,580312.547 6570614.082,580312.636 6570613.954,580312.601166733 6570613.91706472)),((580312.48 6570613.082,580312.497 6570613.03999999,580312.513 6570612.99499999,580312.509 6570612.932,580312.46 6570612.883,580312.385 6570612.867,580312.316999999 6570612.932,580312.25 6570613.04699999,580312.176 6570613.202,580312.076 6570613.39299999,580312.0 6570613.516,580312.124 6570613.602,580312.203 6570613.454,580312.277 6570613.358,580312.338 6570613.295,580312.394000001 6570613.27599999,580312.452 6570613.253,580312.473 6570613.213,580312.506000001 6570613.141,580312.478000001 6570613.114,580312.48 6570613.082)),((580313.174 6570613.264,580313.288 6570613.137,580313.204 6570613.103,580313.182 6570613.089,580313.138 6570613.041,580313.078 6570612.994,580313.041753459 6570612.95817009,580313.111999999 6570613.007,580313.215233437 6570612.90888558,580313.154000001 6570612.99,580313.233 6570613.081,580313.341 6570612.976,580313.384 6570612.896,580313.475 6570612.82,580313.458 6570612.763,580313.460000001 6570612.751,580313.367 6570612.75999999,580313.301042064 6570612.8109675,580313.341000001 6570612.758,580313.323000001 6570612.71999999,580313.275 6570612.704,580313.218999999 6570612.654,580313.137 6570612.694,580313.044 6570612.76,580312.989000001 6570612.87499999,580313.025898634 6570612.9424975,580312.991 6570612.908,580312.88 6570612.823,580312.792000001 6570612.769,580312.731 6570612.726,580312.685 6570612.773,580312.791000001 6570612.84,580312.877 6570612.902,580312.91 6570612.961,580312.92 6570613.01099999,580312.914 6570613.064,580312.936 6570613.10899999,580313.000999999 6570613.135,580313.099000001 6570613.19699999,580313.174 6570613.264)),((580312.756 6570612.661,580312.845999999 6570612.546,580312.942 6570612.403,580312.889 6570612.39,580312.824999999 6570612.382,580312.78 6570612.44899999,580312.665 6570612.583,580312.756 6570612.661)),((580313.143000001 6570612.33499999,580313.083 6570612.326,580313.009 6570612.352,580312.949 6570612.405,580312.873 6570612.521,580312.799 6570612.616,580312.74 6570612.717,580312.829 6570612.765,580312.92 6570612.845,580313.051 6570612.7,580313.139 6570612.609,580313.21 6570612.519,580313.274 6570612.438,580313.220000001 6570612.374,580313.143000001 6570612.33499999)),((580314.739000001 6570612.754,580314.864 6570612.74299999,580314.917000001 6570612.704,580314.86 6570612.646,580314.638 6570612.5,580314.422 6570612.385,580314.345 6570612.456,580314.222000001 6570612.46499999,580314.318 6570612.54899999,580314.572000001 6570612.71799999,580314.739000001 6570612.754)),((580314.424 6570613.946,580314.423 6570613.85799999,580314.266 6570613.709,580314.136 6570613.647,580313.882 6570613.495,580313.732 6570613.389,580313.592 6570613.562,580313.94 6570613.746,580314.130000001 6570613.856,580314.323 6570613.985,580314.424 6570613.946)),((580313.122 6570614.23599999,580313.133000002 6570614.24228571,580313.118 6570614.235,580312.997 6570614.344,580313.125 6570614.446,580313.413 6570614.636,580313.578 6570614.726,580313.67 6570614.767,580313.732 6570614.70199999,580313.746 6570614.591,580313.701 6570614.488,580313.598 6570614.454,580313.504 6570614.427,580313.39 6570614.376,580313.257799885 6570614.30475443,580313.336 6570614.334,580313.443 6570614.254,580313.525 6570614.18299999,580313.578 6570614.08,580313.423 6570613.962,580313.309 6570614.054,580313.178999999 6570614.167,580313.122 6570614.23599999)),((580313.933 6570612.657,580313.950291343 6570612.64145366,580313.955000001 6570612.66,580314.007 6570612.73299999,580314.144999999 6570612.725,580314.271 6570612.73,580314.281000001 6570612.67199999,580314.219 6570612.489,580314.15 6570612.337,580314.014 6570612.397,580313.906 6570612.467,580313.932963523 6570612.57320325,580313.886 6570612.598,580313.933 6570612.657)))",999,SØ,Prestegaten,SA3656,Brent bygning A,31,Sivile konstruksjoner,Bygning,1.38,0,0,1,0,0,0,,,,1250,FTMC-AB24-2,,,,"2024",NIKU,2658,,1022557,,
"MULTIPOLYGON (((580313.636000001 6570614.89399999,580313.531 6570615.106,580313.604 6570615.14,580313.744 6570615.082,580313.744229127 6570615.08122164,580313.948 6570614.969,580313.960474951 6570614.94747833,580313.995580054 6570614.93563563,580313.952 6570614.974,580314.136 6570614.889,580314.403 6570614.72199999,580314.328 6570614.64299999,580314.219666954 6570614.73836764,580314.282000001 6570614.64199999,580314.478000001 6570614.292,580314.413575221 6570614.20088496,580314.507 6570614.05799999,580314.5494 6570613.9928,580314.628 6570613.903,580314.933 6570613.43399999,580315.087000001 6570613.12199999,580315.27 6570612.843,580315.2538 6570612.8002,580315.231 6570612.711,580315.181 6570612.557,580315.1779 6570612.56229999,580315.176154874 6570612.55610179,580315.188999999 6570612.537,580315.023 6570612.45499999,580314.907999999 6570612.51,580314.782 6570612.626,580314.664 6570612.804,580314.751000001 6570612.876,580314.791 6570612.964,580314.76765649 6570612.99119134,580314.728999999 6570612.95,580314.69 6570612.881,580314.666 6570612.833,580314.623 6570612.774,580314.59 6570612.835,580314.513999999 6570612.898,580314.642000001 6570613.00499999,580314.721881729 6570613.04451138,580314.7 6570613.06999999,580314.703 6570613.16199999,580314.449 6570613.567,580314.202 6570613.993,580314.003 6570614.374,580313.772 6570614.673,580313.69482253 6570614.79841338,580313.658 6570614.81699999,580313.660553972 6570614.8540998,580313.636000001 6570614.89399999),(580314.240784749 6570614.16169204,580314.464 6570613.798,580314.677 6570613.32,580314.707651034 6570613.27167057,580314.7021 6570613.2991,580314.685 6570613.325,580314.476 6570613.799,580314.240784749 6570614.16169204),(580314.159697637 6570614.29380998,580314.1347 6570614.3382,580314.047422823 6570614.47680277,580314.089 6570614.409,580314.159697637 6570614.29380998),(580313.75278355 6570615.05216175,580313.753481739 6570615.04978998,580313.753747121 6570615.04964005,580313.75278355 6570615.05216175)),((580313.089 6570614.621,580313.047 6570614.704,580313.103 6570614.743,580313.184 6570614.651,580313.186 6570614.595,580313.201 6570614.476,580313.225 6570614.373,580313.11 6570614.32099999,580313.081 6570614.414,580313.063 6570614.516,580313.043 6570614.559,580313.089 6570614.621)),((580313.124 6570614.309,580313.208 6570614.36099999,580313.278000001 6570614.27499999,580313.314 6570614.198,580313.326 6570614.109,580313.243 6570614.129,580313.167999999 6570614.198,580313.148 6570614.243,580313.124 6570614.309)),((580313.328000001 6570614.10599999,580313.39 6570614.03,580313.391717472 6570614.02753204,580313.436 6570614.064,580313.554067194 6570614.14271146,580313.543 6570614.16199999,580313.482000001 6570614.17599999,580313.452 6570614.201,580313.433999999 6570614.301,580313.387 6570614.354,580313.366 6570614.42799999,580313.338 6570614.468,580313.322999999 6570614.566,580313.365 6570614.577,580313.331 6570614.621,580313.281000001 6570614.672,580313.224 6570614.715,580313.171 6570614.802,580313.245000001 6570614.871,580313.355 6570614.67899999,580313.447 6570614.526,580313.601 6570614.317,580313.69 6570614.187,580313.764 6570614.05,580313.73185649 6570614.03654458,580313.737 6570614.023,580313.576 6570613.947,580313.497010306 6570613.87622889,580313.509 6570613.85899999,580313.597 6570613.754,580313.678493334 6570613.66741333,580313.715 6570613.661,580313.683 6570613.554,580313.599000001 6570613.51899999,580313.553955223 6570613.58656716,580313.523 6570613.572,580313.386 6570613.74199999,580313.177 6570614.03,580312.966 6570614.273,580312.833 6570614.423,580312.809 6570614.493,580312.837000001 6570614.57099999,580312.952 6570614.65799999,580312.957000001 6570614.56599999,580313.056 6570614.391,580313.131999999 6570614.255,580313.176000001 6570614.13299999,580313.244 6570614.105,580313.328000001 6570614.10599999)),((580314.319000001 6570612.832,580314.237000001 6570612.73099999,580314.18 6570612.696,580314.173190476 6570612.70155238,580314.045 6570612.599,580313.95 6570612.715,580313.868 6570612.854,580313.804 6570612.971,580313.865999999 6570613.025,580313.975 6570612.926,580314.052 6570612.82499999,580314.062382035 6570612.81683279,580314.032 6570612.856,580313.937 6570612.976,580313.883 6570613.023,580313.876 6570613.109,580313.85 6570613.152,580313.779 6570613.25399999,580313.713 6570613.385,580313.635999999 6570613.512,580313.686 6570613.54699999,580313.724000001 6570613.547,580313.889 6570613.284,580313.963 6570613.303,580314.049 6570613.195,580314.10422054 6570613.13440401,580314.071 6570613.206,580313.977 6570613.31,580313.894 6570613.43999999,580313.865 6570613.513,580313.865999999 6570613.605,580313.903000001 6570613.69,580313.981 6570613.66999999,580314.059 6570613.605,580314.096 6570613.523,580314.147 6570613.427,580314.236000001 6570613.303,580314.329999999 6570613.177,580314.339 6570613.103,580314.297999999 6570613.023,580314.291 6570612.913,580314.215113793 6570612.97859655,580314.235 6570612.944,580314.319000001 6570612.832)),((580313.719 6570612.747,580313.649000001 6570612.90299999,580313.783999999 6570612.979,580313.869000001 6570612.84099999,580313.948 6570612.684,580314.029 6570612.595,580314.004971428 6570612.570633,580314.14 6570612.64099999,580314.283 6570612.752,580314.408000001 6570612.848,580314.48 6570612.699,580314.465491381 6570612.68300754,580314.502 6570612.704,580314.556 6570612.63499999,580314.604 6570612.577,580314.454 6570612.463,580314.325 6570612.373,580314.171 6570612.286,580313.977 6570612.18099999,580313.945 6570612.259,580313.920457144 6570612.30808571,580313.918 6570612.30599999,580313.879 6570612.355,580313.883 6570612.43999999,580313.887515793 6570612.45152306,580313.887 6570612.451,580313.776 6570612.608,580313.719 6570612.747),(580313.926400001 6570612.31313023,580314.068360191 6570612.40474408,580314.003999999 6570612.379,580313.926400001 6570612.31313023)),((580313.037 6570613.255,580313.077 6570613.102,580313.076999999 6570612.971,580313.05828519 6570612.79605721,580313.073 6570612.771,580313.184 6570612.546,580313.357 6570612.268,580313.545 6570611.929,580313.489 6570611.897,580313.453000001 6570611.846,580313.52 6570611.627,580313.488 6570611.618,580313.361999999 6570611.804,580313.208 6570612.045,580313.13 6570612.182,580312.99 6570612.374,580312.806 6570612.659,580312.621 6570612.95799999,580312.551854063 6570613.07086401,580312.563 6570613.046,580312.5606 6570613.0448,580312.608 6570612.961,580312.801 6570612.659,580312.972 6570612.369,580313.137 6570612.149,580313.092 6570612.029,580313.106 6570611.931,580313.154000001 6570611.83399999,580313.110000001 6570611.80799999,580313.047000001 6570611.86499999,580312.968 6570611.805,580312.849000001 6570611.99199999,580312.764596749 6570612.11721362,580312.747 6570612.106,580312.735339244 6570612.09759585,580312.737999999 6570612.093,580312.825 6570611.98099999,580312.911 6570611.86499999,580312.975 6570611.753,580312.883 6570611.704,580312.8 6570611.831,580312.726 6570611.78399999,580312.666 6570611.876,580312.589 6570611.961,580312.52 6570611.914,580312.508906275 6570611.93050191,580312.507 6570611.929,580312.474465241 6570611.97342246,580312.526 6570611.895,580312.617000001 6570611.75699999,580312.687000001 6570611.668,580312.601000001 6570611.60699999,580312.538 6570611.576,580312.481 6570611.659,580312.462536153 6570611.68738472,580312.498 6570611.607,580312.454 6570611.592,580312.379 6570611.677,580312.298 6570611.779,580312.235 6570611.955,580312.182 6570612.063,580312.148999999 6570612.146,580312.145196531 6570612.15053179,580312.179 6570612.07,580312.083 6570612.03999999,580311.947 6570612.003,580311.94 6570612.093,580312.061 6570612.111,580312.144859659 6570612.15093316,580312.102 6570612.202,580312.025 6570612.159,580311.944 6570612.249,580311.851 6570612.341,580311.813 6570612.451,580311.806000001 6570612.51699999,580311.879 6570612.567,580312.027000001 6570612.40499999,580312.06161925 6570612.37456294,580312.024 6570612.413,580311.957 6570612.496,580311.892 6570612.587,580311.768999999 6570612.741,580311.702 6570612.872,580311.684 6570612.953,580311.735733011 6570613.14236234,580311.707999999 6570613.18,580311.614 6570613.287,580311.572 6570613.387,580311.589 6570613.48799999,580311.601 6570613.578,580311.684 6570613.702,580311.781 6570613.799,580311.787 6570613.63,580311.803 6570613.478,580311.785999999 6570613.316,580311.799 6570613.211,580311.857 6570613.158,580311.779126303 6570613.08604076,580311.907 6570612.901,580312.034000001 6570612.68999999,580312.108 6570612.594,580312.163 6570612.449,580312.259999999 6570612.301,580312.381 6570612.122,580312.456414393 6570612.00094004,580312.459966001 6570612.00330057,580312.440000001 6570612.03299999,580312.369000001 6570612.15799999,580312.27 6570612.303,580312.173 6570612.447,580312.115 6570612.598,580311.979000001 6570612.80299999,580311.853 6570612.981,580311.976 6570613.24,580312.098 6570612.98799999,580312.251 6570612.79299999,580312.368 6570612.632,580312.384888893 6570612.61033816,580312.285 6570612.758,580312.331 6570612.803,580312.370343064 6570612.74398539,580312.263000001 6570612.962,580312.074 6570613.21799999,580312.0251 6570613.2888,580312.042488021 6570613.29835602,580312.024 6570613.313,580312.015 6570613.37,580312.050543309 6570613.39593701,580312.022 6570613.392,580311.968 6570613.467,580311.931 6570613.535,580311.939 6570613.608,580311.99949191 6570613.60857068,580311.983375945 6570613.63190842,580311.944 6570613.61,580311.883999999 6570613.67,580311.858 6570613.721,580311.887813084 6570613.74978505,580311.880247433 6570613.75843151,580311.859 6570613.74,580311.795000001 6570613.82399999,580311.900000001 6570613.956,580312.011 6570614.059,580312.05341163 6570614.0708358,580312.046 6570614.099,580312.100000001 6570614.13399999,580312.154 6570614.14599999,580312.179 6570614.08,580312.192362187 6570614.00078132,580312.207 6570614.007,580312.192987443 6570613.99707444,580312.193000001 6570613.99699999,580312.192907474 6570613.99701779,580312.063000001 6570613.905,580312.030111074 6570613.87972173,580312.032751609 6570613.87587629,580312.075 6570613.91,580312.196999999 6570613.993,580312.331317793 6570614.04336916,580312.317 6570614.071,580312.243 6570614.168,580312.299 6570614.234,580312.398 6570614.292,580312.651 6570614.032,580312.827200001 6570613.7534,580312.856000001 6570613.76799999,580313.033 6570613.546,580313.014 6570613.451,580313.0142 6570613.4497,580313.040889898 6570613.40608262,580313.031 6570613.45199999,580313.066 6570613.465,580313.138 6570613.35,580313.165000001 6570613.272,580313.193 6570613.21099999,580313.114 6570613.203,580313.074 6570613.285,580313.045 6570613.38699999,580313.042211334 6570613.39994738,580313.021400001 6570613.38769999,580313.037 6570613.255),(580312.441139488 6570613.82189599,580312.437 6570613.831,580312.444250818 6570613.85093975,580312.41680285 6570613.83745939,580312.433224226 6570613.81444633,580312.441139488 6570613.82189599),(580312.175500001 6570613.66683333,580312.176000001 6570613.667,580312.197937343 6570613.67130912,580312.197654454 6570613.67199408,580312.170641861 6570613.67493022,580312.175500001 6570613.66683333),(580312.227050633 6570613.76051899,580312.207000001 6570613.75299999,580312.141132747 6570613.71803968,580312.167611594 6570613.67947826,580312.146 6570613.72,580312.208 6570613.74899999,580312.227050633 6570613.76051899),(580312.053692308 6570614.06976923,580312.04 6570614.015,580312.054 6570613.942,580312.186433809 6570613.99826272,580312.115 6570614.012,580312.053 6570614.011,580312.056000001 6570614.061,580312.053692308 6570614.06976923),(580312.1678 6570613.3647,580312.167 6570613.366,580312.138118524 6570613.40782365,580312.08 6570613.4,580312.053247345 6570613.39630998,580312.137089787 6570613.34992904,580312.1678 6570613.3647),(580312.475279308 6570612.5895644,580312.572000001 6570612.45099999,580312.633000001 6570612.36,580312.696000001 6570612.257,580312.732327244 6570612.18888642,580312.740999999 6570612.195,580312.746913669 6570612.19813729,580312.745999999 6570612.204,580312.63 6570612.375,580312.484 6570612.578,580312.475279308 6570612.5895644),(580312.506000001 6570612.455,580312.575706433 6570612.35979121,580312.575 6570612.361,580312.497 6570612.473,580312.430466508 6570612.55187991,580312.506000001 6570612.455),(580312.653999999 6570612.23,580312.694 6570612.169,580312.696931985 6570612.16393565,580312.699911239 6570612.16603579,580312.637853215 6570612.25764526,580312.653999999 6570612.23),(580312.30607661 6570611.97915083,580312.296000001 6570612.04699999,580312.249675992 6570612.1405745,580312.266 6570612.069,580312.30607661 6570611.97915083),(580312.369 6570611.814,580312.428792207 6570611.73925974,580312.414000001 6570611.762,580312.368629293 6570611.81504882,580312.369 6570611.814)),((580313.466999999 6570612.479,580313.375 6570612.66,580313.351 6570612.80299999,580313.364 6570612.913,580313.373 6570613.00899999,580313.369000001 6570613.078,580313.469999999 6570612.987,580313.57 6570612.84399999,580313.661000001 6570612.70699999,580313.687 6570612.65,580313.714 6570612.554,580313.763 6570612.436,580313.816 6570612.274,580313.736 6570612.168,580313.653 6570612.11,580313.551 6570612.208,580313.502 6570612.334,580313.466999999 6570612.479)),((580314.674 6570614.6,580314.846000001 6570614.49599999,580314.624 6570614.32899999,580314.535000001 6570614.42999999,580314.365 6570614.595,580314.482 6570614.684,580314.674 6570614.6)))",1000,SØ,Prestegaten,SA4361,Brent bygning B,31,Sivile konstruksjoner,Bygning,5.3,0,1,0,0,0,0,,,,1197,FTMC-KL28-1,,,,"2024",NIKU,2658,,1022557,,
"MULTIPOLYGON (((580313.526 6570611.90299999,580313.461 6570611.915,580313.366 6570612.149,580313.345695137 6570612.17613468,580313.07 6570611.99,580312.581000001 6570611.63699999,580312.472060381 6570611.57242492,580312.544 6570611.57,580312.689999999 6570611.372,580312.693000001 6570611.24199999,580312.753 6570611.164,580312.8 6570611.136,580312.752 6570611.068,580312.568 6570611.205,580312.468 6570611.399,580312.423688215 6570611.54375184,580312.37933104 6570611.51745867,580312.384000001 6570611.518,580312.414000001 6570611.427,580312.45 6570611.365,580312.396 6570611.305,580312.329000001 6570611.45199999,580312.321477341 6570611.4831653,580312.139 6570611.375,580312.083999999 6570611.508,580312.245798552 6570611.61976445,580312.183000001 6570611.587,580312.095 6570611.775,580312.085 6570611.849,580312.121 6570611.86699999,580312.187768316 6570611.74263764,580312.185 6570611.81,580312.237 6570611.86,580312.29 6570611.88,580312.341281796 6570611.84419949,580312.302999999 6570611.905,580312.057000001 6570612.09899999,580311.938 6570612.262,580311.881000001 6570612.35699999,580311.934 6570612.46899999,580311.739000001 6570612.81099999,580311.876 6570612.59299999,580311.983 6570612.513,580312.070000001 6570612.28199999,580312.292 6570612.06,580312.435 6570611.935,580312.515000001 6570611.81699999,580312.405 6570611.743,580312.344160392 6570611.8396276,580312.375 6570611.75,580312.257999999 6570611.652,580312.196030279 6570611.72724895,580312.251589485 6570611.62376461,580312.333 6570611.68,580312.911 6570612.092,580313.24188199 6570612.3148668,580313.146 6570612.443,580313.023205217 6570612.62012217,580313.006000001 6570612.54699999,580312.976 6570612.525,580312.916 6570612.486,580312.84 6570612.503,580312.769 6570612.595,580312.630999999 6570612.789,580312.537 6570613.016,580312.387 6570613.185,580312.246726791 6570613.26144519,580312.268 6570613.224,580312.46 6570613.025,580312.538 6570612.961,580312.607 6570612.81,580312.636000001 6570612.64899999,580312.650999999 6570612.545,580312.757 6570612.405,580312.915000001 6570612.25799999,580312.959 6570612.181,580312.91 6570612.14,580312.809 6570612.247,580312.645 6570612.45299999,580312.454 6570612.669,580312.418000001 6570612.72,580312.331999999 6570612.756,580312.122 6570613.07399999,580311.894000001 6570613.39699999,580311.865542274 6570613.41809797,580311.915 6570613.32,580312.187 6570612.939,580312.349 6570612.712,580312.549 6570612.434,580312.552 6570612.326,580312.488 6570612.323,580312.388999999 6570612.366,580312.211697986 6570612.51455034,580312.197 6570612.517,580312.068000001 6570612.534,580311.957 6570612.638,580311.871 6570612.827,580311.799 6570613.002,580311.694 6570613.117,580311.761 6570613.155,580311.818761596 6570613.22060576,580311.808 6570613.25099999,580311.706000001 6570613.34699999,580311.561 6570613.535,580311.603 6570613.59199999,580311.686512932 6570613.63711618,580311.676 6570613.672,580311.728 6570613.776,580311.8 6570613.894,580311.903108327 6570613.7708007,580311.897000001 6570613.77999999,580311.81 6570613.91099999,580311.911 6570613.991,580311.976 6570614.074,580312.117 6570613.902,580312.241 6570613.673,580312.397000001 6570613.436,580312.51829927 6570613.32069905,580312.451 6570613.40999999,580312.357999999 6570613.65,580312.184 6570613.924,580312.125 6570614.01,580312.081000001 6570614.006,580312.021 6570614.077,580312.206 6570614.18999999,580312.216660017 6570614.17922658,580312.338 6570614.27,580312.416 6570614.272,580312.447218538 6570614.21319299,580312.459000001 6570614.239,580312.579 6570614.139,580312.668 6570614.05799999,580312.723 6570613.929,580312.677240395 6570613.89724844,580312.684 6570613.887,580312.811 6570613.661,580312.862 6570613.55299999,580312.849000001 6570613.515,580312.778869091 6570613.45373621,580312.865000001 6570613.27199999,580312.942999999 6570613.104,580313.042 6570612.926,580313.218 6570612.69,580313.251 6570612.538,580313.299 6570612.534,580313.378 6570612.414,580313.381769868 6570612.4090888,580313.637 6570612.581,580313.750999999 6570612.64,580313.794 6570612.628,580313.948 6570612.734,580313.9880676 6570612.64022477,580314.122 6570612.787,580314.142607142 6570612.74737088,580314.132 6570612.783,580314.257 6570612.879,580314.2876817 6570612.82870969,580314.407 6570612.926,580314.547 6570612.747,580314.688000001 6570612.49399999,580314.612659526 6570612.38174269,580314.619000001 6570612.37399999,580314.601328608 6570612.36485961,580314.588000001 6570612.345,580314.581671375 6570612.35469209,580314.474 6570612.299,580314.324 6570612.44899999,580314.239372683 6570612.5612833,580314.252 6570612.537,580314.316 6570612.397,580314.453 6570612.294,580314.325000001 6570612.171,580314.239 6570612.244,580314.120999999 6570612.477,580313.985386905 6570612.6172894,580313.581 6570612.33499999,580313.487234815 6570612.27169474,580313.537 6570612.20699999,580313.635 6570612.15,580313.738 6570611.948,580313.762 6570611.885,580313.777 6570611.84799999,580313.676 6570611.91199999,580313.583 6570611.91199999,580313.526 6570611.90299999),(580312.615497253 6570613.59707146,580312.535 6570613.795,580312.367 6570614.014,580312.313424557 6570614.06923669,580312.436 6570613.83399999,580312.592000001 6570613.61499999,580312.615497253 6570613.59707146)),((580313.733 6570613.489,580313.629000001 6570613.63199999,580313.466 6570613.86,580313.332000001 6570614.052,580313.149 6570614.303,580313.363 6570614.199,580313.582 6570614.05099999,580313.699124346 6570613.87921762,580313.579 6570614.065,580313.6 6570614.184,580313.866000001 6570613.77499999,580314.102 6570613.46,580314.02 6570613.396,580313.996545456 6570613.43118181,580314.057 6570613.337,580313.922999999 6570613.174,580313.733 6570613.489)),((580312.928 6570614.44599999,580313.019 6570614.348,580312.961 6570614.244,580312.932000001 6570614.30499999,580312.851 6570614.413,580312.839000001 6570614.471,580312.865 6570614.515,580312.928 6570614.44599999)),((580313.23 6570614.039,580313.3 6570614.049,580313.375 6570613.929,580313.512 6570613.76399999,580313.623000001 6570613.60299999,580313.721000001 6570613.44499999,580313.908 6570613.153,580313.862 6570613.10899999,580313.687 6570613.337,580313.473 6570613.621,580313.301 6570613.806,580313.183 6570613.995,580313.23 6570614.039)),((580313.662 6570612.613,580313.577 6570612.605,580313.554585294 6570612.62929685,580313.589000001 6570612.57699999,580313.474000001 6570612.51299999,580313.297 6570612.72,580313.333 6570612.822,580313.391999999 6570612.861,580313.426305039 6570612.81441737,580313.42 6570612.836,580313.402 6570612.857,580313.463 6570612.917,580313.581 6570612.748,580313.662 6570612.613)),((580312.764 6570612.066,580312.712999999 6570612.015,580312.676000001 6570612.15099999,580312.696 6570612.17299999,580312.764 6570612.066)),((580313.111 6570611.488,580313.079000001 6570611.44899999,580313.024 6570611.505,580313.028 6570611.54599999,580313.073 6570611.599,580313.11 6570611.53399999,580313.111 6570611.488)))",1001,SØ,Prestegaten,SA8897,Hus 5,31,Sivile konstruksjoner,Bygning,3.29,0,0,0,0,0,0,,,,,,,,,"2024",NIKU,2658,,1022557,,
"MULTIPOLYGON (((580304.787999999 6570613.117,580304.728 6570613.256,580304.622 6570613.433,580304.744 6570613.532,580304.818 6570613.363,580304.837999999 6570613.373,580304.952000001 6570613.181,580305.023 6570613.006,580305.117 6570612.828,580305.203 6570612.674,580305.2153506 6570612.65081554,580305.260000001 6570612.69099999,580305.33 6570612.755,580305.386342856 6570612.76428,580305.331 6570612.806,580305.232442306 6570612.85725,580305.182 6570612.825,580305.169 6570612.869,580305.211120846 6570612.88807359,580305.192000001 6570612.91699999,580305.212999999 6570612.942,580305.276000001 6570612.87199999,580305.332 6570612.854,580305.406 6570612.801,580305.398094444 6570612.76621556,580305.415 6570612.769,580305.493 6570612.74699999,580305.511 6570612.74,580305.462 6570612.667,580305.399000001 6570612.607,580305.322 6570612.585,580305.255 6570612.544,580305.191 6570612.484,580305.096 6570612.444,580305.003 6570612.513,580305.073 6570612.58,580305.086651523 6570612.58657665,580305.074 6570612.59,580304.999999999 6570612.713,580304.906 6570612.819,580304.853000001 6570612.96099999,580304.787999999 6570613.117)),((580305.429 6570612.904,580305.339999999 6570612.878,580305.312000001 6570612.90799999,580305.416 6570612.93699999,580305.429 6570612.904)),((580305.376 6570613.063,580305.554 6570613.19,580305.620000001 6570613.15399999,580305.469 6570613.031,580305.301 6570612.914,580305.232 6570612.955,580305.376 6570613.063)),((580305.185 6570613.031,580305.132000001 6570613.08199999,580305.105 6570613.118,580305.204999999 6570613.191,580305.217103785 6570613.19726549,580305.208 6570613.194,580305.106 6570613.16899999,580305.073 6570613.212,580305.154 6570613.298,580305.278 6570613.34299999,580305.359 6570613.35399999,580305.394999999 6570613.348,580305.396202704 6570613.31252022,580305.427 6570613.335,580305.487 6570613.306,580305.53 6570613.245,580305.433000001 6570613.19099999,580305.306 6570613.10499999,580305.185 6570613.031)))",1002,SØ,Prestegaten,SA9166,Trebrolegning/gårdsplass,14,Transport,Passasje,0.35,0,0,0,0,0,0,,,,,,,,,"2024",NIKU,2658,,1022557,,
"MULTIPOLYGON (((580307.856 6570608.461,580307.833000001 6570608.50899999,580307.947 6570608.597,580307.954 6570608.67499999,580308.222000001 6570608.79799999,580308.425 6570608.911,580308.677 6570608.80499999,580308.562453178 6570608.74197943,580308.566379204 6570608.7227419,580308.657 6570608.75099999,580308.71 6570608.694,580308.417000001 6570608.56599999,580308.232210162 6570608.49124411,580308.374 6570608.53,580308.726 6570608.66899999,580308.783 6570608.627,580308.769 6570608.581,580308.865 6570608.64399999,580308.914 6570608.592,580308.864307097 6570608.54619871,580308.915000001 6570608.579,580308.968 6570608.495,580308.725000001 6570608.321,580308.43 6570608.164,580308.106 6570608.073,580308.041999999 6570608.143,580308.069 6570608.213,580308.187105264 6570608.27205263,580308.145 6570608.261,580308.042000001 6570608.301,580308.009 6570608.332,580307.928 6570608.343,580307.91 6570608.401,580307.965818477 6570608.41699676,580307.962000001 6570608.459,580308.044907856 6570608.50149679,580307.962 6570608.486,580307.925 6570608.498,580307.856 6570608.461),(580308.623170224 6570608.39031639,580308.686 6570608.407,580308.703587036 6570608.42167894,580308.623170224 6570608.39031639),(580308.497009821 6570608.70111059,580308.495741881 6570608.70527667,580308.47660381 6570608.69474742,580308.497009821 6570608.70111059)),((580307.797000001 6570608.68599999,580307.796000001 6570608.79399999,580307.854 6570608.893,580308.093 6570608.991,580308.455 6570609.136,580308.484000001 6570609.06699999,580308.449 6570609.03399999,580308.482000001 6570609.01699999,580308.543 6570609.051,580308.556 6570608.995,580308.304000001 6570608.896,580308.19 6570608.828,580307.938 6570608.701,580307.914 6570608.732,580307.797000001 6570608.68599999)))",1003,SØ,Prestegaten,SA9290,Trebrolegning/gårdsplass,14,Transport,Passasje,0.65,0,0,0,0,0,0,,,,,,,,,"2024",NIKU,2658,,1022557,,
"MULTIPOLYGON (((580319.217 6570606.813,580319.345 6570606.934,580319.403 6570606.98,580319.4052 6570606.9757,580319.452 6570607.017,580319.555000001 6570607.09799999,580319.63 6570607.14799999,580319.689 6570607.143,580319.728 6570607.084,580319.621000001 6570607.03799999,580319.491 6570606.933,580319.437000001 6570606.85399999,580319.3571 6570606.851,580319.299 6570606.773,580319.217 6570606.813)),((580318.882000001 6570606.28,580318.835 6570606.35499999,580318.824 6570606.358,580318.952 6570606.46,580319.062 6570606.583,580319.139 6570606.67299999,580319.225000001 6570606.687,580319.293 6570606.587,580319.142 6570606.462,580319.109999999 6570606.378,580318.965 6570606.344,580318.882000001 6570606.28)),((580319.198 6570606.33699999,580319.095 6570606.126,580318.957 6570606.02,580318.805 6570606.15999999,580319.006 6570606.315,580319.098 6570606.35699999,580319.199 6570606.472,580319.302999999 6570606.519,580319.304 6570606.535,580319.346000001 6570606.51399999,580319.356 6570606.488,580319.316000001 6570606.35699999,580319.198 6570606.33699999)),((580319.572000001 6570606.66899999,580319.505 6570606.608,580319.50239269 6570606.58535757,580319.505 6570606.592,580319.791300001 6570606.73759999,580319.7921 6570606.7385,580319.8458 6570606.7892,580319.977 6570606.914,580320.106 6570607.06599999,580320.27 6570606.882,580320.216591549 6570606.82562441,580320.283 6570606.851,580320.405 6570606.779,580320.256 6570606.624,580320.013 6570606.48799999,580319.797 6570606.33,580319.753700115 6570606.30590096,580319.751 6570606.292,580319.603000001 6570606.175,580319.510992217 6570606.12731304,580319.452 6570606.055,580319.42748907 6570606.07805195,580319.3521 6570605.9998,580319.35 6570605.9888,580319.143 6570605.865,580319.039000001 6570605.84099999,580319.018 6570605.948,580319.1471 6570606.08659999,580319.1531 6570606.0925,580319.176600001 6570606.11749999,580319.185800001 6570606.12169999,580319.2673 6570606.216,580319.266000001 6570606.21699999,580319.2864 6570606.2382,580319.3084 6570606.2636,580319.313300001 6570606.26619999,580319.421 6570606.37799999,580319.458046314 6570606.47237989,580319.388 6570606.54599999,580319.332 6570606.677,580319.476000001 6570606.751,580319.633999999 6570606.815,580319.861000001 6570606.96199999,580319.903 6570606.991,580319.937000001 6570607.00899999,580319.944000001 6570606.99799999,580319.953 6570606.993,580319.928000001 6570606.91699999,580319.903 6570606.86,580319.747 6570606.756,580319.572000001 6570606.66899999),(580319.936 6570606.61799999,580319.831635521 6570606.49265741,580320.046 6570606.66,580320.089070715 6570606.71440511,580319.936 6570606.61799999)),((580320.108 6570606.439,580320.021 6570606.408,580320.005 6570606.44,580320.162 6570606.519,580320.175 6570606.505,580320.219 6570606.538,580320.275000001 6570606.596,580320.369 6570606.724,580320.395 6570606.723,580320.354999999 6570606.619,580320.108 6570606.439)))",1004,SØ,Prestegaten,SA11234,Brent hus,31,Sivile konstruksjoner,Bygning,0.79,0,0,0,0,0,0,,,,,,,,,"2024",NIKU,2658,,1022557,,
"MULTIPOLYGON (((580318.825 6570613.339,580319.053000001 6570613.49399999,580319.259 6570613.282,580318.735 6570612.855,580318.719686682 6570612.84202103,580318.935 6570612.99,580319.24 6570613.26,580319.314 6570613.181,580319.426 6570613.032,580319.167 6570612.869,580318.927 6570612.715,580318.713 6570612.553,580318.522 6570612.425,580318.319 6570612.261,580318.146 6570612.133,580318.05 6570612.112,580318.001000001 6570612.18499999,580317.972999999 6570612.272,580317.979341568 6570612.28157218,580317.769 6570612.187,580317.642 6570612.063,580317.435 6570611.862,580317.404279188 6570611.83286041,580317.464 6570611.803,580317.416 6570611.705,580317.422 6570611.63199999,580317.3 6570611.514,580317.218 6570611.548,580317.162 6570611.475,580317.076 6570611.44399999,580316.994 6570611.395,580316.958 6570611.47999999,580317.077 6570611.542,580317.158999999 6570611.609,580317.191 6570611.655,580317.238 6570611.714,580317.241059352 6570611.71902608,580317.129 6570611.69199999,580316.93 6570611.513,580316.913733866 6570611.49977996,580316.968 6570611.399,580317.03 6570611.318,580317.111 6570611.178,580317.19 6570611.008,580317.165 6570610.922,580317.043 6570611.06499999,580316.968 6570611.251,580316.952625615 6570611.269331,580316.845 6570611.192,580316.706 6570611.07099999,580316.577999999 6570610.981,580316.399 6570610.88,580316.308288162 6570611.04423617,580316.3 6570611.04,580316.195 6570611.17999999,580316.120645249 6570611.29482632,580316.111999999 6570611.288,580316.034 6570611.442,580316.445000001 6570611.84699999,580316.564 6570611.93499999,580316.605 6570612.029,580316.994 6570612.305,580317.209999999 6570612.123,580317.142985464 6570612.07440166,580317.207000001 6570612.11,580317.265 6570612.073,580317.582000001 6570612.273,580317.962 6570612.602,580318.118000001 6570612.715,580318.394 6570612.929,580318.542999999 6570613.113,580318.825 6570613.339)),((580316.866 6570611.04299999,580316.781 6570611.06999999,580316.837000001 6570611.12799999,580316.963 6570611.249,580316.988 6570611.141,580316.951 6570611.074,580316.866 6570611.04299999)),((580318.745 6570612.52699999,580318.898 6570612.669,580319.128 6570612.82,580319.430999999 6570613.005,580319.521455458 6570612.88439272,580319.525000001 6570612.88799999,580319.601000001 6570612.78699999,580319.684 6570612.65599999,580319.497 6570612.57,580319.359 6570612.523,580319.216 6570612.435,580319.100000001 6570612.36299999,580319.007000001 6570612.25299999,580318.772000001 6570612.07399999,580318.73 6570612.222,580318.764283513 6570612.24819414,580318.717000001 6570612.32699999,580318.672 6570612.44,580318.745 6570612.52699999)),((580319.634 6570612.263,580319.542 6570612.334,580319.504 6570612.38399999,580319.6 6570612.44199999,580319.723 6570612.5,580319.804 6570612.32,580319.708 6570612.275,580319.634 6570612.263)))",1005,SØ,Prestegaten,SA11496,Veite eller gulv,11,Transport,Veite,2.48,0,0,0,0,0,0,,,,,,,,,"2024",NIKU,2658,,1022557,,
"MULTIPOLYGON (((580325.302 6570610.778,580325.215000001 6570610.61799999,580325.064 6570610.51,580324.991685022 6570610.49224996,580325.055 6570610.375,580324.981 6570610.278,580324.869 6570610.37499999,580324.797000001 6570610.51099999,580324.741 6570610.641,580324.871 6570610.717,580324.913780607 6570610.63725363,580324.945000001 6570610.668,580325.082000001 6570610.774,580325.310000001 6570610.891,580325.302 6570610.778)),((580324.389 6570610.418,580324.216 6570610.25799999,580324.008 6570610.102,580323.776 6570609.952,580323.679 6570609.92999999,580323.599000001 6570609.90299999,580323.561 6570610.025,580323.778 6570610.155,580323.960000001 6570610.22599999,580324.152 6570610.337,580324.354000001 6570610.46599999,580324.355 6570610.473,580324.389 6570610.418)))",1006,SØ,Prestegaten,SA13031,Del av hus,31,Sivile konstruksjoner,Bygning,0.26,0,0,0,0,0,0,,,,,,,,,"2024",NIKU,2658,,1022557,,
"MULTIPOLYGON (((580314.956 6570607.357,580314.781 6570607.20799999,580314.596 6570607.12599999,580314.358 6570606.895,580314.197000001 6570606.732,580313.914490677 6570606.7754044,580313.904999999 6570606.766,580313.901013967 6570606.77747494,580313.826 6570606.789,580313.883265301 6570606.82856959,580313.839 6570606.95599999,580314.025856565 6570607.12043377,580313.943 6570607.47999999,580314.147 6570607.468,580314.153715336 6570607.19694465,580314.228000001 6570607.23899999,580314.338000001 6570607.13999999,580314.203 6570607.035,580314.172045314 6570607.00865559,580314.377 6570607.115,580314.605 6570607.271,580314.784000001 6570607.39299999,580314.956 6570607.357)),((580314.497 6570607.46099999,580314.638 6570607.489,580314.812000001 6570607.57099999,580314.916000001 6570607.46099999,580314.618 6570607.363,580314.491 6570607.356,580314.300000001 6570607.464,580314.356 6570607.579,580314.497 6570607.46099999)),((580314.457 6570608.157,580314.65 6570608.32699999,580314.685881995 6570608.35050889,580314.667 6570608.385,580314.705000001 6570608.392,580314.718119605 6570608.37163009,580314.882 6570608.47899999,580314.918 6570608.39899999,580314.768172889 6570608.29391577,580314.781 6570608.274,580314.742000001 6570608.248,580314.731098693 6570608.26791304,580314.553 6570608.14299999,580314.224000001 6570607.91999999,580314.2 6570608.027,580314.457 6570608.157)),((580313.361999999 6570607.241,580313.153 6570607.582,580313.245 6570607.669,580313.385 6570607.515,580313.716 6570606.946,580313.566000001 6570606.93299999,580313.361999999 6570607.241)),((580313.752 6570607.429,580313.798 6570607.167,580313.834 6570606.977,580313.723 6570606.963,580313.668000001 6570607.23499999,580313.752 6570607.429)),((580315.055 6570607.737,580315.014999999 6570607.631,580314.824 6570607.77,580314.707000001 6570607.867,580314.703 6570607.97,580314.749000001 6570607.996,580315.055 6570607.737)),((580313.422 6570608.161,580313.734 6570608.284,580313.997 6570608.451,580314.030850447 6570608.3941568,580314.148000001 6570608.42799999,580314.185000001 6570608.239,580314.028000001 6570608.13099999,580314.027094745 6570608.14657039,580313.643000001 6570608.073,580313.473000001 6570608.02099999,580313.422 6570608.161)),((580312.379000001 6570605.35799999,580312.524 6570605.219,580312.467999999 6570605.115,580312.383000001 6570605.19799999,580312.311000001 6570605.29399999,580312.284 6570605.467,580312.379000001 6570605.35799999)),((580311.968 6570605.84,580312.024 6570605.74999999,580311.958000001 6570605.69299999,580311.901 6570605.765,580311.811 6570605.864,580311.88 6570605.91,580311.968 6570605.84)),((580312.107 6570605.314,580311.958 6570605.505,580311.82 6570605.72499999,580311.74 6570605.666,580311.672 6570605.75299999,580311.724 6570605.816,580311.802 6570605.861,580311.966 6570605.639,580312.103 6570605.469,580312.228 6570605.279,580312.471 6570604.986,580312.35 6570604.87499999,580312.252 6570605.03599999,580312.267 6570605.151,580312.107 6570605.314)),((580311.483 6570605.622,580311.425 6570605.738,580311.474999999 6570605.788,580311.508 6570605.83899999,580311.593 6570605.729,580311.705 6570605.655,580311.633 6570605.578,580311.538 6570605.547,580311.483 6570605.622)),((580312.219000001 6570604.764,580312.182 6570604.798,580312.16 6570604.876,580312.161999999 6570605.006,580312.193999999 6570605.01,580312.26 6570604.95199999,580312.344 6570604.866,580312.294 6570604.806,580312.219000001 6570604.764)))",1008,SØ,Prestegaten,SA13584,Binge?,53,Handel- og næringskonstruksjoner,Husdyrhold,1.06,0,0,0,0,0,0,,,,,,,,,"2024",NIKU,2658,,1022557,,
"MULTIPOLYGON (((580305.213000001 6570617.85299999,580305.143 6570617.901,580305.121 6570617.973,580305.223 6570618.03,580305.213000001 6570617.85299999)),((580304.82 6570618.88,580304.835 6570618.809,580304.797 6570618.75299999,580304.717 6570618.778,580304.665 6570618.857,580304.761 6570618.93,580304.82 6570618.88)),((580305.736999999 6570616.727,580305.642999999 6570616.842,580305.61 6570617.00299999,580305.623000001 6570617.128,580305.634 6570617.235,580305.658000001 6570617.21199999,580305.757 6570617.175,580305.751 6570617.058,580305.807 6570616.841,580305.736999999 6570616.727)),((580305.424 6570617.79,580305.455000001 6570617.751,580305.541 6570617.65199999,580305.613000001 6570617.59499999,580305.656 6570617.496,580305.553 6570617.50799999,580305.516000001 6570617.54099999,580305.454 6570617.489,580305.43291574 6570617.52402708,580305.437 6570617.506,580305.49 6570617.432,580305.521 6570617.393,580305.518000001 6570617.31499999,580305.486 6570617.284,580305.425 6570617.361,580305.405 6570617.40099999,580305.368 6570617.489,580305.338 6570617.582,580305.388162866 6570617.61926384,580305.373 6570617.727,580305.393 6570617.805,580305.424 6570617.79)),((580304.754 6570618.63299999,580304.84 6570618.468,580304.875 6570618.399,580304.944 6570618.285,580304.861 6570618.23499999,580304.8 6570618.375,580304.697000001 6570618.62099999,580304.602 6570618.786,580304.654999999 6570618.785,580304.687 6570618.712,580304.754 6570618.63299999)),((580305.938 6570615.499,580305.894000001 6570615.60399999,580305.799 6570615.832,580305.805 6570615.89,580305.739000001 6570616.06399999,580305.882 6570616.167,580305.906 6570615.98899999,580305.961 6570615.682,580306.045 6570615.453,580305.938 6570615.499)),((580305.011 6570617.246,580305.027 6570617.34199999,580305.040032515 6570617.35327814,580304.896806612 6570617.27409634,580304.991 6570617.258,580305.041 6570617.055,580304.966000001 6570616.99399999,580304.901 6570616.946,580304.806 6570617.002,580304.766 6570617.049,580304.902 6570617.072,580304.84568719 6570617.24583518,580304.808 6570617.225,580304.664769106 6570617.16548397,580304.68 6570617.11,580304.756 6570616.974,580304.873 6570616.827,580304.652 6570616.77799999,580304.460699135 6570617.03336033,580304.371000001 6570616.963,580304.311 6570617.07699999,580304.481 6570617.179,580304.645 6570617.296,580304.95 6570617.467,580305.136 6570617.585,580305.254 6570617.706,580305.274000001 6570617.594,580305.188000001 6570617.502,580305.07736252 6570617.38558295,580305.079 6570617.387,580305.164 6570617.43899999,580305.251 6570617.291,580305.327 6570617.173,580305.272 6570617.1,580305.246 6570617.054,580305.149 6570617.04699999,580305.011 6570617.246)),((580304.549 6570618.491,580304.624999999 6570618.356,580304.692 6570618.378,580304.835 6570618.145,580304.946 6570617.928,580304.993 6570617.949,580305.027000001 6570617.87999999,580305.065 6570617.769,580304.959 6570617.81699999,580304.886000001 6570617.83399999,580304.948 6570617.67899999,580304.975000001 6570617.53699999,580304.901 6570617.48,580304.85 6570617.581,580304.821 6570617.74599999,580304.758 6570617.82699999,580304.595 6570618.039,580304.604 6570618.131,580304.650000001 6570618.207,580304.539999999 6570618.341,580304.503 6570618.457,580304.549 6570618.491)),((580304.566 6570617.695,580304.421 6570617.80999999,580304.405 6570617.871,580304.273000001 6570617.98799999,580304.119 6570618.295,580304.231 6570618.401,580304.266 6570618.495,580304.319 6570618.405,580304.43 6570618.194,580304.596 6570617.977,580304.751 6570617.776,580304.848 6570617.548,580304.701 6570617.484,580304.566 6570617.695)),((580304.442000001 6570617.54299999,580304.522 6570617.43699999,580304.566 6570617.28799999,580304.371 6570617.253,580304.303 6570617.396,580304.129000001 6570617.64099999,580304.075 6570617.788,580304.079 6570617.922,580303.934 6570618.02899999,580304.037 6570618.119,580304.106000001 6570618.115,580304.128 6570618.04399999,580304.172000001 6570617.89,580304.24 6570617.762,580304.345 6570617.683,580304.442000001 6570617.54299999)),((580304.212 6570617.235,580304.252 6570617.311,580304.208 6570617.385,580304.115 6570617.41,580303.983 6570617.687,580304.088 6570617.735,580304.139 6570617.59399999,580304.246999999 6570617.426,580304.359000001 6570617.197,580304.212 6570617.235)))",1009,SØ,Prestegaten,SA18400,,11,Transport,Veite,1.22,0,0,0,0,0,0,,,,,,,,,"2024",NIKU,2658,,1022557,,
"MULTIPOLYGON (((580306.719999999 6570619.477,580306.8892 6570619.4412,580307.116999999 6570619.158,580307.128 6570619.086,580307.012000001 6570619.092,580307.083 6570618.958,580307.067 6570618.863,580306.958 6570618.91999999,580306.703 6570619.22,580306.65 6570619.42,580306.547 6570619.62,580306.601999999 6570619.64,580306.719999999 6570619.477)),((580305.216 6570618.007,580305.235 6570617.988,580305.213000001 6570617.85299999,580305.143 6570617.901,580305.121 6570617.973,580305.223 6570618.03,580305.216 6570618.007)),((580304.82 6570618.88,580304.835 6570618.809,580304.797 6570618.75299999,580304.717 6570618.778,580304.665 6570618.857,580304.761 6570618.93,580304.82 6570618.88)),((580305.736999999 6570616.727,580305.642999999 6570616.842,580305.61 6570617.00299999,580305.623000001 6570617.128,580305.634 6570617.235,580305.658000001 6570617.21199999,580305.757 6570617.175,580305.751 6570617.058,580305.807 6570616.841,580305.736999999 6570616.727)),((580305.424 6570617.79,580305.455000001 6570617.751,580305.541 6570617.65199999,580305.613000001 6570617.59499999,580305.656 6570617.496,580305.553 6570617.50799999,580305.516000001 6570617.54099999,580305.454 6570617.489,580305.43291574 6570617.52402708,580305.437 6570617.506,580305.49 6570617.432,580305.521 6570617.393,580305.518000001 6570617.31499999,580305.486 6570617.284,580305.425 6570617.361,580305.405 6570617.40099999,580305.368 6570617.489,580305.338 6570617.582,580305.388162866 6570617.61926384,580305.373 6570617.727,580305.393 6570617.805,580305.424 6570617.79)),((580304.754 6570618.63299999,580304.84 6570618.468,580304.875 6570618.399,580304.944 6570618.285,580304.861 6570618.23499999,580304.8 6570618.375,580304.697000001 6570618.62099999,580304.602 6570618.786,580304.654999999 6570618.785,580304.687 6570618.712,580304.754 6570618.63299999)),((580305.938 6570615.499,580305.894000001 6570615.60399999,580305.799 6570615.832,580305.805 6570615.89,580305.739000001 6570616.06399999,580305.882 6570616.167,580305.906 6570615.98899999,580305.961 6570615.682,580306.045 6570615.453,580305.938 6570615.499)),((580305.011 6570617.246,580305.027 6570617.34199999,580305.040032515 6570617.35327814,580304.896806612 6570617.27409634,580304.991 6570617.258,580305.041 6570617.055,580304.966000001 6570616.99399999,580304.901 6570616.946,580304.806 6570617.002,580304.766 6570617.049,580304.902 6570617.072,580304.84568719 6570617.24583518,580304.808 6570617.225,580304.664769106 6570617.16548397,580304.68 6570617.11,580304.756 6570616.974,580304.873 6570616.827,580304.652 6570616.77799999,580304.460699135 6570617.03336033,580304.371000001 6570616.963,580304.311 6570617.07699999,580304.481 6570617.179,580304.645 6570617.296,580304.95 6570617.467,580305.136 6570617.585,580305.254 6570617.706,580305.274000001 6570617.594,580305.188000001 6570617.502,580305.07736252 6570617.38558295,580305.079 6570617.387,580305.164 6570617.43899999,580305.251 6570617.291,580305.327 6570617.173,580305.272 6570617.1,580305.246 6570617.054,580305.149 6570617.04699999,580305.011 6570617.246)),((580304.549 6570618.491,580304.624999999 6570618.356,580304.692 6570618.378,580304.835 6570618.145,580304.946 6570617.928,580304.993 6570617.949,580305.027000001 6570617.87999999,580305.065 6570617.769,580304.959 6570617.81699999,580304.886000001 6570617.83399999,580304.948 6570617.67899999,580304.975000001 6570617.53699999,580304.901 6570617.48,580304.85 6570617.581,580304.821 6570617.74599999,580304.758 6570617.82699999,580304.595 6570618.039,580304.604 6570618.131,580304.650000001 6570618.207,580304.539999999 6570618.341,580304.503 6570618.457,580304.549 6570618.491)),((580304.566 6570617.695,580304.421 6570617.80999999,580304.405 6570617.871,580304.273000001 6570617.98799999,580304.119 6570618.295,580304.231 6570618.401,580304.266 6570618.495,580304.319 6570618.405,580304.43 6570618.194,580304.596 6570617.977,580304.751 6570617.776,580304.848 6570617.548,580304.701 6570617.484,580304.566 6570617.695)),((580304.442000001 6570617.54299999,580304.522 6570617.43699999,580304.566 6570617.28799999,580304.371 6570617.253,580304.303 6570617.396,580304.129000001 6570617.64099999,580304.075 6570617.788,580304.079 6570617.922,580303.934 6570618.02899999,580304.037 6570618.119,580304.106000001 6570618.115,580304.128 6570618.04399999,580304.172000001 6570617.89,580304.24 6570617.762,580304.345 6570617.683,580304.442000001 6570617.54299999)),((580304.212 6570617.235,580304.252 6570617.311,580304.208 6570617.385,580304.115 6570617.41,580303.983 6570617.687,580304.088 6570617.735,580304.139 6570617.59399999,580304.246999999 6570617.426,580304.359000001 6570617.197,580304.212 6570617.235)),((580306.727 6570618.754,580306.645 6570618.69,580306.552999999 6570618.619,580306.453 6570618.667,580306.594 6570618.781,580306.747 6570618.865,580306.727 6570618.754)),((580303.093 6570616.057,580303.197000001 6570616.121,580303.235 6570616.087,580303.079 6570615.942,580302.967000001 6570615.84699999,580302.952 6570615.946,580303.093 6570616.057)),((580302.555 6570615.647,580302.569000001 6570615.705,580302.59 6570615.713,580302.638000001 6570615.68099999,580302.692000001 6570615.65099999,580302.559000001 6570615.556,580302.518 6570615.60699999,580302.555 6570615.647)),((580305.800999999 6570619.688,580305.696 6570619.61,580305.541 6570619.51399999,580305.418 6570619.482,580305.316 6570619.51499999,580305.579000001 6570619.66699999,580305.715000001 6570619.77499999,580305.800999999 6570619.688)))",1010,SØ,Prestegaten,SA18777,Tidlig bygning,31,Sivile konstruksjoner,Bygning,1.5,0,0,0,0,0,0,,,,,,,,,"2024",NIKU,2658,,1022557,,
"MULTIPOLYGON (((580303.643000001 6570613.11199999,580303.735 6570613.017,580303.829 6570612.856,580303.783 6570612.792,580303.72 6570612.90499999,580303.582999999 6570613.041,580303.447 6570613.225,580303.643000001 6570613.11199999)),((580303.867 6570612.913,580303.785 6570612.981,580303.879 6570613.078,580303.91 6570613.145,580303.961 6570613.231,580304.041000001 6570613.17299999,580303.867 6570612.913)),((580303.514000001 6570613.241,580303.617 6570613.318,580303.65 6570613.231,580303.605 6570613.174,580303.514000001 6570613.241)),((580303.72 6570613.63,580303.841 6570613.466,580303.912 6570613.307,580303.919 6570613.257,580303.878999999 6570613.241,580303.784 6570613.35799999,580303.639 6570613.665,580303.72 6570613.63)),((580303.395000001 6570614.34,580303.281 6570614.574,580303.354 6570614.566,580303.464 6570614.37,580303.545 6570614.18299999,580303.612 6570614.012,580303.557000001 6570613.92499999,580303.480999999 6570614.126,580303.395000001 6570614.34)),((580303.162000001 6570615.18,580303.215 6570615.078,580303.178 6570615.057,580303.121 6570615.149,580303.162000001 6570615.18)),((580304.270000001 6570613.69699999,580304.311999999 6570613.626,580304.286 6570613.574,580304.180999999 6570613.591,580304.081 6570613.6,580304.046 6570613.645,580304.055 6570613.72099999,580304.106 6570613.806,580304.122000001 6570613.85399999,580304.217 6570613.774,580304.270000001 6570613.69699999)),((580304.216 6570613.345,580304.113 6570613.344,580304.035 6570613.389,580303.992999999 6570613.53,580304.041 6570613.587,580304.124 6570613.585,580304.206 6570613.569,580304.287 6570613.52299999,580304.314000001 6570613.47,580304.3 6570613.384,580304.216 6570613.345)),((580303.333000001 6570615.51199999,580303.378 6570615.33,580303.503 6570615.135,580303.744 6570614.77099999,580303.923 6570614.464,580303.834999999 6570614.381,580303.683 6570614.654,580303.542999999 6570614.896,580303.38 6570615.19799999,580303.313 6570615.36299999,580303.241000001 6570615.489,580303.333000001 6570615.51199999)))",1011,SØ,Prestegaten,SA19164,Mulig bygning,31,Sivile konstruksjoner,Bygning,0.38,0,0,0,0,0,0,,,,,,,,,"2024",NIKU,2658,,1022557,,
"MULTIPOLYGON (((580322.663 6570608.969,580322.594 6570608.93499999,580322.522 6570608.894,580322.481 6570608.962,580322.498999999 6570609.003,580322.589 6570609.05,580322.641 6570609.078,580322.685000001 6570609.062,580322.706 6570609.026,580322.663 6570608.969)),((580321.893 6570608.734,580321.811999999 6570608.695,580321.76 6570608.678,580321.672 6570608.66099999,580321.594 6570608.629,580321.541 6570608.526,580321.495 6570608.48699999,580321.433000001 6570608.455,580321.328 6570608.402,580321.271 6570608.363,580321.226 6570608.29899999,580321.247975768 6570608.22351801,580321.265 6570608.231,580321.314 6570608.138,580321.385 6570608.143,580321.448 6570608.171,580321.51 6570608.274,580321.59 6570608.267,580321.661 6570608.25899999,580321.730000001 6570608.267,580321.77 6570608.301,580321.799 6570608.338,580321.765 6570608.377,580321.736 6570608.43199999,580321.832000001 6570608.556,580321.912 6570608.591,580321.952 6570608.658,580321.993 6570608.71,580322.071 6570608.759,580322.156 6570608.76,580322.182999999 6570608.774,580322.262 6570608.818,580322.395 6570608.887,580322.504 6570608.844,580322.547 6570608.87,580322.446 6570608.646,580322.336 6570608.52499999,580322.207 6570608.492,580322.117000001 6570608.449,580321.999 6570608.33499999,580321.89 6570608.268,580321.801 6570608.152,580321.737 6570608.126,580321.764 6570608.018,580321.728000001 6570607.98499999,580321.658 6570607.886,580321.713999999 6570607.787,580321.578000001 6570607.72599999,580321.381 6570607.649,580321.313 6570607.685,580321.163 6570607.639,580321.081 6570607.616,580321.032 6570607.735,580321.106999999 6570607.832,580321.203 6570607.89,580321.237999999 6570607.999,580321.235 6570608.048,580321.194 6570608.096,580321.135000001 6570608.09699999,580321.123331914 6570608.12508984,580321.106 6570608.112,580321.098 6570608.21499999,580321.072999999 6570608.329,580321.04 6570608.444,580321.138 6570608.525,580321.218 6570608.59299999,580321.31 6570608.593,580321.378 6570608.57499999,580321.471 6570608.647,580321.591 6570608.72,580321.639000001 6570608.74999999,580321.685 6570608.838,580321.762 6570608.957,580321.815 6570609.034,580321.908 6570609.134,580322.046 6570609.171,580322.082800001 6570609.21149999,580322.039 6570609.21,580321.989 6570609.181,580321.943999999 6570609.253,580322.088 6570609.349,580322.297999999 6570609.486,580322.44 6570609.515,580322.637 6570609.249,580322.579 6570609.151,580322.492 6570609.085,580322.391 6570609.04,580322.289 6570608.957,580322.145 6570608.875,580322.066 6570608.819,580322.046 6570608.762,580321.981000001 6570608.704,580321.932 6570608.744,580321.893 6570608.734)),((580319.602 6570607.252,580319.681000001 6570607.33299999,580319.715999999 6570607.391,580319.810000001 6570607.40999999,580319.866 6570607.365,580319.824000001 6570607.32199999,580319.758 6570607.251,580319.743 6570607.199,580319.637 6570607.137,580319.602 6570607.252)),((580321.574 6570607.644,580321.722999999 6570607.717,580321.845 6570607.754,580321.977 6570607.852,580322.046 6570607.753,580322.087 6570607.669,580321.894000001 6570607.53999999,580321.674 6570607.45,580321.396000001 6570607.24,580321.274 6570607.222,580321.12 6570607.149,580320.917 6570606.995,580320.663 6570606.813,580320.53 6570606.739,580320.413 6570606.76999999,580320.554 6570606.885,580320.578639275 6570606.90409135,580320.551 6570606.888,580320.363 6570606.761,580320.286 6570606.842,580320.194000001 6570606.95799999,580320.377 6570607.131,580320.558 6570607.29299999,580320.653 6570607.275,580320.721 6570607.19999999,580320.749 6570607.311,580320.803000001 6570607.36499999,580320.862125827 6570607.42412583,580320.824 6570607.487,580320.863000001 6570607.54899999,580320.912 6570607.58100001,580321.003 6570607.546,580321.048014084 6570607.50385915,580321.039 6570607.514,580321.043999999 6570607.518,580321.098 6570607.584,580321.159857226 6570607.52841814,580321.167999999 6570607.531,580321.188030325 6570607.54012095,580321.187 6570607.55299999,580321.217222929 6570607.553414,580321.28 6570607.582,580321.329958335 6570607.55495833,580321.333 6570607.555,580321.390745576 6570607.53875906,580321.428999999 6570607.561,580321.574 6570607.644),(580321.287634074 6570607.45616137,580321.286276897 6570607.45647455,580321.284 6570607.455,580321.272067796 6570607.44074334,580321.287634074 6570607.45616137),(580321.011914211 6570607.213305,580320.952515565 6570607.15869204,580320.993 6570607.19,580321.011914211 6570607.213305),(580321.055575053 6570607.49535307,580321.04976828 6570607.50188569,580320.975 6570607.465,580320.943666666 6570607.441,580320.961 6570607.441,580321.045 6570607.492,580321.055575053 6570607.49535307)),((580320.93 6570607.616,580320.952 6570607.64399999,580321.01 6570607.687,580321.024 6570607.63799999,580320.99 6570607.564,580320.937 6570607.57399999,580320.93 6570607.616)),((580322.776 6570608.188,580322.566000001 6570608.03199999,580322.245 6570607.828,580322.082 6570607.71599999,580321.990999999 6570607.864,580321.898 6570607.856,580321.826 6570607.968,580322.041 6570608.102,580322.381 6570608.204,580322.839 6570608.43399999,580322.835 6570608.30199999,580322.776 6570608.188)),((580322.936 6570609.80999999,580323.101000001 6570609.92599999,580323.103 6570609.894,580323.176999999 6570609.852,580323.183999999 6570609.795,580323.024 6570609.72,580322.978000001 6570609.73999999,580322.936 6570609.80999999)))",1012,SØ,Prestegaten,SA8046/SA8318,Gulv i hus,31,Sivile konstruksjoner,Bygning,2.05,0,0,0,0,0,0,,,,,,,,,"2024",NIKU,2658,,1022557,,
"MULTIPOLYGON (((580320.652 6570607.204,580320.599 6570607.253,580320.569 6570607.282,580320.566 6570607.32999999,580320.582 6570607.354,580320.630000001 6570607.40299999,580320.715 6570607.337,580320.714604167 6570607.32670833,580320.787 6570607.402,580320.791 6570607.432,580320.846 6570607.511,580320.907 6570607.58599999,580320.961 6570607.605,580321.14478792 6570607.71708591,580321.155 6570607.72899999,580321.247000001 6570607.81499999,580321.249094391 6570607.81649409,580321.353000001 6570607.937,580321.416 6570607.979,580321.50439567 6570608.05284272,580321.408800001 6570607.98939999,580321.384 6570607.966,580321.362 6570607.984,580321.301178364 6570607.97034616,580321.271999999 6570607.91,580321.199 6570607.879,580321.142 6570607.884,580321.11 6570607.897,580321.107 6570607.995,580321.084 6570608.104,580321.147 6570608.13999999,580321.2546538 6570608.12685144,580321.287303436 6570608.15246884,580321.263000001 6570608.15699999,580321.239 6570608.208,580321.268 6570608.292,580321.297999999 6570608.369,580321.357 6570608.385,580321.414 6570608.41,580321.462000001 6570608.44099999,580321.511 6570608.415,580321.519408898 6570608.38323305,580321.525 6570608.404,580321.549 6570608.423,580321.589 6570608.409,580321.591288885 6570608.38000746,580321.602981899 6570608.38772045,580321.585 6570608.425,580321.674 6570608.51799999,580321.777 6570608.587,580321.763 6570608.523,580321.749979996 6570608.48468399,580321.849 6570608.55,580321.966204917 6570608.66720492,580321.959680084 6570608.72191314,580321.957 6570608.719,580321.837 6570608.647,580321.788 6570608.70099999,580321.803 6570608.732,580321.957 6570608.89599999,580322.018 6570608.878,580322.049 6570608.819,580321.991820252 6570608.7568481,580322.031 6570608.781,580322.071 6570608.84999999,580322.198 6570608.831,580322.217 6570608.72999999,580322.236 6570608.70199999,580322.209999999 6570608.65,580322.117 6570608.60299999,580322.06574793 6570608.57167928,580322.227 6570608.631,580322.393 6570608.73699999,580322.499999999 6570608.806,580322.584 6570608.88599999,580322.631 6570608.802,580322.600563608 6570608.77553356,580322.639 6570608.799,580322.731 6570608.838,580322.760999999 6570608.871,580322.811 6570608.856,580322.837 6570608.824,580322.753000001 6570608.755,580322.581 6570608.63899999,580322.566 6570608.555,580322.532800698 6570608.51737413,580322.578000001 6570608.51899999,580322.567000001 6570608.41,580322.57 6570608.35699999,580322.506 6570608.28999999,580322.505129033 6570608.28968386,580322.497000001 6570608.17099999,580322.477398123 6570608.11779491,580322.498 6570608.127,580322.543 6570608.11199999,580322.537000001 6570608.08299999,580322.596 6570608.026,580322.41 6570607.923,580322.093 6570607.708,580321.703000001 6570607.55899999,580321.515 6570607.418,580321.34 6570607.345,580321.044 6570607.147,580320.994 6570607.167,580320.987000001 6570607.21899999,580321.105 6570607.294,580321.190000001 6570607.37099999,580321.396000001 6570607.422,580321.65 6570607.559,580321.780075549 6570607.66037173,580321.715 6570607.621,580321.622 6570607.56,580321.493000001 6570607.47599999,580321.41 6570607.432,580321.277 6570607.407,580321.049 6570607.323,580320.954 6570607.19699999,580320.929828383 6570607.17282837,580320.982 6570607.073,580320.846 6570606.971,580320.701 6570607.189,580320.765534886 6570607.25353487,580320.730999999 6570607.264,580320.791903435 6570607.3291924,580320.738 6570607.311,580320.71445283 6570607.32277358,580320.713000001 6570607.28499999,580320.698 6570607.22,580320.652 6570607.204),(580321.513999999 6570608.075,580321.383 6570607.973,580321.408800001 6570607.98939999,580321.513999999 6570608.075),(580320.903 6570607.291,580320.974398596 6570607.36046889,580320.947 6570607.34299999,580320.889000001 6570607.29599999,580320.871573505 6570607.281063,580320.87528812 6570607.27582445,580320.903 6570607.291),(580321.504837969 6570608.32911245,580321.517933334 6570608.37775238,580321.499 6570608.348,580321.504837969 6570608.32911245),(580322.045946788 6570608.39699377,580321.976 6570608.364,580321.8443301 6570608.27595567,580322.003 6570608.35999999,580322.045946788 6570608.39699377),(580322.196840105 6570608.51883249,580322.125000001 6570608.48,580322.102860513 6570608.44601845,580322.104 6570608.447,580322.196840105 6570608.51883249),(580320.807 6570607.397,580320.814673539 6570607.35584192,580320.843742331 6570607.39217791,580320.833518868 6570607.41411576,580320.807 6570607.397),(580321.724 6570608.021,580321.729 6570608.039,580321.631 6570607.97,580321.453 6570607.89499999,580321.422001462 6570607.86863162,580321.435202646 6570607.82582778,580321.487 6570607.856,580321.723 6570607.97199999,580321.917931972 6570608.12894523,580321.88 6570608.127,580321.724 6570608.021),(580321.879 6570607.944,580321.781000001 6570607.861,580321.542 6570607.70899999,580321.340000001 6570607.607,580321.29788442 6570607.58419856,580321.340000001 6570607.601,580321.557999999 6570607.708,580321.778 6570607.852,580321.967 6570607.99,580321.969630105 6570607.99233605,580321.879 6570607.944),(580322.296258933 6570608.19422952,580322.319 6570608.192,580322.418777633 6570608.25834151,580322.371 6570608.241,580322.296258933 6570608.19422952),(580322.316 6570608.01999999,580322.392518632 6570608.06874519,580322.335 6570608.049,580322.285293998 6570608.0093469,580322.316 6570608.01999999)),((580319.424 6570606.66099999,580319.419321314 6570606.67176097,580319.393 6570606.669,580319.29 6570606.67199999,580319.191 6570606.576,580319.117 6570606.481,580319.038000001 6570606.41699999,580318.962278536 6570606.38841128,580319.007162572 6570606.35214136,580319.039 6570606.366,580319.026513219 6570606.31426905,580319.029 6570606.307,580319.054 6570606.262,580319.032332288 6570606.24675235,580319.038 6570606.234,580319.013 6570606.187,580318.909 6570606.117,580318.871000001 6570606.221,580318.823 6570606.29899999,580318.946474503 6570606.3272766,580318.94 6570606.338,580318.91880851 6570606.36940426,580318.786 6570606.303,580318.75 6570606.312,580318.716 6570606.41199999,580318.82 6570606.465,580318.958 6570606.574,580319.15 6570606.694,580319.279000001 6570606.74999999,580319.417 6570606.834,580319.482 6570606.878,580319.473 6570606.843,580319.542 6570606.85199999,580319.586 6570606.901,580319.579 6570606.925,580319.536 6570606.93,580319.560193549 6570606.94580645,580319.543 6570606.963,580319.53 6570606.966,580319.471 6570606.927,580319.433 6570606.917,580319.432 6570606.87,580319.304 6570606.853,580319.224 6570606.909,580319.379 6570607.06,580319.542 6570607.19099999,580319.632 6570607.121,580319.735 6570607.133,580319.8 6570607.167,580319.835 6570607.206,580319.850286055 6570607.20883075,580319.962000001 6570607.33799999,580320.012 6570607.347,580320.061 6570607.373,580320.082000001 6570607.39699999,580320.118 6570607.38599999,580320.147999999 6570607.294,580320.158336819 6570607.28067094,580320.220801262 6570607.35737361,580320.201 6570607.357,580320.183999999 6570607.366,580320.171 6570607.399,580320.158 6570607.41399999,580320.166 6570607.484,580320.204 6570607.47399999,580320.211000001 6570607.53399999,580320.201 6570607.551,580320.215 6570607.57799999,580320.24 6570607.602,580320.27 6570607.574,580320.294000001 6570607.54299999,580320.296 6570607.46499999,580320.301579926 6570607.45031598,580320.302 6570607.473,580320.296 6570607.511,580320.314 6570607.53299999,580320.360000001 6570607.57099999,580320.398 6570607.537,580320.42 6570607.507,580320.41 6570607.483,580320.415020409 6570607.46793877,580320.428 6570607.482,580320.483000001 6570607.53,580320.507 6570607.461,580320.481 6570607.45199999,580320.492 6570607.367,580320.468 6570607.339,580320.441 6570607.383,580320.440888957 6570607.38330844,580320.385000001 6570607.365,580320.326 6570607.39799999,580320.311977338 6570607.40977904,580320.293000001 6570607.377,580320.259465773 6570607.38315935,580320.41 6570607.25599999,580320.326203662 6570607.18607723,580320.348 6570607.2,580320.487 6570607.101,580320.405934012 6570607.04387578,580320.483 6570607.09399999,580320.608 6570606.987,580320.485 6570606.888,580320.457911578 6570606.8617083,580320.561 6570606.918,580320.621 6570606.973,580320.658 6570606.914,580320.54 6570606.83299999,580320.345 6570606.705,580320.249 6570606.686,580320.120000001 6570606.571,580319.973 6570606.489,580319.872 6570606.431,580319.881 6570606.392,580319.720000001 6570606.26999999,580319.574 6570606.172,580319.508999999 6570606.151,580319.443 6570606.26799999,580319.447 6570606.34,580319.536 6570606.363,580319.719 6570606.395,580319.731444561 6570606.39996344,580319.597000001 6570606.41499999,580319.489 6570606.35999999,580319.48 6570606.449,580319.514414301 6570606.49201788,580319.445 6570606.471,580319.263 6570606.398,580319.149 6570606.38399999,580319.109 6570606.461,580319.207 6570606.503,580319.271 6570606.581,580319.367 6570606.622,580319.498000001 6570606.66799999,580319.515043029 6570606.68180171,580319.490252938 6570606.67920136,580319.424 6570606.66099999),(580320.244034684 6570607.38590289,580320.244098968 6570607.38598182,580320.244 6570607.38599999,580320.244034684 6570607.38590289),(580319.614000001 6570607.01,580319.5633266 6570606.94785338,580319.761 6570607.077,580319.832 6570607.05099999,580319.850550228 6570607.07811187,580319.812 6570607.069,580319.804579691 6570607.07989858,580319.7431 6570607.0813,580319.614000001 6570607.01),(580320.218000001 6570606.79799999,580320.241 6570606.84199999,580320.281000001 6570606.87699999,580320.274 6570606.906,580320.289000001 6570606.959,580320.32438894 6570606.98641396,580320.294 6570606.965,580320.099426451 6570606.80972456,580320.16 6570606.76,580320.218000001 6570606.79799999),(580319.892000001 6570606.46399999,580320.035 6570606.553,580320.099764706 6570606.61776469,580319.996 6570606.542,580319.899000001 6570606.493,580319.787233359 6570606.42221446,580319.892000001 6570606.46399999)),((580318.414525292 6570605.82581323,580318.403245955 6570605.79761489,580318.512 6570605.717,580318.339000001 6570605.62799999,580318.179 6570605.506,580318.031 6570605.394,580317.89 6570605.278,580317.822000001 6570605.37,580317.828003604 6570605.37485585,580317.794 6570605.387,580317.717000001 6570605.503,580317.835 6570605.585,580317.891 6570605.669,580317.997 6570605.719,580318.133000001 6570605.817,580318.191832536 6570605.88080429,580318.091000001 6570605.837,580317.877 6570605.67499999,580317.813000001 6570605.731,580317.978 6570605.816,580318.111 6570605.851,580318.17037748 6570605.93968064,580318.128999999 6570605.996,580318.245 6570606.05999999,580318.368 6570605.941,580318.425 6570605.85199999,580318.41646729 6570605.83066822,580318.420000001 6570605.82899999,580318.414525292 6570605.82581323),(580318.208000137 6570605.88782792,580318.207472003 6570605.88759849,580318.235999999 6570605.835,580318.241936067 6570605.83851477,580318.208000137 6570605.88782792),(580318.131397366 6570605.65803365,580317.957 6570605.52,580317.858503375 6570605.39952479,580317.958 6570605.47999999,580318.131397366 6570605.65803365),(580318.191999999 6570605.706,580318.179691643 6570605.69625807,580318.197148348 6570605.70846464,580318.191999999 6570605.706)),((580320.708 6570607.05999999,580320.748 6570606.991,580320.670000001 6570606.91899999,580320.614 6570606.99799999,580320.708 6570607.05999999)),((580320.622000001 6570607.747,580320.609777781 6570607.7531111,580320.644000001 6570607.71399999,580320.681 6570607.707,580320.690999999 6570607.678,580320.611999999 6570607.658,580320.548 6570607.66,580320.507 6570607.663,580320.494 6570607.68,580320.501 6570607.71299999,580320.512 6570607.753,580320.543 6570607.756,580320.585587326 6570607.77682047,580320.557 6570607.823,580320.585 6570607.855,580320.597 6570607.88,580320.631 6570607.893,580320.704 6570607.90199999,580320.781000001 6570607.896,580320.812 6570607.805,580320.859 6570607.694,580320.853045511 6570607.69119788,580320.881 6570607.60799999,580320.899000001 6570607.594,580320.836 6570607.564,580320.792 6570607.597,580320.761000001 6570607.616,580320.729 6570607.663,580320.773 6570607.67099999,580320.782110937 6570607.67582344,580320.666999999 6570607.726,580320.622000001 6570607.747)),((580322.854 6570609.213,580322.885 6570609.186,580322.901999999 6570609.102,580322.924 6570609.043,580322.945 6570609.006,580322.916000001 6570608.94899999,580322.885999999 6570608.931,580322.794 6570609.049,580322.7657 6570609.13189999,580322.854 6570609.213)),((580322.476 6570608.924,580322.448999999 6570608.949,580322.479 6570609.034,580322.606 6570609.121,580322.669 6570609.126,580322.728000001 6570609.07799999,580322.63 6570608.992,580322.555 6570608.945,580322.476 6570608.924)),((580322.42 6570608.781,580322.329000001 6570608.821,580322.343 6570608.854,580322.394 6570608.915,580322.495 6570608.913,580322.442 6570608.855,580322.42 6570608.781)),((580322.476 6570609.06999999,580322.456000001 6570609.008,580322.38 6570608.913,580322.292000001 6570608.89699999,580322.229 6570608.919,580322.165000001 6570609.08199999,580322.214000001 6570609.14199999,580322.307 6570609.202,580322.374 6570609.22199999,580322.444 6570609.129,580322.476 6570609.06999999)),((580321.006 6570608.09,580321.03 6570608.028,580321.07 6570607.933,580321.042 6570607.873,580320.976 6570607.75999999,580320.945000001 6570607.774,580320.905 6570607.784,580320.85 6570607.806,580320.782999999 6570607.898,580320.735 6570607.991,580320.738 6570608.02,580320.847 6570608.065,580320.944 6570608.101,580321.006 6570608.09)),((580320.528 6570607.38099999,580320.506 6570607.385,580320.496000001 6570607.39799999,580320.502999999 6570607.429,580320.547 6570607.494,580320.561 6570607.511,580320.579 6570607.47199999,580320.615 6570607.46,580320.6 6570607.451,580320.608 6570607.422,580320.557000001 6570607.374,580320.528 6570607.38099999)),((580324.028477679 6570609.95286759,580324.373 6570610.141,580324.402 6570610.089,580324.277 6570609.97599999,580324.007000001 6570609.79499999,580323.646999999 6570609.537,580323.328 6570609.29099999,580323.23 6570609.392,580323.629 6570609.70799999,580323.928 6570609.898,580324.009127052 6570609.94230084,580323.931000001 6570609.933,580323.855 6570610.0,580324.111999999 6570610.165,580324.259000001 6570610.28599999,580324.311999999 6570610.262,580324.314 6570610.153,580324.127 6570610.02499999,580324.028477679 6570609.95286759)),((580323.552565 6570609.20516564,580323.671 6570609.278,580323.895 6570609.41,580323.807 6570609.284,580323.877 6570609.121,580323.762 6570609.058,580323.636 6570609.035,580323.531999999 6570608.969,580323.518 6570609.073,580323.486472465 6570609.15645524,580323.475000001 6570609.148,580323.34 6570609.29,580323.594 6570609.492,580324.011 6570609.77,580324.191 6570609.864,580324.314 6570609.926,580324.347 6570609.88,580324.025999999 6570609.551,580323.802 6570609.38899999,580323.552565 6570609.20516564)),((580323.882000001 6570609.10399999,580323.926 6570609.069,580323.87 6570609.02399999,580323.822999999 6570608.989,580323.795 6570609.032,580323.832 6570609.068,580323.882000001 6570609.10399999)),((580323.841 6570608.83,580323.664000001 6570608.70799999,580323.596000001 6570608.819,580323.781000001 6570608.948,580323.942000001 6570609.03599999,580324.008 6570608.95699999,580323.841 6570608.83)),((580323.892 6570608.848,580324.000999999 6570608.94,580324.086 6570608.878,580324.171 6570608.801,580324.001000001 6570608.66299999,580323.743 6570608.483,580323.721000001 6570608.51299999,580323.748 6570608.558,580323.743 6570608.617,580323.673 6570608.679,580323.892 6570608.848)),((580324.021 6570608.53699999,580323.966 6570608.49299999,580323.938 6570608.605,580323.968000001 6570608.61999999,580324.064 6570608.57799999,580324.021 6570608.53699999)),((580323.980000001 6570608.47399999,580324.207000001 6570608.60299999,580324.297 6570608.499,580324.0937 6570608.3424,580324.094 6570608.342,580323.954999999 6570608.256,580323.842 6570608.196,580323.74242473 6570608.32318857,580323.737 6570608.32,580323.640000001 6570608.42299999,580323.777 6570608.484,580323.914 6570608.559,580323.968 6570608.469,580323.96068642 6570608.46373421,580323.980000001 6570608.47399999)),((580324.686 6570608.708,580324.518 6570608.542,580324.490000001 6570608.60699999,580324.479000001 6570608.677,580324.586 6570608.806,580324.671 6570608.969,580324.866 6570609.05099999,580324.957 6570609.163,580324.939000001 6570609.22599999,580324.995 6570609.27199999,580325.122 6570609.01,580324.879 6570608.832,580324.686 6570608.708)),((580325.461999999 6570608.4,580325.286659211 6570608.26679537,580325.329 6570608.237,580325.402999999 6570608.213,580325.14 6570608.019,580324.663000001 6570607.646,580324.571 6570607.749,580324.903 6570607.98699999,580325.13 6570608.14,580325.175422777 6570608.18229016,580325.075 6570608.106,580324.782 6570607.957,580324.742949744 6570608.0643882,580324.722 6570608.046,580324.641900001 6570608.12149999,580324.525 6570608.055,580324.37 6570607.986,580324.356879713 6570607.99744536,580324.355 6570607.996,580324.251 6570608.051,580324.15 6570608.088,580324.452 6570608.336,580324.609394894 6570608.43645497,580324.528 6570608.542,580324.737 6570608.706,580324.858 6570608.783,580324.894 6570608.742,580324.99 6570608.817,580325.043 6570608.877,580325.065000001 6570608.95299999,580325.140000001 6570608.982,580325.204 6570608.866,580325.030999999 6570608.755,580324.731527135 6570608.51440408,580324.791999999 6570608.553,580325.129999999 6570608.788,580325.135 6570608.731,580325.016000001 6570608.54299999,580324.903 6570608.399,580324.766931501 6570608.30278995,580324.952 6570608.42,580325.302 6570608.674,580325.354000001 6570608.542,580325.26720579 6570608.47846577,580325.371 6570608.546,580325.461999999 6570608.4)),((580325.122 6570607.988,580325.5 6570608.222,580325.50690941 6570608.14686016,580325.550000001 6570608.23499999,580325.591 6570608.29399999,580325.642034682 6570608.23209682,580325.584 6570608.342,580325.393000001 6570608.58899999,580325.324 6570608.63399999,580325.248 6570608.786,580325.144 6570608.984,580325.089 6570609.122,580324.959 6570609.356,580324.862000001 6570609.48999999,580324.965 6570609.53699999,580325.129 6570609.34699999,580325.147029049 6570609.32735035,580325.107000001 6570609.40699999,580325.017 6570609.517,580325.051000001 6570609.651,580325.105 6570609.682,580325.331000001 6570609.38399999,580325.502 6570609.062,580325.654 6570608.801,580325.815 6570608.521,580325.938 6570608.313,580325.884 6570608.23999999,580325.801 6570608.309,580325.646 6570608.54399999,580325.585 6570608.65999999,580325.427 6570608.835,580325.302999999 6570609.017,580325.248683723 6570609.12507831,580325.224 6570609.117,580325.299000001 6570608.97899999,580325.308 6570608.917,580325.368 6570608.859,580325.481999999 6570608.723,580325.541 6570608.62399999,580325.595 6570608.58599999,580325.677000001 6570608.428,580325.863 6570608.177,580325.750391016 6570608.04641143,580325.766000001 6570608.01099999,580325.622 6570607.982,580325.587318334 6570608.03073372,580325.619 6570607.964,580325.438 6570607.891,580325.196 6570607.783,580324.972 6570607.62899999,580324.786 6570607.567,580324.674 6570607.623,580324.926000001 6570607.81999999,580325.122 6570607.988),(580325.507999999 6570608.135,580325.533661541 6570608.10613077,580325.507240783 6570608.14325649,580325.507999999 6570608.135)),((580324.486000001 6570610.33199999,580324.557 6570610.37,580324.605 6570610.32,580324.655999999 6570610.22,580324.631 6570610.211,580324.568000001 6570610.21899999,580324.486000001 6570610.33199999)),((580325.509 6570609.554,580325.391 6570609.751,580325.388 6570609.865,580325.343000001 6570609.97,580325.346 6570609.9709,580325.268 6570610.138,580325.209 6570610.209,580325.193 6570610.348,580325.136999999 6570610.453,580325.192 6570610.49399999,580325.365 6570610.285,580325.5159 6570610.0509,580325.538000001 6570610.02699999,580325.631835248 6570609.86269704,580325.629 6570609.86799999,580325.6 6570609.965,580325.716 6570609.994,580325.838 6570609.974,580325.943 6570609.735,580325.947 6570609.63,580325.823 6570609.597,580325.694382701 6570609.75317815,580325.795 6570609.577,580325.914 6570609.289,580326.070000001 6570609.0,580326.148 6570608.837,580326.281 6570608.764,580326.425000001 6570608.578,580326.232 6570608.425,580326.038 6570608.577,580325.974 6570608.645,580325.860391993 6570608.83752134,580325.767 6570608.764,580325.824999999 6570608.628,580325.8 6570608.605,580325.705 6570608.762,580325.562999999 6570609.019,580325.423 6570609.279,580325.26 6570609.569,580325.267 6570609.65799999,580325.197 6570609.764,580325.28 6570609.834,580325.359999999 6570609.78,580325.534 6570609.454,580325.690991928 6570609.15662905,580325.670000001 6570609.198,580325.509 6570609.554)),((580326.267 6570608.994,580326.411 6570608.847,580326.503969105 6570608.68817778,580326.458000001 6570608.83599999,580326.336 6570608.963,580326.185000001 6570609.24499999,580326.05 6570609.371,580325.991 6570609.401,580325.937000001 6570609.495,580325.965 6570609.605,580325.937 6570609.807,580325.908000001 6570609.91199999,580325.921 6570609.97899999,580326.161 6570609.56899999,580326.416 6570609.142,580326.523 6570608.85099999,580326.531 6570608.734,580326.509 6570608.67199999,580326.505988276 6570608.68168476,580326.437000001 6570608.59199999,580326.27 6570608.806,580326.048000001 6570609.143,580325.961 6570609.303,580326.068 6570609.34299999,580326.239 6570609.08699999,580326.267 6570608.994)))",1013,SØ,Prestegaten,SA1100,,31,Sivile konstruksjoner,Bygning,6.65,0,0,0,0,0,0,,,,,,,,,"2024",NIKU,2658,,1022557,,
"MULTIPOLYGON (((580318.825 6570613.339,580319.053000001 6570613.49399999,580319.259 6570613.282,580318.735 6570612.855,580318.719686682 6570612.84202103,580318.935 6570612.99,580319.24 6570613.26,580319.314 6570613.181,580319.426 6570613.032,580319.167 6570612.869,580318.927 6570612.715,580318.713 6570612.553,580318.522 6570612.425,580318.319 6570612.261,580318.146 6570612.133,580318.05 6570612.112,580318.001000001 6570612.18499999,580317.972999999 6570612.272,580317.979341568 6570612.28157218,580317.769 6570612.187,580317.642 6570612.063,580317.435 6570611.862,580317.404279188 6570611.83286041,580317.464 6570611.803,580317.416 6570611.705,580317.422 6570611.63199999,580317.3 6570611.514,580317.218 6570611.548,580317.162 6570611.475,580317.076 6570611.44399999,580316.994 6570611.395,580316.958 6570611.47999999,580317.077 6570611.542,580317.158999999 6570611.609,580317.191 6570611.655,580317.238 6570611.714,580317.241059352 6570611.71902608,580317.129 6570611.69199999,580316.93 6570611.513,580316.913733866 6570611.49977996,580316.968 6570611.399,580317.03 6570611.318,580317.111 6570611.178,580317.19 6570611.008,580317.165 6570610.922,580317.043 6570611.06499999,580316.968 6570611.251,580316.952625615 6570611.269331,580316.845 6570611.192,580316.706 6570611.07099999,580316.577999999 6570610.981,580316.399 6570610.88,580316.308288162 6570611.04423617,580316.3 6570611.04,580316.195 6570611.17999999,580316.120645249 6570611.29482632,580316.111999999 6570611.288,580316.034 6570611.442,580316.445000001 6570611.84699999,580316.564 6570611.93499999,580316.605 6570612.029,580316.994 6570612.305,580317.209999999 6570612.123,580317.142985464 6570612.07440166,580317.207000001 6570612.11,580317.265 6570612.073,580317.582000001 6570612.273,580317.962 6570612.602,580318.118000001 6570612.715,580318.394 6570612.929,580318.542999999 6570613.113,580318.825 6570613.339)),((580318.745 6570612.52699999,580318.898 6570612.669,580319.128 6570612.82,580319.430999999 6570613.005,580319.521455458 6570612.88439272,580319.525000001 6570612.88799999,580319.601000001 6570612.78699999,580319.684 6570612.65599999,580319.497 6570612.57,580319.359 6570612.523,580319.216 6570612.435,580319.100000001 6570612.36299999,580319.007000001 6570612.25299999,580318.772000001 6570612.07399999,580318.73 6570612.222,580318.764283513 6570612.24819414,580318.717000001 6570612.32699999,580318.672 6570612.44,580318.745 6570612.52699999)),((580316.951 6570611.074,580316.866 6570611.04299999,580316.781 6570611.06999999,580316.837000001 6570611.12799999,580316.963 6570611.249,580316.988 6570611.141,580316.951 6570611.074)),((580319.634 6570612.263,580319.542 6570612.334,580319.504 6570612.38399999,580319.6 6570612.44199999,580319.723 6570612.5,580319.804 6570612.32,580319.708 6570612.275,580319.634 6570612.263)))",1014,SØ,Prestegaten,SA11496,Veite eller gulv,31,Sivile konstruksjoner,Bygning,2.48,0,0,0,0,0,0,,,,,,,,,"2024",NIKU,2658,,1022557,,
"MULTIPOLYGON (((580324.261000001 6570610.275,580324.352 6570610.325,580324.392711601 6570610.35090737,580324.3741 6570610.3756,580324.5431 6570610.482,580324.624999999 6570610.397,580324.737 6570610.274,580324.786 6570610.128,580324.879 6570609.921,580324.888717442 6570609.90542936,580325.011 6570609.936,580325.096 6570609.826,580325.121 6570609.778,580325.081 6570609.706,580325.030974426 6570609.67748542,580325.050000001 6570609.64699999,580325.220999999 6570609.399,580325.502999999 6570608.91,580325.622 6570608.628,580325.868 6570608.217,580325.74 6570608.081,580325.594 6570608.352,580325.389000001 6570608.68199999,580325.336325707 6570608.78496975,580325.401 6570608.644,580325.150308681 6570608.4906467,580325.196 6570608.516,580325.409000001 6570608.6485,580325.5267 6570608.459,580325.332 6570608.358,580325.292412562 6570608.33421203,580325.304 6570608.3381,580325.3709 6570608.2509,580325.4532 6570608.14169999,580325.42161009 6570608.1221438,580325.548 6570608.194,580325.612000001 6570608.139,580325.662999999 6570608.027,580325.527 6570607.921,580325.315000001 6570607.79199999,580325.197999999 6570607.741,580325.003 6570607.643,580324.775 6570607.547,580324.679000001 6570607.64899999,580324.809 6570607.725,580324.783 6570607.729,580324.972 6570607.828,580325.138 6570607.937,580325.293152958 6570608.04262056,580325.170999999 6570607.967,580325.024000001 6570607.87799999,580324.772 6570607.741,580324.743 6570607.857,580324.714002346 6570607.91666825,580324.544000001 6570607.802,580324.436 6570608.002,580324.592 6570608.103,580324.830989881 6570608.21725811,580324.823000001 6570608.23199999,580324.7943 6570608.2823,580324.838039248 6570608.31224206,580324.794 6570608.28299999,580324.512 6570608.211,580324.194999999 6570608.098,580324.058 6570608.259,580324.230804158 6570608.34813057,580324.03 6570608.263,580323.94 6570608.309,580323.754999999 6570608.332,580323.685 6570608.401,580323.691071713 6570608.40438111,580323.651 6570608.464,580323.679 6570608.529,580323.616509507 6570608.66472154,580323.614 6570608.663,580323.473 6570608.863,580323.361 6570608.994,580323.684 6570609.16899999,580323.928 6570609.286,580324.138 6570609.4,580324.393 6570609.513,580324.601 6570609.658,580324.676 6570609.565,580324.742 6570609.46099999,580324.795 6570609.463,580324.847 6570609.334,580324.568000001 6570609.244,580324.368 6570609.13999999,580324.167 6570609.037,580323.96180747 6570608.90046805,580324.156 6570609.007,580324.426 6570609.143,580324.727 6570609.278,580324.793 6570609.164,580324.887 6570609.034,580324.842073222 6570609.00696885,580324.924 6570609.046,580325.119 6570609.16799999,580325.141130402 6570609.13331412,580325.033 6570609.306,580324.891 6570609.59,580324.762 6570609.823,580324.564 6570610.141,580324.467650118 6570610.25194834,580324.228 6570610.112,580323.924 6570609.87799999,580323.65 6570609.72399999,580323.399 6570609.565,580323.079 6570609.38499999,580323.027 6570609.557,580323.28 6570609.718,580323.567 6570609.869,580323.981 6570610.103,580324.151 6570610.223,580324.261000001 6570610.275),(580324.956 6570608.12799999,580324.978198351 6570608.14916929,580324.935165859 6570608.1245507,580324.940279339 6570608.11827099,580324.956 6570608.12799999),(580324.998937441 6570608.40845481,580325.0475 6570608.4336,580325.074681115 6570608.44868231,580324.998937441 6570608.40845481),(580325.034000001 6570608.813,580325.267104273 6570608.92028649,580325.253301476 6570608.94726873,580325.2646 6570608.92209999,580324.998000001 6570608.79599999,580324.933369832 6570608.75794672,580325.034000001 6570608.813),(580324.281 6570608.723,580324.059744524 6570608.60008029,580324.133 6570608.635,580324.417 6570608.746,580324.518074643 6570608.81418255,580324.281 6570608.723)),((580321.884999999 6570608.948,580321.975 6570608.932,580322.146 6570609.105,580322.335 6570609.222,580322.47 6570609.224,580322.542 6570609.28599999,580322.802 6570609.41099999,580322.938 6570609.226,580322.688 6570609.168,580322.489000001 6570609.067,580322.380000001 6570608.94599999,580322.214000001 6570608.859,580322.003 6570608.81,580321.974 6570608.672,580321.849220598 6570608.6613599,580321.878 6570608.641,580321.92 6570608.564,580322.051 6570608.42799999,580321.979 6570608.364,580321.917 6570608.449,580321.779 6570608.58,580321.638 6570608.718,580321.679196707 6570608.76236568,580321.667999999 6570608.784,580321.884999999 6570608.948)))",1015,SØ,Prestegaten,SA13046,Vevstue,54,Handel- og næringskonstruksjoner,Produksjon,3.43,1,0,0,0,0,0,,,,1090,FTMC-KL28-5,,,,"2024",NIKU,2658,,1022557,,
"MULTIPOLYGON (((580310.896999999 6570605.949,580310.975 6570606.049,580311.020614463 6570606.00659782,580311.11 6570606.05199999,580311.175922262 6570606.0783689,580311.166 6570606.096,580311.044 6570606.222,580311.143000001 6570606.33499999,580311.206 6570606.317,580311.306 6570606.211,580311.348776536 6570606.14751061,580311.360000001 6570606.15199999,580311.598 6570606.365,580311.617933477 6570606.36076755,580311.606 6570606.39799999,580311.464 6570606.622,580311.290000001 6570606.79699999,580311.358000001 6570606.90799999,580311.387 6570606.941,580311.635000001 6570606.68299999,580311.859 6570606.424,580311.940000001 6570606.22199999,580312.054 6570606.065,580312.348 6570605.642,580312.51 6570605.439,580312.718999999 6570605.144,580312.892 6570604.871,580312.986799999 6570604.7465,580312.803 6570604.6045,580312.605 6570604.906,580312.4 6570605.19099999,580312.168 6570605.51799999,580312.031480792 6570605.66524061,580311.76518712 6570605.46881173,580311.674 6570605.39,580311.669142158 6570605.39796511,580311.220572668 6570605.06708228,580311.243000001 6570605.05299999,580311.209 6570605.00999999,580311.187304905 6570605.04254264,580310.525000001 6570604.55399999,580310.510749493 6570604.57994522,580310.496000001 6570604.562,580310.429 6570604.713,580310.437030919 6570604.7141611,580310.341 6570604.889,580310.549 6570604.938,580310.671141954 6570605.0443817,580310.535999999 6570604.947,580310.431 6570604.987,580310.303000001 6570604.964,580310.277 6570605.046,580310.412541731 6570605.12606905,580310.353 6570605.163,580310.358 6570605.281,580310.502 6570605.406,580310.748694308 6570605.51299994,580310.710866905 6570605.56509558,580310.673 6570605.511,580310.254 6570605.332,580310.336 6570605.462,580310.443000001 6570605.54899999,580310.6 6570605.667,580310.678000001 6570605.796,580310.795 6570605.892,580310.897644144 6570605.94413671,580310.896999999 6570605.949),(580310.895000001 6570605.63399999,580311.009121685 6570605.70175975,580310.994 6570605.704,580310.950991162 6570605.7565043,580310.949 6570605.755,580310.813444864 6570605.67579924,580310.855126581 6570605.60077215,580310.895000001 6570605.63399999),(580311.920575047 6570605.79617997,580311.918952649 6570605.79825538,580311.729999999 6570605.7,580311.670058292 6570605.66847893,580311.683746374 6570605.6497182,580311.685 6570605.651,580311.920575047 6570605.79617997),(580311.416 6570605.49999999,580311.373 6570605.439,580311.330661808 6570605.41530816,580311.500000001 6570605.50499999,580311.576968572 6570605.54909658,580311.563 6570605.572,580311.543288604 6570605.60181555,580311.498 6570605.57799999,580311.416 6570605.49999999),(580311.635000001 6570606.096,580311.702218842 6570606.12768888,580311.681 6570606.164,580311.675291339 6570606.18181102,580311.635 6570606.15099999,580311.446999999 6570606.057,580311.402702318 6570606.04190414,580311.44440901 6570605.9821453,580311.456000001 6570605.98999999,580311.635000001 6570606.096),(580311.235917444 6570605.97176207,580311.123550126 6570605.88687016,580311.142000001 6570605.864,580311.172007577 6570605.79847325,580311.182999999 6570605.805,580311.289247277 6570605.87699907,580311.235917444 6570605.97176207)),((580312.084638942 6570605.31426512,580312.135 6570605.341,580312.218 6570605.312,580312.159 6570605.223,580312.109000001 6570605.22199999,580312.06506288 6570605.28271311,580312.064 6570605.281,580312.06445682 6570605.28355058,580312.054000001 6570605.29799999,580312.068415395 6570605.30565262,580312.076000001 6570605.34799999,580312.125 6570605.419,580312.149 6570605.418,580312.084638942 6570605.31426512)),((580311.955 6570605.311,580312.01 6570605.313,580312.037 6570605.235,580311.981 6570605.239,580311.955 6570605.311)))",1016,SØ,Prestegaten,SA15983,Plankedekke til tidlig bygning,31,Sivile konstruksjoner,Bygning,2.09,0,0,0,0,0,0,,,,,,,,,"2024",NIKU,2658,,1022557,,
"MULTIPOLYGON (((580315.586 6570602.796,580315.475000001 6570602.62799999,580315.39 6570602.765,580315.264 6570602.904,580315.257 6570603.027,580315.258 6570603.152,580315.316 6570603.222,580315.412 6570603.122,580315.470000001 6570602.96899999,580315.533 6570602.868,580315.586 6570602.796)),((580315.341 6570602.206,580315.262 6570602.372,580315.141 6570602.563,580315.182 6570602.588,580315.242 6570602.606,580315.274 6570602.69,580315.333 6570602.62399999,580315.408 6570602.57199999,580315.445000001 6570602.50399999,580315.341 6570602.206)),((580314.584 6570602.528,580314.656000001 6570602.60699999,580314.7539 6570602.6425,580314.9441 6570602.41,580315.115800001 6570602.19869999,580315.159031888 6570602.1455494,580315.131 6570602.213,580315.055 6570602.3017,580314.9837 6570602.3889,580314.988 6570602.496,580315.082 6570602.541,580315.115000001 6570602.599,580315.228 6570602.397,580315.238 6570602.305,580315.3218 6570602.1934,580315.2083 6570602.027,580315.179391023 6570602.09656106,580315.181000001 6570601.99599999,580315.115 6570601.852,580315.045 6570601.933,580314.926000001 6570602.09599999,580314.819 6570602.221,580314.698 6570602.392,580314.584 6570602.528)),((580314.9888 6570601.952,580315.094500001 6570601.82789999,580315.0548 6570601.783,580314.976999999 6570601.67,580314.809000001 6570601.858,580314.64 6570602.067,580314.442 6570602.3166,580314.565999999 6570602.503,580314.7907 6570602.20559999,580314.9888 6570601.952)),((580314.415 6570601.943,580314.362 6570602.04399999,580314.2969 6570602.1327,580314.4237 6570602.2912,580314.547 6570602.074,580314.649 6570601.912,580314.735 6570601.792,580314.822000001 6570601.68599999,580314.734 6570601.633,580314.745 6570601.599,580314.711000001 6570601.505,580314.629 6570601.57999999,580314.502 6570601.793,580314.415 6570601.943)),((580314.3999 6570601.5727,580314.2864 6570601.78139999,580314.1622 6570601.96099999,580314.2758 6570602.1116,580314.4528 6570601.8289,580314.53 6570601.672,580314.536 6570601.504,580314.4713 6570601.4485,580314.3999 6570601.5727)),((580314.328 6570601.61299999,580314.398 6570601.48,580314.338 6570601.413,580314.368 6570601.344,580314.432 6570601.31499999,580314.502 6570601.308,580314.548 6570601.263,580314.587 6570601.184,580314.535800001 6570601.10059999,580314.486 6570601.06599999,580314.463735178 6570601.06962451,580314.468000001 6570601.06699999,580314.253000001 6570600.98599999,580314.15 6570601.104,580314.096999999 6570601.146,580314.023827426 6570601.20603904,580314.065600001 6570601.14279999,580314.1633 6570601.0239,580314.032999999 6570601.001,580313.952 6570600.9711,580313.883 6570601.055,580313.845999999 6570601.106,580313.734 6570601.235,580313.849 6570601.4307,580313.868 6570601.393,580314.008 6570601.23,580314.013142857 6570601.22221429,580313.9944 6570601.2613,580313.8809 6570601.3907,580313.881000001 6570601.471,580313.957 6570601.55999999,580314.039 6570601.558,580314.158199999 6570601.462,580314.2559 6570601.3511,580314.324 6570601.232,580314.324 6570601.184,580314.429 6570601.091,580314.435489185 6570601.08700665,580314.369 6570601.21099999,580314.266 6570601.351,580314.134000001 6570601.501,580314.065 6570601.56399999,580314.069 6570601.661,580314.061 6570601.8,580314.123700001 6570601.89829999,580314.191 6570601.76099999,580314.270999999 6570601.693,580314.328 6570601.61299999)),((580313.8095 6570601.1292,580313.862400001 6570601.04469999,580313.9335 6570600.9658,580313.769 6570600.924,580313.674 6570601.04199999,580313.727599999 6570601.2005,580313.8095 6570601.1292)))",1017,SØ,Prestegaten,SA14268,Mulig gulv i bygning.,31,Sivile konstruksjoner,Bygning,1.24,0,0,0,0,0,0,,,,,,,,,"2024",NIKU,2658,,1022557,,
"MULTIPOLYGON (((580314.505 6570601.945,580314.569 6570601.91,580314.651 6570601.90799999,580314.696 6570601.901,580314.649 6570601.841,580314.543 6570601.799,580314.452 6570601.772,580314.364 6570601.724,580314.285 6570601.65199999,580314.159 6570601.591,580314.023999999 6570601.527,580313.862000001 6570601.43999999,580313.917 6570601.57,580313.966 6570601.643,580313.962 6570601.685,580314.091000001 6570601.738,580314.230000001 6570601.805,580314.381 6570601.879,580314.505 6570601.945)),((580314.075000001 6570601.251,580314.119 6570601.317,580314.249 6570601.375,580314.402 6570601.441,580314.547 6570601.548,580314.643000001 6570601.606,580314.709 6570601.679,580314.704 6570601.621,580314.778 6570601.626,580314.875778737 6570601.74701328,580314.823 6570601.78,580314.85 6570601.88,580314.886999999 6570601.917,580314.95 6570601.874,580314.986 6570601.818,580314.986 6570601.711,580314.919000001 6570601.72,580314.902816793 6570601.7301145,580314.944000001 6570601.694,580314.867000001 6570601.62799999,580314.812 6570601.572,580314.729 6570601.479,580314.617 6570601.454,580314.518000001 6570601.35099999,580314.392 6570601.28699999,580314.240999999 6570601.229,580314.155 6570601.17,580314.056 6570601.139,580314.041 6570601.129,580314.026 6570601.084,580313.982 6570601.066,580313.979959296 6570601.06565346,580313.972 6570601.037,580313.92 6570601.022,580313.884581152 6570601.04325131,580313.845 6570601.031,580313.786 6570601.094,580313.807211834 6570601.11274534,580313.799 6570601.142,580313.799 6570601.273,580313.929 6570601.257,580313.970938054 6570601.21506194,580314.063 6570601.224,580314.075000001 6570601.251)),((580314.794000001 6570602.60999999,580314.884 6570602.494,580315.018 6570602.34,580315.079 6570602.22499999,580315.126 6570602.132,580315.162 6570602.04799999,580315.16 6570601.951,580315.139 6570601.871,580315.065 6570601.965,580314.978 6570602.074,580314.86 6570602.175,580314.780000001 6570602.28899999,580314.71 6570602.40599999,580314.637 6570602.531,580314.688 6570602.607,580314.688 6570602.686,580314.794000001 6570602.60999999)))",1018,SØ,Prestegaten,SA12594,,31,Sivile konstruksjoner,Bygning,0.46,0,0,0,0,0,0,,,,,,,,,"2024",NIKU,2658,,1022557,,
"MULTIPOLYGON (((580304.957 6570616.819,580304.862 6570616.729,580304.784 6570616.749,580304.773 6570616.849,580304.773000001 6570616.91199999,580304.814999999 6570616.954,580304.919 6570616.907,580304.957 6570616.819)),((580303.889 6570617.317,580303.783000001 6570617.259,580303.71 6570617.288,580303.648000001 6570617.31799999,580303.686 6570617.443,580303.701 6570617.508,580303.773 6570617.523,580303.834 6570617.41,580303.889 6570617.317)),((580303.154 6570616.158,580303.234 6570616.155,580303.276 6570616.094,580303.343 6570616.024,580303.366000001 6570615.92899999,580303.337 6570615.88299999,580303.205999999 6570615.868,580303.075 6570615.972,580303.094 6570616.067,580303.154 6570616.158)))",1019,SØ,Prestegaten,SA19444,Stolpehull tilhørende konstruksjon?,31,Sivile konstruksjoner,Bygning,0.12,0,0,0,0,0,0,,,,,,,,,"2024",NIKU,2658,,1022557,,
"MULTIPOLYGON (((580302.354 6570584.729,580302.241000001 6570584.81099999,580302.248999999 6570584.881,580302.329 6570584.839,580302.412 6570584.779,580302.47 6570584.749,580302.354 6570584.729)),((580302.44 6570585.074,580302.545000001 6570585.089,580302.601999999 6570585.028,580302.642 6570584.985,580302.630999999 6570584.903,580302.568 6570584.817,580302.466000001 6570584.779,580302.382 6570584.815,580302.319 6570584.887,580302.327 6570584.979,580302.44 6570585.074)),((580302.577999999 6570585.218,580302.61 6570585.294,580302.676 6570585.347,580302.771000001 6570585.352,580302.848 6570585.343,580302.922 6570585.236,580302.92 6570585.218,580302.918 6570585.12999999,580302.829000001 6570585.03799999,580302.722 6570585.006,580302.649 6570584.994,580302.58 6570585.059,580302.577999999 6570585.218)),((580302.976000001 6570585.24399999,580302.866000001 6570585.364,580302.884 6570585.434,580303.041 6570585.53499999,580303.044 6570585.52999999,580303.123 6570585.511,580303.185 6570585.428,580303.149 6570585.28499999,580303.077 6570585.248,580302.976000001 6570585.24399999)),((580303.304 6570585.716,580303.374 6570585.67299999,580303.458000001 6570585.57499999,580303.43 6570585.484,580303.356000001 6570585.40299999,580303.266000001 6570585.40999999,580303.194 6570585.428,580303.139 6570585.555,580303.216 6570585.682,580303.304 6570585.716)),((580303.478000001 6570585.818,580303.538 6570585.84599999,580303.653999999 6570585.682,580303.616 6570585.605,580303.526 6570585.578,580303.459 6570585.581,580303.367 6570585.682,580303.411 6570585.762,580303.478000001 6570585.818)),((580303.552 6570585.847,580303.612 6570585.923,580303.64 6570585.983,580303.799000001 6570585.95599999,580303.877 6570585.878,580303.868 6570585.783,580303.821 6570585.73399999,580303.705 6570585.647,580303.552 6570585.847)),((580303.96 6570585.863,580303.878 6570585.897,580303.849 6570585.928,580303.815000001 6570586.031,580303.916 6570586.017,580303.994 6570585.987,580304.029000001 6570585.97799999,580304.026 6570585.895,580303.96 6570585.863)))",1020,SV,Prestegaten,SA19980,Stabberekke,31,Sivile konstruksjoner,Bygning,0.46,0,0,1,0,0,0,,,,1272,FTMC-SI57-2,,,,"2024",NIKU,2658,,1022557,,
"MULTIPOLYGON (((580252.497394167 6570540.16785121,580252.580353706 6570540.24555987,580253.088 6570540.781,580254.254 6570539.70099999,580254.075 6570539.322,580253.382 6570539.281,580253.11636904 6570539.52630947,580253.115 6570539.51699999,580253.443 6570539.218,580253.801000001 6570538.774,580253.798449402 6570538.70905783,580253.823 6570538.681,580253.859 6570538.606,580253.792910044 6570538.56801727,580253.775 6570538.112,580253.573 6570537.599,580253.492968444 6570537.52114617,580253.584 6570537.42,580253.094 6570536.932,580253.022195943 6570537.07201791,580252.584 6570536.681,580252.179 6570536.556,580251.871584766 6570536.46040136,580252.053000001 6570536.427,580251.995999999 6570536.307,580251.75 6570536.399,580251.758649527 6570536.42528126,580251.687 6570536.403,580251.216 6570536.323,580250.504 6570536.694,580250.091 6570536.85499999,580249.647 6570536.947,580249.279000001 6570536.90099999,580249.013 6570536.904,580249.683881511 6570537.53241841,580249.664000001 6570537.55399999,580249.789000001 6570537.69799999,580249.824210126 6570537.66386499,580249.902107421 6570537.73683182,580249.937 6570537.774,580249.912 6570537.815,580249.779900001 6570537.9524,580251.767769214 6570539.59295603,580252.081 6570539.89499999,580252.081 6570539.86299999,580252.062687697 6570539.83634744,580252.221000001 6570539.967,580252.258542122 6570539.94411718,580252.275118802 6570539.95964465,580252.24 6570539.994,580252.467000001 6570540.19199999,580252.497394167 6570540.16785121)))",1021,SV,Prestegaten,SA30913,Brent bygning 1150–1350,31,Sivile konstruksjoner,Bygning,11.51,0,0,0,1,0,0,,1150,1350,1315,FTMC-KL28-9,,,,"2024",NIKU,2658,,1022557,,
"MULTIPOLYGON (((580243.7879153 6570530.66172857,580243.79 6570530.669,580244.007 6570530.97999999,580244.108658067 6570531.03544984,580244.217 6570531.186,580244.315214785 6570531.14811715,580244.414 6570531.202,580244.553 6570531.16999999,580244.663000001 6570531.06199999,580244.72 6570530.92699999,580244.808 6570530.713,580244.877 6570530.478,580245.026 6570530.414,580245.161947666 6570530.36033645,580245.432507113 6570530.28134099,580245.662 6570530.253,580245.793509339 6570530.00358574,580245.813000001 6570529.98499999,580245.540000001 6570529.322,580245.183 6570529.203,580245.043 6570528.92899999,580244.679 6570528.549,580244.524999999 6570528.025,580244.204789978 6570528.42574353,580244.174000001 6570528.39899999,580243.914144522 6570528.65669002,580243.905 6570528.657,580243.912738452 6570528.65808437,580243.574000001 6570528.99399999,580243.251 6570529.498,580243.665 6570530.23299999,580243.734808345 6570530.47649151,580243.733821114 6570530.48932551,580243.723 6570530.507,580243.752 6570530.637,580243.7879153 6570530.66172857)))",1022,SV,Prestegaten,SA30976,Bygning nederst i prestegaten,31,Sivile konstruksjoner,Bygning,4.24,0,0,1,0,0,0,,1350,1550,1239,FTMC-KL28-8,,,,"2024",NIKU,2658,,1022557,,
"MULTIPOLYGON (((580264.253 6570545.367,580264.311 6570545.529,580264.982 6570546.324,580265.686 6570547.24,580266.102 6570547.65099999,580267.001 6570548.716,580268.009 6570549.72999999,580267.481 6570548.835,580266.514999999 6570547.909,580265.727 6570547.053,580265.016 6570546.087,580264.329 6570545.27,580263.901 6570544.775,580263.815 6570544.791,580264.253 6570545.367)),((580267.165 6570548.103,580267.568 6570548.686,580268.769000001 6570550.072,580269.779 6570551.21,580271.399 6570552.909,580271.386999999 6570552.812,580270.535000001 6570551.99999999,580269.868 6570551.092,580269.230999999 6570550.437,580268.720000001 6570549.88,580267.914 6570548.80699999,580267.659 6570548.51,580267.384 6570548.30799999,580266.58 6570547.28999999,580266.479999999 6570547.343,580267.165 6570548.103)))",1023,SV,Prestegaten,SA30215,Flettverksrenne,36,Sivile konstruksjoner,Vannhåndtering,1.72,0,0,1,0,0,0,,,,1230,FTMC-KL28-6,,,,"2024",NIKU,2658,,1022557,,
"MULTIPOLYGON (((580306.006 6570580.458,580305.961 6570580.477,580305.875999999 6570580.544,580305.668 6570580.696,580305.529999999 6570580.797,580305.463 6570580.847,580305.376 6570580.989,580305.493999999 6570581.035,580305.633 6570581.15,580306.063 6570580.67,580306.060283581 6570580.66411443,580306.060499999 6570580.6641,580306.054573924 6570580.6517435,580306.039 6570580.618,580306.064 6570580.55999999,580306.039 6570580.50799999,580306.006 6570580.458)))",1024,SV,Prestegaten,SA33223,Forhistorisk grav (?),43,Religiøse konstruksjoner,Gravplass,0.2,1,0,0,0,0,0,,,,728,FTMC-KL28-11,,,,"2024",NIKU,2658,,1022557,,
"MULTIPOLYGON (((580265.603 6570539.723,580265.458 6570539.558,580265.355 6570539.695,580265.513000001 6570539.82699999,580265.603 6570539.723)),((580265.31 6570539.463,580265.542 6570539.592,580265.65 6570539.656,580265.714000001 6570539.61699999,580265.553000001 6570539.48499999,580265.378 6570539.384,580265.31 6570539.463)),((580266.644 6570539.244,580266.392 6570539.302,580266.403 6570539.378,580266.635999999 6570539.325,580266.644 6570539.244)),((580266.84 6570539.118,580266.895 6570539.238,580267.068 6570539.029,580266.954 6570538.89999999,580266.843000001 6570539.05599999,580266.84 6570539.118)),((580266.371 6570537.969,580266.204 6570538.088,580266.101 6570538.188,580265.952 6570538.342,580265.883 6570538.36,580265.858000001 6570538.451,580265.801000001 6570538.614,580265.974 6570538.51,580266.174 6570538.35099999,580266.194970138 6570538.33753136,580266.227076116 6570538.37355869,580266.038 6570538.51999999,580265.92 6570538.612,580265.816 6570538.65099999,580265.860000001 6570538.81499999,580266.009 6570538.772,580266.159 6570538.64,580266.318 6570538.481,580266.305650756 6570538.46166368,580266.456000001 6570538.61499999,580266.56 6570538.698,580266.572340917 6570538.70701836,580266.492 6570538.81299999,580266.545 6570538.892,580266.610999999 6570538.813,580266.636999999 6570538.764,580266.623847097 6570538.74465748,580266.638000001 6570538.755,580266.697 6570538.76,580266.82 6570538.828,580266.903 6570538.851,580266.918000001 6570538.81599999,580266.791 6570538.71,580266.589 6570538.526,580266.417 6570538.364,580266.332280094 6570538.24569743,580266.521 6570538.105,580266.621 6570537.90399999,580266.686000001 6570537.784,580266.564 6570537.718,580266.371 6570537.969)),((580266.369 6570537.828,580266.467 6570537.716,580266.573000001 6570537.621,580266.692000001 6570537.498,580266.585 6570537.471,580266.527 6570537.535,580266.438 6570537.529,580266.303 6570537.627,580266.369 6570537.828)),((580266.785 6570538.146,580266.975 6570537.993,580267.057 6570537.936,580267.312 6570537.659,580267.138000001 6570537.547,580267.031 6570537.682,580266.809 6570537.87899999,580266.682 6570538.041,580266.618000001 6570538.12299999,580266.68 6570538.273,580266.785 6570538.146)),((580267.059 6570537.937,580266.788000001 6570538.19199999,580266.696 6570538.288,580266.801 6570538.336,580266.888 6570538.342,580267.008 6570538.25399999,580267.006000001 6570538.14799999,580267.059 6570537.937)),((580267.108 6570538.65,580267.276 6570538.68199999,580267.418 6570538.51399999,580267.458 6570538.464,580267.381 6570538.386,580267.336693405 6570538.29999308,580267.339 6570538.297,580267.313 6570538.187,580267.274000001 6570538.071,580267.116000001 6570538.187,580267.024 6570538.239,580266.871 6570538.39,580266.692 6570538.508,580266.895 6570538.491,580267.071561176 6570538.52737312,580267.012 6570538.589,580267.108 6570538.65)))",1025,SV,Prestegaten,SA33463,Trebrolegning/gårdsplass,14,Transport,Passasje,1.01,0,0,0,0,0,0,,,,,,,,,"2024",NIKU,2658,,1022557,,
"MULTIPOLYGON (((580255.514 6570516.57799999,580255.513100901 6570516.73624149,580255.3993 6570516.5639,580255.342000001 6570516.396,580255.198999999 6570516.172,580254.983 6570515.749,580254.910700001 6570515.70319999,580254.832 6570515.57,580254.565 6570515.733,580254.799 6570516.306,580255.146573452 6570516.77881479,580255.066000001 6570516.75299999,580255.006 6570516.741,580255.014 6570516.777,580255.03152158 6570516.80444531,580254.999999999 6570516.78,580254.889000001 6570516.77699999,580254.757 6570516.904,580254.781 6570516.963,580254.877000001 6570517.041,580254.963 6570517.121,580255.049 6570517.058,580255.101000001 6570516.943,580255.099916451 6570516.9115771,580255.127 6570516.954,580255.223 6570516.992,580255.30452486 6570516.99368093,580255.334588178 6570517.03457698,580255.285999999 6570517.113,580255.249 6570517.249,580255.301 6570517.307,580255.355 6570517.383,580255.527 6570517.417,580255.535194969 6570517.33877529,580255.654297771 6570517.52921571,580255.617 6570517.527,580255.572000001 6570517.63499999,580255.579 6570517.751,580255.644000001 6570517.83099999,580255.687000001 6570517.90299999,580255.75 6570517.898,580255.836 6570517.889,580255.856766718 6570517.83802714,580256.010952183 6570518.0510925,580255.96 6570518.057,580255.959 6570518.139,580255.985 6570518.226,580256.064000001 6570518.19099999,580256.070708948 6570518.133669,580256.097 6570518.17,580256.538999999 6570518.925,580256.954999999 6570519.522,580257.138 6570519.39,580256.748999999 6570518.794,580256.675833653 6570518.65677316,580256.691 6570518.671,580256.839 6570518.78099999,580256.924 6570518.654,580256.922 6570518.353,580256.912 6570518.239,580256.768 6570518.116,580256.722999999 6570518.225,580256.641000001 6570518.37699999,580256.634396479 6570518.39670575,580256.591000001 6570518.285,580256.517 6570518.273,580256.493636569 6570518.31505418,580256.374955812 6570518.09246297,580256.41 6570518.094,580256.458 6570517.984,580256.427 6570517.928,580256.28 6570517.896,580256.275743901 6570517.91134774,580256.186184419 6570517.77249945,580256.284 6570517.84199999,580256.353 6570517.842,580256.407 6570517.812,580256.366 6570517.7,580256.286 6570517.611,580256.153000001 6570517.56499999,580256.054571437 6570517.56845362,580255.889795593 6570517.31299386,580255.999 6570517.27,580256.04 6570517.202,580255.962 6570517.126,580255.83 6570517.042,580255.75350813 6570517.10170097,580255.715 6570517.042,580255.603502389 6570516.87314662,580255.658000001 6570516.87699999,580255.745 6570516.812,580255.734000001 6570516.724,580255.678976303 6570516.63840757,580255.764 6570516.694,580255.815000001 6570516.63499999,580255.885 6570516.533,580255.958 6570516.45499999,580255.86 6570516.373,580255.724 6570516.39399999,580255.719930736 6570516.40016681,580255.757 6570516.33,580255.712 6570516.248,580255.619 6570516.193,580255.492 6570516.257,580255.457 6570516.373,580255.466 6570516.493,580255.605000001 6570516.50599999,580255.691913957 6570516.44262524,580255.626999999 6570516.541,580255.646301887 6570516.59071698,580255.622 6570516.556,580255.514 6570516.57799999),(580256.564435361 6570518.44784055,580256.623075917 6570518.43048774,580256.596873357 6570518.50867951,580256.564435361 6570518.44784055)),((580255.878 6570515.852,580255.841000001 6570515.99,580255.955 6570516.06199999,580256.009 6570516.09599999,580256.062000001 6570516.02399999,580256.055 6570515.96299999,580255.971 6570515.885,580255.878 6570515.852)),((580256.077 6570516.474,580256.096999999 6570516.424,580256.063 6570516.348,580256.031000001 6570516.31599999,580255.881000001 6570516.307,580255.895 6570516.383,580255.958000001 6570516.44799999,580256.077 6570516.474)),((580256.439 6570516.06999999,580256.312 6570516.03,580256.214000001 6570516.082,580256.123000001 6570516.234,580256.186 6570516.326,580256.262 6570516.32399999,580256.428 6570516.289,580256.497 6570516.158,580256.439 6570516.06999999)),((580256.661999999 6570515.837,580256.648517027 6570515.81764326,580256.709999999 6570515.855,580256.829999999 6570515.875,580256.859000001 6570515.748,580256.806000001 6570515.65,580256.723 6570515.573,580256.651 6570515.585,580256.578 6570515.645,580256.622051632 6570515.77964837,580256.560999999 6570515.692,580256.461 6570515.718,580256.402 6570515.803,580256.466 6570515.897,580256.535 6570515.927,580256.637999999 6570515.908,580256.661999999 6570515.837)),((580256.369 6570516.368,580256.364000001 6570516.46399999,580256.52 6570516.55,580256.638000001 6570516.568,580256.684 6570516.466,580256.643 6570516.374,580256.547 6570516.24,580256.466000001 6570516.303,580256.369 6570516.368)),((580256.196 6570516.501,580256.309 6570516.481,580256.346 6570516.402,580256.305 6570516.334,580256.226999999 6570516.328,580256.167999999 6570516.383,580256.196 6570516.501)),((580255.887 6570516.562,580255.814 6570516.639,580255.794999999 6570516.717,580255.885999999 6570516.758,580256.005 6570516.827,580256.111 6570516.829,580256.168 6570516.765,580256.174 6570516.663,580256.131 6570516.54,580256.02 6570516.493,580255.887 6570516.562)),((580256.02 6570516.873,580255.917 6570516.888,580255.851 6570516.919,580255.885 6570516.998,580255.994 6570517.081,580256.118 6570517.083,580256.132000001 6570516.99099999,580256.127999999 6570516.904,580256.02 6570516.873)),((580256.735 6570517.247,580256.765382979 6570517.30299999,580256.65 6570517.303,580256.539691333 6570517.28252354,580256.553 6570517.238,580256.448466769 6570517.18377339,580256.535999999 6570517.128,580256.56957901 6570517.07348862,580256.657 6570517.10699999,580256.780999999 6570517.027,580256.832000001 6570516.88499999,580256.755000001 6570516.86699999,580256.617 6570516.972,580256.602801833 6570516.98779546,580256.558 6570516.921,580256.409 6570516.878,580256.328 6570516.873,580256.191 6570516.874,580256.203 6570517.048,580256.293 6570517.176,580256.348391304 6570517.18622609,580256.263 6570517.246,580256.292000001 6570517.36099999,580256.378 6570517.44699999,580256.484866712 6570517.4247361,580256.500000001 6570517.494,580256.621 6570517.542,580256.699 6570517.481,580256.768 6570517.373,580256.778012048 6570517.3262771,580256.786 6570517.341,580256.904 6570517.433,580257.027 6570517.46399999,580257.044999999 6570517.38,580257.057 6570517.31599999,580256.954 6570517.218,580256.827 6570517.23,580256.735 6570517.247)),((580256.417 6570516.874,580256.481406822 6570516.75844658,580256.498 6570516.857,580256.59 6570516.87299999,580256.669 6570516.808,580256.672542526 6570516.77209167,580256.758 6570516.832,580256.965 6570516.704,580256.937000001 6570516.58599999,580256.865421134 6570516.50197263,580256.991 6570516.551,580257.072 6570516.503,580257.035 6570516.36199999,580256.961 6570516.319,580256.893 6570516.289,580256.752 6570516.42399999,580256.828909163 6570516.48188862,580256.725 6570516.507,580256.681437224 6570516.68193177,580256.691 6570516.58499999,580256.615 6570516.605,580256.464999999 6570516.661,580256.478576183 6570516.74163429,580256.441 6570516.681,580256.323 6570516.693,580256.299 6570516.807,580256.417 6570516.874)),((580257.683 6570516.398,580257.599000001 6570516.29,580257.52 6570516.24199999,580257.471000001 6570516.31099999,580257.431 6570516.413,580257.488000001 6570516.55999999,580257.56857483 6570516.49588669,580257.553 6570516.565,580257.66 6570516.587,580257.755 6570516.548,580257.658000001 6570516.45299999,580257.605 6570516.473,580257.576291135 6570516.48974683,580257.581 6570516.486,580257.683 6570516.398)),((580257.631000001 6570516.70999999,580257.615000001 6570516.64099999,580257.545 6570516.594,580257.476 6570516.577,580257.394 6570516.616,580257.419 6570516.754,580257.548 6570516.76899999,580257.631000001 6570516.70999999)),((580257.099000001 6570517.074,580257.137 6570516.986,580257.158000001 6570516.77899999,580257.026 6570516.78999999,580256.885 6570516.83,580256.851 6570516.959,580256.887 6570517.075,580257.014 6570517.087,580257.099000001 6570517.074)),((580256.477 6570517.802,580256.615 6570517.802,580256.653 6570517.69199999,580256.600000001 6570517.58,580256.452 6570517.454,580256.359 6570517.511,580256.409 6570517.68,580256.477 6570517.802)),((580256.201 6570517.368,580256.140000001 6570517.42999999,580256.192000001 6570517.564,580256.269000001 6570517.59299999,580256.326 6570517.45699999,580256.201 6570517.368)),((580257.546 6570517.28,580257.421 6570517.271,580257.354 6570517.32399999,580257.232 6570517.382,580257.252 6570517.527,580257.39 6570517.604,580257.542000001 6570517.52899999,580257.668 6570517.358,580257.546 6570517.28)),((580257.738000001 6570516.92299999,580257.675 6570516.882,580257.563 6570516.96699999,580257.497000001 6570517.04799999,580257.587 6570517.179,580257.702000001 6570517.161,580257.764 6570517.07199999,580257.788 6570516.96899999,580257.738000001 6570516.92299999)),((580257.426 6570518.59599999,580257.545 6570518.451,580257.433999999 6570518.211,580257.227 6570518.154,580257.203 6570518.271,580257.191 6570518.449,580257.293 6570518.566,580257.426 6570518.59599999)),((580257.01 6570518.675,580257.068 6570518.603,580257.154 6570518.53700001,580257.102 6570518.431,580257.119 6570518.357,580256.983 6570518.366,580256.93 6570518.495,580257.01 6570518.675)),((580257.029 6570519.71,580257.093000001 6570519.825,580257.189 6570519.895,580257.279000001 6570519.83499999,580257.319000001 6570519.766,580257.28 6570519.671,580257.256 6570519.595,580257.183 6570519.52599999,580257.106 6570519.51,580257.041000001 6570519.54099999,580257.0 6570519.59299999,580257.029 6570519.71)),((580256.466 6570514.138,580256.223000001 6570514.441,580256.345 6570514.567,580256.597 6570514.224,580256.466 6570514.138)),((580256.987999999 6570516.019,580256.911000001 6570516.08799999,580256.844 6570516.166,580256.788 6570516.209,580256.795000001 6570516.315,580256.868 6570516.281,580256.961999999 6570516.193,580257.058 6570516.1,580257.183 6570515.962,580257.085 6570515.908,580256.987999999 6570516.019)),((580254.28 6570515.81,580254.298 6570515.867,580254.541 6570515.674,580254.514 6570515.594,580254.28 6570515.81)))",1026,SV,Prestegaten,SA33727,,15,Transport,Brygge,3.77,0,1,0,0,0,0,,,,1185,FTMC-KL28-10,,,,"2024",NIKU,2658,,1022557,,
"MULTIPOLYGON (((580242.617 6570528.644,580242.39 6570528.965,580242.43 6570529.016,580242.676 6570528.85699999,580242.757 6570528.652,580242.914999999 6570528.454,580243.064999999 6570528.285,580243.26 6570528.056,580243.438 6570527.80699999,580243.334 6570527.689,580243.176 6570527.587,580243.043 6570527.711,580243.022700389 6570527.7359066,580243.043 6570527.658,580242.975 6570527.619,580243.006 6570527.526,580243.064000001 6570527.43299999,580242.997 6570527.37,580242.937584348 6570527.4614087,580242.931 6570527.423,580242.869 6570527.394,580242.829 6570527.322,580242.901000001 6570527.267,580242.82 6570527.187,580242.610999999 6570527.387,580242.414 6570527.636,580242.13 6570527.91999999,580241.919 6570528.22,580241.808 6570528.378,580241.965 6570528.484,580242.173 6570528.39099999,580242.201354531 6570528.36395818,580242.19 6570528.408,580242.153 6570528.498,580242.061000001 6570528.621,580242.049999999 6570528.77,580242.098411748 6570528.85785836,580242.094 6570528.862,580242.139 6570529.043,580242.379000001 6570528.77299999,580242.552 6570528.609,580242.617 6570528.644),(580242.663 6570528.4,580242.398971993 6570528.53796952,580242.428 6570528.44,580242.473 6570528.36799999,580242.623 6570528.204,580242.744694973 6570528.07445373,580242.79 6570528.121,580242.751 6570528.159,580242.784 6570528.243,580242.663 6570528.4)),((580242.249000001 6570527.625,580242.518 6570527.392,580242.811 6570527.102,580242.586 6570526.898,580242.392 6570527.062,580242.278653695 6570527.18249922,580242.381 6570527.071,580242.426 6570527.026,580242.32 6570526.932,580242.068 6570527.097,580241.937 6570527.262,580241.651000001 6570527.65299999,580241.58 6570527.827,580241.634 6570527.84,580241.665199999 6570527.8332,580241.725 6570527.845,580241.921000001 6570527.63499999,580241.981100931 6570527.58094095,580241.911999999 6570527.698,580241.664999999 6570527.941,580241.531 6570528.117,580241.665 6570528.203,580241.766 6570528.23,580242.017 6570527.931,580242.249000001 6570527.625),(580242.082846981 6570527.42099338,580242.081 6570527.418,580242.116771654 6570527.37495276,580242.082846981 6570527.42099338)))",1027,SV,Prestegaten,SA35184,Trebrolegning/gårdsplass,14,Transport,Passasje,1.97,0,0,1,0,0,0,,,,,FTMC-TW31-11,,,,"2024",NIKU,2658,,1022557,,
"MULTIPOLYGON (((580240.724900001 6570531.6527,580240.678 6570531.589,580240.677 6570531.58809999,580240.6721 6570531.5814,580240.55538029 6570531.47195501,580240.317999999 6570531.109,580240.275293779 6570531.24201492,580240.148 6570531.18,580240.082 6570531.355,580240.019 6570531.546,580240.1961 6570531.742,580240.1963 6570531.7422,580240.196 6570531.745,580240.4193 6570531.9762,580240.5746 6570532.1391,580240.5758 6570532.1383,580240.704 6570532.271,580240.828 6570532.26,580240.971 6570531.987,580240.8566 6570531.8316,580240.857 6570531.831,580240.724900001 6570531.6527)),((580243.633 6570527.49099999,580242.793 6570526.639,580242.758523042 6570526.75406684,580242.726 6570526.726,580242.682 6570526.83799999,580242.594 6570526.951,580243.439 6570527.724,580243.523 6570527.629,580243.631000001 6570527.507,580243.622096379 6570527.49931632,580243.633 6570527.49099999)),((580241.845111434 6570529.52922588,580241.963 6570529.68499999,580241.977270794 6570529.65407995,580242.01 6570529.685,580242.21 6570529.331,580242.143152407 6570529.29466979,580242.161 6570529.256,580241.433999999 6570528.664,580241.428346366 6570528.68903753,580241.371 6570528.624,580241.275 6570528.766,580241.214 6570528.933,580241.845111434 6570529.52922588)))",1028,SV,Prestegaten,SA35510,,15,Transport,Brygge,1.31,0,0,0,0,0,0,,,,,,,,,"2024",NIKU,2658,,1022557,,
"MULTIPOLYGON (((580262.769 6570541.204,580262.92 6570541.33,580263.002 6570541.223,580262.857000001 6570541.09099999,580262.769 6570541.204)),((580263.062000001 6570541.487,580263.146 6570541.29799999,580263.023 6570541.201,580262.93 6570541.365,580263.062000001 6570541.487)),((580263.387635138 6570541.59569468,580263.364 6570541.683,580263.398 6570542.001,580263.514 6570541.801,580263.502 6570541.634,580263.598 6570541.51399999,580263.510999999 6570541.412,580263.413 6570541.502,580263.400100718 6570541.54964837,580263.292834805 6570541.44898343,580263.306680313 6570541.42478022,580263.323 6570541.436,580263.397 6570541.297,580263.213 6570541.158,580263.039 6570541.035,580262.844 6570540.86,580262.785 6570540.974,580263.05 6570541.194,580263.162678147 6570541.3094776,580263.1494 6570541.3021,580263.0676 6570541.4901,580263.191 6570541.627,580263.201039085 6570541.60945076,580263.252 6570541.83499999,580263.387635138 6570541.59569468)))",1029,SV,Prestegaten,SA37567,Gulv. dårlig bevart,31,Sivile konstruksjoner,Bygning,0.3,0,0,0,0,0,0,,,,,,,,,"2024",NIKU,2658,,1022557,,
"MULTIPOLYGON (((580249.280999999 6570520.358,580249.57 6570520.388,580249.574 6570520.326,580249.541 6570520.295,580249.45489041 6570520.18703182,580249.472 6570520.171,580249.516 6570520.115,580249.5 6570520.01199999,580249.439000001 6570519.97599999,580249.360000001 6570520.02,580249.337117216 6570520.03936235,580249.151 6570519.806,580248.889 6570519.549,580248.682 6570519.304,580248.529999999 6570519.123,580248.444 6570519.229,580248.371 6570519.348,580248.508637647 6570519.51696208,580248.388000001 6570519.38899999,580248.288 6570519.471,580248.226999999 6570519.559,580248.692 6570520.099,580248.950297663 6570520.36582017,580248.519 6570520.67599999,580248.114 6570520.989,580248.109655691 6570520.99435331,580247.797000001 6570520.65799999,580247.51 6570520.353,580247.449 6570520.441,580247.374 6570520.52799999,580247.729 6570520.98399999,580247.94047921 6570521.19353308,580247.428 6570521.568,580247.129 6570521.808,580247.107198263 6570521.82373516,580246.97 6570521.661,580246.906000001 6570521.69299999,580246.832 6570521.758,580246.969612054 6570521.92303651,580246.956976233 6570521.93215628,580246.922000001 6570521.875,580246.824 6570521.906,580246.758 6570521.98299999,580246.798452873 6570522.0465688,580246.784 6570522.057,580246.329 6570522.451,580245.848000001 6570522.86,580245.16 6570523.47,580245.21 6570523.59099999,580245.238 6570523.717,580245.652999999 6570523.414,580245.893999999 6570523.205,580245.927274697 6570523.17004214,580245.959655146 6570523.20371523,580245.918 6570523.241,580245.196 6570523.811,580244.741999999 6570524.205,580244.234 6570524.666,580244.325 6570524.76,580244.4 6570524.885,580245.082 6570524.368,580245.633 6570523.836,580246.104 6570523.407,580246.131666962 6570523.38259379,580246.384 6570523.64499999,580246.511099465 6570523.75925781,580246.298000001 6570523.976,580246.058 6570524.22699999,580246.087 6570524.286,580246.075 6570524.31999999,580246.300999999 6570524.133,580246.588 6570523.862,580246.606002421 6570523.84457213,580246.770000001 6570523.992,580246.861748121 6570524.06946397,580246.853 6570524.084,580246.815 6570524.189,580246.919 6570524.206,580246.957036475 6570524.14991702,580247.104 6570524.274,580247.135 6570524.221,580247.182 6570524.172,580247.040204029 6570524.0272904,580247.056 6570524.004,580247.059056494 6570523.99858931,580247.101000001 6570524.03899999,580247.153 6570524.01999999,580247.1985214 6570523.97607583,580247.205 6570523.99,580247.291 6570524.074,580247.366 6570523.942,580247.225 6570523.78,580247.150694097 6570523.83637,580247.365 6570523.457,580247.287999999 6570523.431,580247.182 6570523.427,580247.051 6570523.755,580247.037273302 6570523.7778085,580246.866331519 6570523.59255139,580246.869999999 6570523.589,580246.800000001 6570523.51199999,580246.795179024 6570523.51606545,580246.571 6570523.289,580246.329803475 6570523.08990583,580246.309 6570523.063,580246.223 6570522.968,580246.205388712 6570522.98376355,580246.15264278 6570522.93364397,580246.764 6570522.42899999,580246.963985024 6570522.27024502,580246.977000001 6570522.28599999,580247.063 6570522.247,580247.107 6570522.184,580247.096054691 6570522.1654036,580247.141574175 6570522.12926867,580247.159187629 6570522.15039227,580247.138 6570522.177,580247.256 6570522.333,580247.288543968 6570522.30552782,580247.394 6570522.432,580247.667999999 6570522.761,580248.077 6570523.205,580248.14 6570523.119,580248.171 6570523.071,580247.547000001 6570522.318,580247.428660025 6570522.18833376,580247.966 6570521.766,580248.221 6570521.514,580248.232628338 6570521.50396896,580248.404 6570521.694,580248.501 6570521.68099999,580248.593 6570521.571,580248.412398917 6570521.35026534,580248.530000001 6570521.26599999,580248.686 6570521.145,580248.701 6570521.069,580248.718 6570520.969,580248.626 6570520.963,580248.295113415 6570521.2069164,580248.279642813 6570521.18800788,580248.283 6570521.18499999,580248.716 6570520.82399999,580249.091 6570520.528,580249.098487105 6570520.52098452,580249.330999999 6570520.8,580249.429 6570520.71399999,580249.509 6570520.622,580249.262108897 6570520.36766962,580249.276827226 6570520.35387843,580249.280999999 6570520.358),(580246.736611167 6570523.71813174,580246.748193182 6570523.70691936,580246.800000001 6570523.74899999,580246.96116349 6570523.9042738,580246.945373271 6570523.93051108,580246.743999999 6570523.725,580246.736611167 6570523.71813174),(580247.128143899 6570523.87628896,580247.141276308 6570523.85304162,580247.17645149 6570523.92864201,580247.128143899 6570523.87628896),(580246.650490634 6570523.63807879,580246.560800065 6570523.55470733,580246.656844649 6570523.63272056,580246.650490634 6570523.63807879),(580247.510210105 6570521.83272724,580247.791000001 6570521.60499999,580248.095569969 6570521.35198732,580248.104056975 6570521.36139842,580247.718 6570521.677,580247.510210105 6570521.83272724),(580248.978 6570520.07499999,580248.89910802 6570519.97600329,580249.118 6570520.197,580249.133142305 6570520.21195651,580249.120958386 6570520.22226598,580248.978 6570520.07499999),(580246.304 6570523.31599999,580246.256619411 6570523.27236788,580246.276055736 6570523.25522225,580246.521004358 6570523.51771541,580246.304 6570523.31599999),(580246.072442159 6570523.10276161,580246.02921044 6570523.06295012,580246.050451618 6570523.04063448,580246.097193657 6570523.08060698,580246.072442159 6570523.10276161)),((580246.213 6570522.201,580246.301 6570522.296,580246.37 6570522.253,580246.464 6570522.179,580246.285 6570521.95199999,580246.191 6570522.01,580246.103999999 6570522.099,580246.213 6570522.201)),((580246.008999999 6570522.357,580246.169 6570522.37,580246.192000001 6570522.318,580246.2 6570522.229,580246.114 6570522.121,580246.029 6570522.17299999,580245.925 6570522.273,580246.008999999 6570522.357)))",1030,SV,Prestegaten,SA3800,,15,Transport,Brygge,4.57,0,0,0,0,0,0,,,,,,,,,"2024",NIKU,2658,,1022557,,
"MULTIPOLYGON (((580248.433 6570527.162,580248.362699632 6570527.23230036,580248.268 6570527.12,580248.241995751 6570527.13471293,580247.771 6570526.612,580247.233 6570525.913,580246.921 6570525.58099999,580246.873 6570525.536,580246.674 6570525.447,580246.591 6570525.517,580246.560000001 6570525.562,580246.576 6570525.665,580246.635 6570525.773,580246.852 6570526.029,580246.898196052 6570526.07834028,580246.743 6570526.249,580246.791 6570526.291,580246.849 6570526.30099999,580246.923 6570526.29899999,580247.024761608 6570526.21352025,580247.043 6570526.233,580247.541 6570526.805,580247.886400001 6570527.2059,580247.9225 6570527.2467,580247.9993 6570527.1273,580248.016 6570527.1248,580248.027700001 6570527.139,580248.0987 6570527.22,580248.066100001 6570527.2676,580248.062577897 6570527.26821814,580248.096 6570527.223,580248.0643 6570527.1837,580248.028999999 6570527.143,580247.994 6570527.137,580247.9833 6570527.1546,580247.985 6570527.184,580248.009 6570527.226,580248.034000001 6570527.2571,580248.060866886 6570527.26851843,580247.9567 6570527.2868,580248.0093 6570527.3486,580248.077 6570527.427,580248.123894099 6570527.48038843,580247.9587 6570527.616,580247.867 6570527.69299999,580247.840000001 6570527.78399999,580247.847 6570527.84299999,580247.916 6570527.916,580247.984 6570527.944,580248.028 6570527.952,580248.0766 6570527.9499,580248.1569 6570527.9177,580248.201 6570527.89499999,580248.350650071 6570527.73854765,580248.633000001 6570528.05999999,580249.020999999 6570528.482,580249.082087018 6570528.44920592,580249.129000001 6570528.50599999,580249.304 6570528.32699999,580248.763000001 6570527.70699999,580248.58698672 6570527.49827314,580248.807 6570527.295,580248.671642769 6570527.19118789,580248.53 6570527.05699999,580248.433 6570527.162)))",1031,SV,Prestegaten,SA38546,,15,Transport,Brygge,1.53,0,1,1,0,0,0,,,,1220,FTMC-UC72-13,FTMC-UC72-14,FTMC-UC72-15,,"2024",NIKU,2658,,1022557,,
"MULTIPOLYGON (((580248.433 6570527.162,580248.362699632 6570527.23230036,580248.268 6570527.12,580248.241995751 6570527.13471293,580247.771 6570526.612,580247.233 6570525.913,580246.921 6570525.58099999,580246.873 6570525.536,580246.674 6570525.447,580246.591 6570525.517,580246.560000001 6570525.562,580246.576 6570525.665,580246.635 6570525.773,580246.852 6570526.029,580246.898196052 6570526.07834028,580246.743 6570526.249,580246.791 6570526.291,580246.849 6570526.30099999,580246.923 6570526.29899999,580247.024761608 6570526.21352025,580247.043 6570526.233,580247.541 6570526.805,580247.886400001 6570527.2059,580247.9225 6570527.2467,580247.9993 6570527.1273,580248.016 6570527.1248,580248.027700001 6570527.139,580248.0987 6570527.22,580248.066100001 6570527.2676,580248.062577897 6570527.26821814,580248.096 6570527.223,580248.0643 6570527.1837,580248.028999999 6570527.143,580247.994 6570527.137,580247.9833 6570527.1546,580247.985 6570527.184,580248.009 6570527.226,580248.034000001 6570527.2571,580248.060866886 6570527.26851843,580247.9567 6570527.2868,580248.0093 6570527.3486,580248.077 6570527.427,580248.123894099 6570527.48038843,580247.9587 6570527.616,580247.867 6570527.69299999,580247.840000001 6570527.78399999,580247.847 6570527.84299999,580247.916 6570527.916,580247.984 6570527.944,580248.028 6570527.952,580248.0766 6570527.9499,580248.1569 6570527.9177,580248.201 6570527.89499999,580248.350650071 6570527.73854765,580248.633000001 6570528.05999999,580249.020999999 6570528.482,580249.082087018 6570528.44920592,580249.129000001 6570528.50599999,580249.304 6570528.32699999,580248.763000001 6570527.70699999,580248.58698672 6570527.49827314,580248.807 6570527.295,580248.671642769 6570527.19118789,580248.53 6570527.05699999,580248.433 6570527.162)))",1032,SV,Prestegaten,SA38546,,15,Transport,Brygge,1.53,0,1,1,0,0,0,,,,1220,FTMC-UC72-13,FTMC-UC72-14,FTMC-UC72-15,,"2024",NIKU,2658,,1022557,,
"MULTIPOLYGON (((580311.491 6570614.885,580312.466 6570615.583,580312.607 6570615.348,580311.972 6570615.0,580311.287 6570614.674,580311.491 6570614.885)),((580314.99 6570607.72099999,580315.765 6570607.741,580316.240999999 6570607.409,580315.686000001 6570606.92299999,580315.246000001 6570607.40299999,580314.99 6570607.72099999)),((580316.433 6570609.257,580316.158 6570608.99199999,580315.918 6570608.875,580315.577 6570609.279,580315.224 6570609.802,580315.687 6570610.155,580316.048 6570609.706,580316.433 6570609.257)),((580304.126 6570612.875,580304.609000001 6570613.295,580305.075 6570613.63,580305.54 6570612.962,580305.935 6570612.521,580305.445 6570612.162,580305.152 6570611.73799999,580304.716 6570612.268,580304.126 6570612.875)),((580302.181 6570617.897,580302.685000001 6570618.22599999,580302.792 6570617.76599999,580302.372000001 6570617.092,580302.008 6570616.48,580301.721 6570615.975,580301.124 6570616.543,580300.778000001 6570616.91499999,580301.417 6570617.415,580302.181 6570617.897)),((580306.896 6570615.437,580307.11 6570615.33,580307.382 6570615.182,580307.451 6570614.933,580307.463 6570614.561,580306.848 6570614.157,580306.546 6570613.931,580306.452 6570614.06,580306.611999999 6570614.471,580306.732 6570614.907,580306.821 6570615.24,580306.896 6570615.437)),((580312.510000001 6570607.72399999,580313.9692 6570608.035,580314.968 6570607.766,580314.543 6570607.511,580313.905 6570607.026,580313.404 6570606.656,580312.895000001 6570606.295,580312.3301 6570605.8398,580310.5333 6570604.5238,580310.115699999 6570605.1312,580310.4827 6570605.7006,580310.8243 6570606.32069999,580311.438 6570607.001,580311.806 6570607.263,580312.164999999 6570607.524,580312.510000001 6570607.72399999)),((580302.491 6570614.83,580302.33 6570615.289,580302.625 6570616.01299999,580302.975999999 6570616.726,580303.131 6570617.318,580303.133 6570617.604,580303.505 6570617.926,580304.097 6570618.457,580304.62 6570619.022,580304.971000001 6570619.45999999,580305.307000001 6570619.94499999,580306.015 6570620.654,580306.247 6570620.482,580306.589 6570620.631,580307.168000001 6570620.98199999,580307.910000001 6570621.52099999,580308.294 6570621.001,580308.857 6570620.081,580309.222000001 6570619.40899999,580308.487 6570618.87499999,580307.569999999 6570618.252,580307.036000001 6570617.835,580306.594 6570617.44,580306.256 6570617.108,580306.122999999 6570616.95,580306.391 6570616.52699999,580306.905 6570615.798,580306.413 6570615.509,580305.91 6570615.16999999,580305.377 6570614.768,580305.202000001 6570614.62099999,580305.024 6570614.262,580304.503 6570613.692,580303.846000001 6570613.03599999,580303.056 6570613.898,580302.491 6570614.83)),((580309.974 6570609.881,580308.858 6570609.01999999,580308.846 6570608.669,580308.970000001 6570608.45699999,580308.729000001 6570607.876,580308.49 6570607.742,580307.599 6570608.67099999,580308.259999999 6570609.418,580308.774 6570609.95299999,580308.958 6570610.15199999,580309.001 6570610.353,580309.134000001 6570610.67,580308.815 6570611.18899999,580308.682 6570611.39699999,580309.037 6570611.639,580309.685000001 6570612.194,580310.233 6570612.682,580310.7 6570613.03599999,580310.987 6570612.564,580311.385000001 6570611.82,580311.576 6570611.216,580311.804 6570611.118,580311.973 6570611.333,580311.922 6570611.665,580311.719 6570612.312,580311.416000001 6570613.41299999,580311.464 6570613.639,580312.379 6570614.308,580312.666999999 6570614.057,580312.835 6570613.899,580312.958 6570613.917,580312.995 6570614.013,580312.888000001 6570614.25,580312.776 6570614.473,580312.842 6570614.583,580313.162 6570614.434,580313.971 6570613.438,580314.608000001 6570612.55599999,580316.034 6570610.56499999,580314.144 6570609.066,580313.286 6570608.576,580312.832000001 6570609.17299999,580312.357 6570609.678,580311.910000001 6570610.44999999,580311.699 6570610.767,580309.974 6570609.881)))",1033,SØ,Prestegaten,SL10030,Ardspor,52,Handel- og næringskonstruksjoner,Jordbruk,60.09,1,0,0,0,0,0,"1",,,,,,,,"2024",NIKU,2658,,1022557,,
"MULTIPOLYGON (((580320.537 6570590.163,580320.569 6570589.973,580320.396 6570589.852,580320.271 6570589.786,580320.147000001 6570589.85699999,580320.359999999 6570590.023,580320.537 6570590.163)),((580308.999 6570587.568,580308.519 6570587.583,580308.249 6570587.661,580308.209637076 6570587.68624361,580308.401 6570587.467,580308.156 6570587.082,580307.985999999 6570586.938,580307.739000001 6570587.197,580307.546999999 6570587.327,580307.844000001 6570587.552,580308.065480528 6570587.77869183,580308.065 6570587.779,580308.653 6570588.491,580309.082999999 6570589.134,580309.751 6570590.142,580310.017 6570590.067,580310.55 6570589.558,580309.938 6570588.849,580309.447 6570588.108,580308.999 6570587.568)),((580318.434 6570589.177,580318.703 6570589.48000001,580318.991999999 6570589.457,580319.225 6570589.093,580318.912 6570588.81,580318.602 6570588.518,580318.366 6570588.689,580318.182 6570588.939,580318.434 6570589.177)),((580315.124 6570609.807,580315.522 6570610.08,580315.77 6570610.276,580316.155 6570609.759,580316.488 6570609.284,580316.369 6570609.054,580315.874 6570608.819,580315.536 6570609.191,580315.124 6570609.807)),((580310.1313 6570613.20049999,580309.831 6570612.988,580309.495 6570612.659,580309.173 6570612.368,580308.6486 6570612.0785,580307.7669 6570611.464,580307.5532 6570611.8915,580308.543 6570612.45,580309.0092 6570612.82649999,580309.6638 6570613.2273,580309.984400001 6570613.3608,580310.1313 6570613.20049999)),((580324.469 6570582.175,580324.760000001 6570582.423,580325.003 6570582.705,580325.172 6570582.51199999,580325.308 6570582.414,580325.394 6570582.276,580325.286 6570582.185,580325.173 6570582.08499999,580325.056 6570581.941,580324.813 6570582.011,580324.614 6570582.085,580324.469 6570582.175)),((580318.353 6570590.012,580318.130999999 6570589.705,580317.493 6570589.978,580317.153 6570590.316,580316.733 6570590.871,580316.97 6570591.16199999,580317.157 6570591.50899999,580317.5 6570591.674,580318.057 6570591.226,580318.451 6570590.641,580318.302 6570590.311,580318.353 6570590.012)),((580301.595 6570616.353,580301.659999999 6570615.954,580301.103 6570616.528,580300.589 6570617.199,580301.166 6570617.482,580301.549 6570617.776,580302.1 6570618.226,580302.342000001 6570617.60399999,580302.610999999 6570617.155,580302.618 6570616.826,580302.397 6570616.73499999,580302.196 6570616.905,580301.932 6570617.099,580301.59 6570616.84099999,580301.595 6570616.353)),((580319.591000001 6570610.40199999,580319.889 6570610.66,580320.097999999 6570610.756,580320.325999999 6570610.345,580320.702999999 6570609.859,580320.691000001 6570609.848,580320.101 6570609.481,580319.8186 6570609.842,580319.732 6570609.878,580319.671 6570609.91199999,580319.238 6570609.964,580319.192 6570609.995,580319.218000001 6570610.06199999,580319.509 6570610.298,580319.591000001 6570610.40199999)),((580303.922 6570615.249,580304.307000001 6570614.64099999,580304.738999999 6570614.144,580304.886 6570613.876,580304.506000001 6570613.40399999,580302.657 6570614.313,580302.378 6570614.747,580302.301 6570615.04,580302.35 6570614.962,580302.504 6570615.533,580302.631000001 6570616.07099999,580302.789 6570616.26699999,580303.083 6570616.29099999,580303.302000001 6570616.16599999,580303.616 6570615.778,580303.922 6570615.249)),((580328.786000001 6570577.54,580329.173 6570578.16099999,580329.645 6570577.954,580329.939 6570577.627,580330.112 6570577.23099999,580330.448 6570576.82999999,580330.376 6570576.439,580330.153 6570576.227,580329.806 6570576.055,580329.827000001 6570576.05399999,580329.458000001 6570575.785,580329.147 6570575.52599999,580329.035 6570576.06299999,580328.761 6570576.7,580328.538 6570577.13899999,580328.786000001 6570577.54)),((580301.3852 6570585.8193,580302.014900001 6570586.27969999,580302.305899999 6570586.5019,580302.852000001 6570586.194,580303.4224 6570585.9146,580303.925 6570585.839,580304.3591 6570585.7929,580304.6766 6570585.7029,580304.75 6570585.17299999,580304.603800001 6570584.6181,580303.9265 6570584.76629999,580303.276 6570584.912,580302.806999999 6570584.472,580302.321000001 6570584.91299999,580301.9249 6570585.3431,580301.3852 6570585.8193)),((580321.853 6570586.185,580321.779000001 6570585.878,580321.696000001 6570585.35299999,580321.659 6570585.19099999,580321.332 6570585.278,580320.943 6570585.833,580320.457 6570586.28,580319.899 6570586.88,580319.599 6570587.33399999,580319.174 6570587.765,580319.385 6570588.184,580319.562 6570588.43099999,580320.062 6570588.196,580320.466 6570587.694,580321.171 6570586.937,580321.634 6570586.499,580321.853 6570586.185)),((580309.931 6570612.458,580310.249 6570612.771,580310.551 6570612.93999999,580310.941 6570613.102,580311.093000001 6570612.546,580311.311 6570611.983,580311.504 6570611.348,580311.647 6570610.927,580311.703000001 6570610.849,580311.323 6570610.685,580310.881 6570610.40199999,580310.272 6570610.049,580309.832 6570609.715,580309.778 6570609.63,580309.342 6570610.152,580309.14 6570610.614,580309.002 6570610.885,580308.815 6570611.038,580308.598 6570611.22899999,580308.957 6570611.57,580309.405 6570611.90299999,580309.612 6570612.263,580309.931 6570612.458)),((580316.631 6570607.616,580316.9757 6570607.05569999,580316.0882 6570606.39479999,580315.742 6570606.841,580315.7396 6570606.8435,580315.731 6570606.83599999,580314.94 6570607.679,580314.048 6570607.097,580313.160000001 6570606.47499999,580312.248 6570605.81499999,580311.767 6570605.437,580311.061 6570604.939,580310.562 6570604.581,580309.986 6570605.309,580310.469 6570605.65799999,580310.752 6570606.17,580311.15 6570606.637,580311.433000001 6570606.92299999,580311.893 6570607.321,580313.868 6570608.643,580315.208 6570609.557,580315.688 6570608.985,580316.189 6570608.264,580316.3621 6570607.9662,580316.3714 6570607.9747,580316.631 6570607.616)),((580307.528 6570618.202,580306.901 6570617.727,580306.228 6570617.01999999,580306.160999999 6570616.891,580306.32 6570616.592,580306.542 6570616.241,580306.697 6570615.99,580306.182 6570615.50499999,580305.618999999 6570615.129,580305.298 6570614.949,580304.822999999 6570615.642,580304.404 6570616.261,580303.867 6570617.168,580303.681 6570617.578,580303.644 6570617.851,580303.839 6570618.18299999,580304.338 6570618.662,580304.954 6570619.239,580305.482 6570619.621,580305.995 6570620.064,580306.481 6570620.409,580306.92 6570620.745,580307.138000001 6570620.945,580307.668 6570621.261,580308.003999999 6570621.487,580308.461000001 6570620.73599999,580308.808999999 6570620.134,580309.064000001 6570619.91099999,580309.278000001 6570619.467,580308.405 6570618.75499999,580307.528 6570618.202)),((580311.812 6570613.656,580312.033 6570613.867,580312.262 6570614.05499999,580312.546 6570614.326,580312.852 6570613.952,580313.088 6570613.658,580313.23 6570613.481,580313.404999999 6570613.484,580313.416 6570613.592,580313.277000001 6570613.776,580313.053000001 6570614.04899999,580312.702000001 6570614.54199999,580312.87 6570614.743,580313.233 6570614.841,580313.379000001 6570614.601,580313.674999999 6570614.18,580314.019 6570613.74299999,580314.334 6570613.304,580314.674 6570612.82699999,580314.91 6570612.48099999,580315.241999999 6570611.988,580315.58 6570611.45899999,580315.247 6570611.19999999,580314.758 6570610.828,580314.362 6570610.5,580313.976 6570610.182,580313.651999999 6570609.937,580313.293 6570609.565,580312.85 6570609.22,580312.606000001 6570609.45799999,580312.322 6570609.81,580311.946 6570610.29799999,580311.622 6570610.70199999,580312.182000001 6570610.98499999,580312.093 6570611.368,580312.007 6570611.781,580311.825999999 6570612.358,580311.633 6570612.911,580311.445 6570613.29999999,580311.812 6570613.656)),((580300.273 6570613.215,580297.715 6570615.433,580296.755 6570616.727,580296.529 6570617.188,580296.679 6570617.354,580296.854 6570617.365,580297.405 6570616.766,580297.716 6570616.378,580297.891 6570615.96,580297.753 6570615.759,580297.689489298 6570615.75503058,580300.273 6570613.215)),((580296.85 6570617.932,580296.904 6570618.19,580297.119 6570618.301,580297.296 6570618.655,580297.35 6570618.88,580297.746000001 6570618.458,580297.876 6570618.104,580297.87 6570617.794,580297.551 6570617.687,580297.153 6570617.698,580296.85 6570617.932)))",1034,SØ,Prestegaten,SL10069,Dyrkningslag,52,Handel- og næringskonstruksjoner,Jordbruk,69.47,1,1,0,0,0,0,"2",,,,,,,,"2024",NIKU,2658,,1022557,,
"MULTIPOLYGON (((580106.520054149 6570793.78785898,580106.943892384 6570793.90138707,580107.148839657 6570794.10366025,580107.712083007 6570793.7515063,580108.487874524 6570793.44727469,580109.786851578 6570792.45430865,580109.464216171 6570791.99411501,580109.222022894 6570792.00168356,580108.949555458 6570791.73678467,580108.669519481 6570791.92599817,580108.442463284 6570792.22873976,580108.404620584 6570792.48607012,580107.927802571 6570792.95531959,580107.496395796 6570793.23535557,580106.777384506 6570793.57593986,580106.48221145 6570793.75758482,580106.520054149 6570793.78785898)))",1035,,Storgaten 51,SA20074/SA200054/SA200052,Strete,13,Transport,Strete,2.48,0,0,1,0,0,0,,,,1263,Beta-438162,,,,"2015",NIKU,,,1020292,C60194,NIKU Oppdragsrapport 3/2016
"MULTIPOLYGON (((580093.827612733 6570807.20309595,580093.994120611 6570807.08956785,580093.933572291 6570806.9836083,580094.062237471 6570806.65059254,580093.842749813 6570806.46894758,580093.555145298 6570806.55220151,580093.827612733 6570807.20309595)))",1036,,Storgaten 51,ST424,Strete,13,Transport,Strete,0.2,1,1,1,0,0,0,,,,1194,Beta-438165,,,,"2015",NIKU,,,1020292,C60194,NIKU Oppdragsrapport 3/2016
"MULTIPOLYGON (((580096.127665237 6570800.9128644,580095.791648838 6570800.31194037,580094.686642013 6570800.9628348,580094.93261956 6570801.34883034,580095.027226308 6570801.28449775,580095.227792616 6570801.39424158,580096.162507293 6570800.97418762,580096.127665237 6570800.9128644)))",1037,,Storgaten 51,SA200060,Strete,13,Transport,Strete,0.84,1,1,1,0,0,0,,,,1104,Beta-438164,,,,"2015",NIKU,,,1020292,C60194,NIKU Oppdragsrapport 3/2016
"MULTIPOLYGON (((580104.496322381 6570795.75626006,580104.200296669 6570795.35076247,580099.992188483 6570798.09057392,580101.059352611 6570797.69322556,580101.339388586 6570797.64403006,580101.445348145 6570797.80296939,580102.60711902 6570797.06503676,580103.753752814 6570796.40278952,580104.09812138 6570796.17951758,580104.328961847 6570795.96759847,580104.496322381 6570795.75626006)))",1038,,Storgaten 51,"200076",Strete,13,Transport,Strete,2.37,0,1,1,0,0,0,,,,1187,Beta-438163,,,,"2015",NIKU,,,1020292,C60194,NIKU Oppdragsrapport 3/2016
"MULTIPOLYGON (((580183.0164 6570617.2587,580181.7621 6570618.3052,580182.2434 6570618.8156,580182.622999999 6570618.474,580182.836 6570618.84,580183.1983 6570618.4845,580183.0164 6570617.2587)))",1039,SV,"Rådhusgaten, øvre",SA7456,Veite,11,Transport,Veite,1.19,0,1,1,0,0,0,,,,1235,FTMC-WW97-1,,,,2022-2023,NIKU,,,1022282,C65327,NIKU Rapport 465a
"MULTIPOLYGON (((580184.557 6570620.23299999,580184.7009 6570620.1719,580183.3014 6570618.5961,580182.455999999 6570618.725,580182.247 6570618.81199999,580182.32 6570618.9396,580183.939 6570619.438,580183.876 6570619.76799999,580184.557 6570620.23299999)))",1040,SV,"Rådhusgaten, øvre",SA7309,Veite,11,Transport,Veite,0.91,0,1,1,0,0,0,,,,1235,FTMC-WW97-1,,,,2022-2023,NIKU,,,1022282,C65327,NIKU Rapport 465a
"MULTIPOLYGON (((580090.68370281 6570809.32581899,580091.322957488 6570810.32848557,580095.184756295 6570808.01666043,580094.567393901 6570806.92204626,580090.68370281 6570809.32581899)))",1041,NØ,Storgaten 51,K50,Dyrkningslag,52,Handel- og næringskonstruksjoner,Jordbruk,5.55,1,1,0,0,0,0,,,,1167,Beta-367441,,,,"2013",NIKU,,,1020001,,NIKU Oppdragsrapport 149/2013
"MULTIPOLYGON (((580402.429334741 6570512.77646112,580404.8749 6570510.6697,580402.682185941 6570507.74119457,580401.611281829 6570508.68072705,580399.774369634 6570510.27840799,580402.429334741 6570512.77646112)))",1042,SV,"Fjernvarmen 2009, grøft 10",K99/100,Ardspor/dyrkningslag,52,Handel- og næringskonstruksjoner,Jordbruk,12.89,1,0,0,0,0,0,,,,,,,,,"2009",NIKU,,,1563088,C57488,NIKU Oppdragsrapport 51/2010
"MULTIPOLYGON (((580401.931568775 6570512.30811379,580402.569823743 6570511.77227563,580400.617105383 6570510.13918101,580400.100465139 6570510.58523083,580401.931568775 6570512.30811379)))",1043,SV,"Fjernvarmen 2009, grøft 10",K101/K63-K75,Branngrav (?),43,Religiøse konstruksjoner,Gravplass,1.9,1,0,0,0,0,0,,,,,,,,,"2009",NIKU,,,1563088,C57488,NIKU Oppdragsrapport 51/2010
"MULTIPOLYGON (((580228.274951995 6570544.04945066,580229.139168722 6570543.04568846,580227.596986861 6570541.64659564,580226.73845263 6570542.60052256,580228.274951995 6570544.04945066)))",1044,SV,"Fjernvarmen 2009, grøft 12d",K574,Bygning,31,Sivile konstruksjoner,Bygning,2.74,0,0,1,0,0,0,,,,,,,,,"2009",NIKU,,,1563088,C57488,NIKU Oppdragsrapport 51/2010
"MULTIPOLYGON (((580225.092928685 6570547.59671483,580227.779822855 6570544.43285719,580226.364831251 6570543.36763879,580223.805127339 6570546.56329399,580225.092928685 6570547.59671483)))",1045,SV,"Fjernvarmen 2009, grøft 12d",K573,Bygning,31,Sivile konstruksjoner,Bygning,7.05,0,0,0,1,0,0,,,,,,,,,"2009",NIKU,,,1563088,C57488,NIKU Oppdragsrapport 51/2010
"MULTIPOLYGON (((580126.5241516 6570779.17857312,580127.057925417 6570779.88898467,580127.330935672 6570779.76157987,580126.771658121 6570779.00650401,580126.5241516 6570779.17857312)))",1046,,Storgaten (Tollbodgt – Møllegt),K75/K83,Gulv/trebrolegging,31,Sivile konstruksjoner,Bygning,0.27,0,0,1,1,0,0,,,,1297,UBA-2844,,,,"2014",NIKU,,,15621056,C59746,NIKU Oppdragsrapport 2/2015
"MULTIPOLYGON (((580124.776091724 6570670.40624693,580126.524921301 6570669.11491707,580123.034641175 6570664.80556488,580121.515345213 6570666.24960061,580124.776091724 6570670.40624693)))",1047,SV,Nedre Langgate 43,"K5, K9, K11, K12,
K16, K19, K26, K27, K28,
K30",Hus II - Fase 2,31,Sivile konstruksjoner,Bygning,12.06,0,0,1,0,0,0,,1250,1300,,,,,,"2008",NIKU,,,156282101,C56572,NIKU – Arkeologiske utgravninger. 2008 nr. 50
"MULTIPOLYGON (((580126.79559 6570668.60875,580125.530153502 6570667.36469201,580125.153217857 6570667.75437223,580126.247862031 6570669.18070634,580126.79559 6570668.60875)))",1048,SV,Nedre Langgate 43,"K38, 40, 41, 42,43,21,29,22,23,32",Hus III,31,Sivile konstruksjoner,Bygning,1.19,0,0,1,0,0,0,"2",1200,1250,,,,,,"2008",NIKU,,,156282101,C56572,NIKU – Arkeologiske utgravninger. 2008 nr. 50
"MULTIPOLYGON (((580391.373398834 6570559.09530722,580391.934399505 6570557.601373,580392.75586652 6570557.94182579,580394.566769539 6570558.53144751,580395.748132398 6570558.42511796,580397.102344425 6570558.17456927,580398.643246792 6570557.03539379,580399.516444574 6570555.6229252,580400.034143851 6570554.01852976,580399.888910175 6570552.08799651,580400.776788275 6570551.10295777,580401.367050105 6570550.46387419,580401.803648965 6570549.75763986,580403.532811587 6570550.07360307,580404.430507872 6570549.56873038,580405.299308302 6570548.79497094,580405.36609365 6570548.05534391,580405.489746623 6570546.09591474,580404.812142243 6570545.34224757,580403.663897113 6570544.49290821,580402.439223822 6570544.48887633,580400.91226215 6570544.88365334,580400.244192132 6570544.02439629,580399.239976147 6570543.34778861,580398.212001371 6570542.93541353,580396.838436835 6570542.81138622,580394.912675358 6570542.90377533,580392.190775769 6570544.73524462,580390.41729726 6570542.55113649,580387.64005879 6570540.27649332,580384.623194941 6570538.88559679,580383.316690735 6570538.60779808,580381.995971079 6570538.48854249,580379.134911552 6570538.49888595,580376.66556035 6570539.12571412,580374.514479796 6570539.94341511,580373.271094557 6570540.73662646,580371.408461288 6570541.89992607,580369.479408114 6570544.38881633,580368.285110528 6570546.99732757,580367.763014144 6570549.24043167,580367.688065339 6570552.42939535,580367.915138987 6570554.63359538,580369.108164347 6570557.93705221,580372.453018877 6570561.59453728,580375.402731451 6570563.1390972,580378.928381885 6570564.20320743,580381.181029504 6570564.61961477,580383.375686503 6570564.49823071,580386.751341022 6570563.68455319,580389.079668509 6570562.08392422,580390.370761787 6570560.76236537,580391.373398834 6570559.09530722)))",1049,SV,Olavskirken,12375-2,St. Olavs Kirke,41,Religiøse konstruksjoner,Kirke,667.7,0,0,1,1,1,1,,,,,,,,,,,,,,,Askeladden
"MULTIPOLYGON (((580236.466 6570688.506,580237.39 6570689.645,580238.16 6570689.879,580238.233 6570689.77,580238.317000001 6570689.67599999,580238.420999999 6570689.636,580238.531 6570689.632,580238.627000001 6570689.64899999,580238.799 6570689.714,580238.849000001 6570689.762,580238.9 6570689.86,580238.932 6570689.98799999,580238.925 6570690.092,580239.074999999 6570690.156,580240.322 6570689.191,580240.447000001 6570688.711,580240.429 6570687.473,580240.925 6570686.998,580239.196000001 6570686.15399999,580238.117 6570686.59899999,580236.466 6570688.506)))",1050,SV,"Rådhusgaten, øvre",ST1079/ST1129/ST1300/ST1077/ST1201/ST1197/SL1223/ST1219/ST1197/ST1293,Allmenning,12,Transport,Allmenning,10.76,1,1,1,0,0,0,,,,1024,FTMC-IW98-1,FTMC-IW98-2,FTMC-IT83-2,FTMC-WW97-13,2022-2023,NIKU,,,1022282,C65327,NIKU Rapport 465a
"MULTIPOLYGON (((580302.436 6570609.74799999,580302.368854265 6570609.71275776,580302.377908308 6570609.69603579,580302.466 6570609.748,580302.542 6570609.621,580302.407 6570609.531,580302.354701221 6570609.58329878,580302.332 6570609.555,580302.267908727 6570609.6597753,580302.255 6570609.653,580302.234 6570609.702,580302.239724999 6570609.70584956,580302.123823359 6570609.89532355,580301.94 6570610.052,580301.723 6570610.395,580301.766 6570610.433,580301.845 6570610.418,580301.904512368 6570610.30914832,580301.939785119 6570610.31935885,580301.951 6570610.344,580301.960558938 6570610.32537232,580301.980000001 6570610.331,580302.025 6570610.277,580301.993831445 6570610.26053359,580301.995395385 6570610.25748591,580301.999757274 6570610.25559474,580302.018 6570610.261,580302.038416668 6570610.23883333,580302.098 6570610.213,580302.31201982 6570609.81772561,580302.358 6570609.844,580302.436 6570609.74799999)),((580301.01070987 6570612.50087958,580300.896 6570612.674,580300.924933131 6570612.69183088,580300.824 6570612.936,580300.898 6570613.015,580301.013 6570612.843,580301.02345675 6570612.82515771,580301.054962263 6570612.84850216,580301.038 6570612.888,580301.122000001 6570612.931,580301.132666321 6570612.90607805,580301.169 6570612.933,580301.249306907 6570612.98772767,580301.19 6570613.011,580301.178671737 6570613.07087796,580300.993 6570613.017,580300.924 6570613.046,580300.956 6570613.099,580301.059 6570613.16,580301.114129707 6570613.17041339,580301.107 6570613.188,580301.143674501 6570613.21978457,580301.133 6570613.261,580301.159334031 6570613.23335616,580301.182 6570613.253,580301.229 6570613.18799999,580301.276 6570613.146,580301.241483556 6570613.14712066,580301.387725204 6570612.99360521,580301.396 6570613.004,580301.463000001 6570612.971,580301.468829268 6570612.93602439,580301.486 6570612.945,580301.508224046 6570612.91274059,580301.523 6570612.916,580301.669 6570612.783,580301.731144385 6570612.70130457,580301.771 6570612.685,580302.085 6570612.304,580302.593 6570611.538,580302.96 6570610.883,580303.055 6570610.714,580303.089 6570610.667,580302.756 6570611.065,580302.672456626 6570611.18704896,580302.621999653 6570611.16322206,580302.730468303 6570610.95829235,580302.761 6570610.97,580302.793709936 6570610.93500797,580302.826000001 6570610.968,580302.951999999 6570610.747,580302.912372694 6570610.72665084,580302.924 6570610.705,580302.879525043 6570610.67667962,580302.891 6570610.655,580302.910721021 6570610.61198854,580302.931 6570610.583,580302.964068968 6570610.541,580303.027 6570610.54099999,580303.13 6570610.422,580303.041953671 6570610.44208074,580303.068 6570610.409,580303.162 6570610.245,580303.218000001 6570610.09899999,580303.213 6570610.015,580303.208554572 6570610.0219764,580303.208831316 6570610.01298223,580303.259 6570609.881,580303.289 6570609.768,580303.289 6570609.72815385,580303.293 6570609.721,580303.289 6570609.71901538,580303.289 6570609.70773809,580303.299 6570609.715,580303.33 6570609.611,580303.388 6570609.46,580303.404 6570609.38,580303.307 6570609.358,580303.295081527 6570609.38002327,580303.210238136 6570609.44095625,580303.178 6570609.425,580303.171092798 6570609.43781174,580303.143 6570609.426,580303.109 6570609.477,580303.137217261 6570609.49339851,580303.096 6570609.523,580303.116974264 6570609.53819289,580303.116000001 6570609.53999999,580303.120814033 6570609.54097426,580303.149449269 6570609.56171646,580303.142941341 6570609.57275164,580303.068 6570609.495,580303.023 6570609.557,580303.021222556 6570609.5768058,580302.905636308 6570609.54419627,580303.042 6570609.293,580303.212 6570608.99,580303.08 6570608.96799999,580302.801039755 6570609.51468719,580302.671 6570609.478,580302.610065064 6570609.46713768,580302.569 6570609.402,580302.478 6570609.44,580302.4825273 6570609.44440269,580302.441 6570609.437,580302.41 6570609.493,580302.733 6570609.602,580302.754749557 6570609.60540355,580302.633 6570609.844,580302.272 6570610.61,580302.443 6570610.46,580302.738 6570609.853,580302.863196805 6570609.62237431,580302.995 6570609.643,580303.007436989 6570609.61958919,580303.000105228 6570609.66632917,580302.995 6570609.673,580302.951 6570609.746,580302.872 6570609.87,580302.911758218 6570609.88970002,580302.614903094 6570610.28715261,580302.577 6570610.277,580302.582 6570610.326,580302.518 6570610.345,580302.516 6570610.356,580302.558 6570610.404,580302.584858004 6570610.36389204,580302.6 6570610.36499999,580302.647 6570610.308,580302.697229604 6570610.34161519,580302.598707543 6570610.51163612,580302.466 6570610.445,580302.402 6570610.51899999,580302.410871915 6570610.52476501,580302.349000001 6570610.617,580302.470376818 6570610.66789995,580302.452 6570610.693,580302.456107148 6570610.73481823,580302.42632459 6570610.78037845,580302.404 6570610.774,580302.395947523 6570610.7830915,580302.293 6570610.685,580301.944 6570611.173,580301.79258434 6570611.57788437,580301.702 6570611.558,580301.672 6570611.682,580301.562 6570611.688,580301.535 6570611.719,580301.72036694 6570611.77099317,580301.672191244 6570611.89981462,580301.67 6570611.898,580301.492 6570611.785,580301.3 6570611.997,580301.454 6570612.151,580301.529 6570612.165,580301.632 6570612.146,580301.663071149 6570612.12758747,580301.731629859 6570612.198105,580301.683821992 6570612.28830251,580301.657810955 6570612.27154693,580301.652286552 6570612.26798827,580301.655 6570612.23,580301.588000001 6570612.212,580301.580832443 6570612.22254537,580301.434102769 6570612.15516307,580301.433 6570612.14,580301.415799066 6570612.14675751,580301.351 6570612.117,580301.224 6570612.089,580301.125 6570612.266,580301.1313 6570612.27569999,580301.098 6570612.334,580301.1974 6570612.3778,580301.219550765 6570612.41205057,580301.20892543 6570612.44045424,580301.201 6570612.428,580301.12857834 6570612.43890687,580301.059 6570612.428,580301.043259134 6570612.45175615,580301.035 6570612.453,580301.01070987 6570612.50087958),(580303.017483419 6570609.61847047,580303.009180391 6570609.6163075,580303.019404719 6570609.5970617,580303.017483419 6570609.61847047),(580303.246159527 6570609.67662775,580303.199 6570609.652,580303.126780919 6570609.60889248,580303.135468228 6570609.59624478,580303.246159527 6570609.67662775),(580301.19844364 6570612.75238883,580301.207000001 6570612.753,580301.21074675 6570612.74336968,580301.237145547 6570612.78653528,580301.193023639 6570612.76505271,580301.19844364 6570612.75238883),(580301.263857026 6570612.79954087,580301.295268364 6570612.71040059,580301.30850782 6570612.81896412,580301.306934743 6570612.82051504,580301.263857026 6570612.79954087),(580302.577495919 6570611.32577756,580302.520949324 6570611.31110135,580302.533483194 6570611.28603361,580302.580849732 6570611.32087796,580302.577495919 6570611.32577756),(580302.419871888 6570611.51898609,580302.426756967 6570611.50473558,580302.445307396 6570611.51889248,580302.436135095 6570611.53229235,580302.419871888 6570611.51898609),(580302.344296888 6570611.65526745,580302.350075899 6570611.65801669,580302.349147256 6570611.65937334,580302.343194387 6570611.65677573,580302.344296888 6570611.65526745),(580301.338139167 6570612.59717976,580301.335036302 6570612.59763108,580301.34587622 6570612.56709864,580301.352027969 6570612.5692957,580301.35847361 6570612.57159771,580301.338139167 6570612.59717976),(580301.51 6570612.634,580301.512373913 6570612.5983913,580301.59049673 6570612.60479481,580301.515312837 6570612.68084956,580301.51 6570612.634),(580303.081445039 6570610.09430914,580303.088000001 6570610.085,580303.128798476 6570610.02283089,580303.15273349 6570610.03353866,580303.081445039 6570610.09430914),(580303.150696915 6570610.11277492,580303.111176568 6570610.1747959,580303.112 6570610.173,580303.112905969 6570610.16076942,580303.150696915 6570610.11277492),(580301.741858573 6570611.94477718,580301.736206433 6570611.9528272,580301.680183224 6570611.90643298,580301.741508141 6570611.92935818,580301.741858573 6570611.94477718),(580301.833821158 6570612.06704311,580301.842 6570612.051,580301.847505909 6570612.02016691,580301.867518777 6570612.07232166,580301.865837716 6570612.07597796,580301.833821158 6570612.06704311),(580302.37126155 6570611.20447218,580302.415481456 6570611.22025109,580302.400495072 6570611.24477668,580302.371067802 6570611.23823729,580302.356226681 6570611.22819627,580302.37126155 6570611.20447218),(580302.533 6570610.946,580302.561206125 6570610.89356044,580302.569778775 6570610.87877443,580302.608003394 6570610.90518416,580302.510158464 6570611.06530982,580302.47810059 6570611.03588684,580302.485 6570611.025,580302.520165992 6570610.96434605,580302.533 6570610.946),(580302.793593329 6570610.550127,580302.766477211 6570610.60469401,580302.751790724 6570610.59534207,580302.768 6570610.577,580302.793593329 6570610.550127),(580302.648555645 6570610.74290087,580302.675630151 6570610.69620304,580302.710402085 6570610.71753654,580302.685349948 6570610.7679501,580302.648555645 6570610.74290087),(580302.227697614 6570611.43697104,580302.227006233 6570611.43731199,580302.227370447 6570611.43670577,580302.227652754 6570611.43693467,580302.227697614 6570611.43697104),(580302.146 6570611.593,580302.133271732 6570611.5933306,580302.139697293 6570611.58263543,580302.175066826 6570611.60416994,580302.174691276 6570611.60447651,580302.146 6570611.593)),((580301.048000001 6570612.034,580300.986 6570612.195,580300.9778 6570612.3186,580301.0404 6570612.354,580301.095 6570612.195,580301.132 6570612.074,580301.048000001 6570612.034)),((580300.6568 6570612.27789999,580300.761 6570612.112,580300.269 6570612.228,580300.482 6570612.519,580300.6568 6570612.27789999)),((580301.737 6570610.836,580301.583882035 6570611.05769227,580301.574 6570611.036,580301.334 6570611.169,580301.319 6570611.247,580301.402 6570611.248,580301.615 6570611.126,580301.600479871 6570611.09412654,580301.713000001 6570610.978,580301.794 6570610.862,580301.737 6570610.836)),((580301.299 6570610.982,580301.435892231 6570610.92389466,580301.508 6570610.926,580301.532 6570610.843,580301.388 6570610.847,580301.371159088 6570610.92129814,580301.262 6570610.96,580301.299 6570610.982)),((580301.293 6570611.159,580301.331 6570611.125,580301.224 6570611.002,580301.198 6570611.034,580301.293 6570611.159)),((580301.587479857 6570610.7480187,580301.656 6570610.773,580301.678403289 6570610.77491247,580301.63 6570610.789,580301.603 6570610.819,580301.705 6570610.808,580301.803 6570610.823,580301.764 6570610.75,580301.743872368 6570610.75585804,580301.756 6570610.706,580301.628 6570610.656,580301.587190617 6570610.70521131,580301.587 6570610.677,580301.509 6570610.679,580301.451000001 6570610.844,580301.588 6570610.825,580301.587479857 6570610.7480187)),((580301.825 6570610.614,580301.741000001 6570610.524,580301.685 6570610.577,580301.825 6570610.614)),((580302.71 6570609.2402,580302.573 6570609.203,580302.571 6570609.284,580302.71 6570609.2402)),((580302.694 6570609.091,580302.823 6570609.165,580302.923 6570609.158,580302.943 6570609.08,580302.76 6570608.97,580302.694 6570609.091)),((580302.76 6570610.057,580302.685 6570610.033,580302.654 6570610.114,580302.69 6570610.182,580302.76 6570610.057)),((580301.927 6570610.995,580301.784 6570611.175,580301.761 6570611.26,580301.855000001 6570611.17699999,580301.962 6570611.012,580301.927 6570610.995)))",1051,,Prestegaten,SA21739/SA21877/SA22056/SA22346/SA22516/SA22707,Strete,13,Transport,Strete,6.953483,0,0,1,1,1,1,1–6,,,,,,,,"2025",NIKU,2658,,1022557,,
